Office,Precinct,Early Ballots Cast,Election Ballots Cast,Total Ballots Cast,Registered Voters,Percent Turnout,REP Jim Leitner,DEM Vince Ryan,Totals
County Attorney,0001,1416,496,1912,2682,71.29%,641,1142,1783
County Attorney,0002,1000,370,1370,2099,65.27%,543,727,1270
County Attorney,0003,875,336,1211,1625,74.52%,410,734,1144
County Attorney,0004,954,369,1323,1709,77.41%,422,820,1242
County Attorney,0005,759,380,1139,1470,77.48%,380,696,1076
County Attorney,0006,1840,628,2468,4084,60.43%,1150,1207,2357
County Attorney,0007,430,125,555,1002,55.39%,16,524,540
County Attorney,0008,889,351,1240,1848,67.10%,547,640,1187
County Attorney,0009,658,312,970,1861,52.12%,215,689,904
County Attorney,0010,701,232,933,1830,50.98%,174,678,852
County Attorney,0011,617,258,875,1748,50.06%,151,658,809
County Attorney,0012,230,65,295,731,40.36%,143,136,279
County Attorney,0013,1230,382,1612,2751,58.60%,1014,524,1538
County Attorney,0014,989,429,1418,1924,73.70%,632,718,1350
County Attorney,0015,1489,849,2338,2852,81.98%,1207,993,2200
County Attorney,0016,676,189,865,1284,67.37%,383,440,823
County Attorney,0017,451,293,744,1198,62.10%,277,417,694
County Attorney,0018,743,367,1110,1456,76.24%,469,589,1058
County Attorney,0019,547,293,940,1288,72.98%,292,592,884
County Attorney,0020,1007,335,1342,2780,48.27%,401,855,1256
County Attorney,0021,539,207,746,1229,60.70%,154,556,710
County Attorney,0022,935,419,1354,2501,54.14%,206,1098,1304
County Attorney,0023,132,74,206,551,37.39%,33,164,197
County Attorney,0024,292,36,328,712,46.07%,56,258,314
County Attorney,0025,239,292,531,1105,48.05%,22,491,513
County Attorney,0026,834,313,1147,1969,58.25%,220,849,1069
County Attorney,0027,1391,508,1899,3271,58.06%,367,1402,1769
County Attorney,0028,1513,446,1959,3307,59.24%,1071,821,1892
County Attorney,0029,548,490,1138,2722,41.81%,317,755,1072
County Attorney,0030,1285,546,1831,2818,64.98%,509,1203,1712
County Attorney,0031,784,453,1237,2656,46.57%,33,1152,1185
County Attorney,0032,1245,504,1749,2728,64.11%,712,921,1633
County Attorney,0033,2072,554,2525,3907,67.21%,900,1532,2432
County Attorney,0034,1511,517,2128,3044,69.91%,437,1590,2027
Office,Precinct,Early Ballots Cast,Election Ballots Cast,Total Ballots Cast,Registered Voters,Percent Turnout,REP Jim Leitner,DEM Vince Ryan,Totals
County Attorney,0035,5,0,5,14,35.71%,3,2,5
County Attorney,0036,1032,516,1548,3100,49.94%,313,1157,1470
County Attorney,0037,1521,409,1930,2467,78.23%,614,1190,1804
County Attorney,0038,1876,436,2312,3081,75.04%,697,1489,2186
County Attorney,0039,1703,492,2195,3070,71.50%,529,1525,2054
County Attorney,0040,275,107,382,527,72.49%,142,218,360
County Attorney,0041,712,264,976,1518,64.30%,389,542,931
County Attorney,0042,438,109,547,1062,51.51%,15,520,535
County Attorney,0043,815,300,1115,1972,56.54%,437,615,1052
County Attorney,0044,726,310,1036,2126,48.73%,199,750,949
County Attorney,0045,2263,1021,3284,5740,57.21%,594,2528,3122
County Attorney,0046,875,341,1216,2568,47.35%,176,967,1143
County Attorney,0047,505,268,773,1618,47.78%,42,711,753
County Attorney,0048,348,168,516,967,53.36%,49,436,485
County Attorney,0049,1546,731,2277,3709,61.39%,1460,726,2186
County Attorney,0050,1836,680,2516,4314,58.32%,1171,1256,2427
County Attorney,0051,828,271,1099,1734,63.38%,783,274,1057
County Attorney,0052,1400,456,1856,2581,71.91%,804,936,1740
County Attorney,0053,1675,613,2288,3083,74.21%,878,1250,2128
County Attorney,0054,1052,211,1263,1619,78.01%,564,619,1183
County Attorney,0055,1262,410,1672,2094,79.85%,667,883,1550
County Attorney,0056,698,283,981,1393,70.42%,545,390,935
County Attorney,0057,2043,567,2610,3325,78.50%,947,1488,2435
County Attorney,0058,1716,484,2200,3031,72.58%,924,1139,2063
County Attorney,0059,1589,439,2028,2671,75.93%,789,1142,1931
County Attorney,0060,1473,537,2010,2766,72.67%,481,1404,1885
County Attorney,0061,519,423,942,1847,51.00%,227,658,885
County Attorney,0062,689,452,1141,2195,51.98%,192,871,1063
County Attorney,0063,767,391,1158,1903,60.85%,891,223,1114
County Attorney,0064,678,368,1046,2220,47.12%,181,794,975
County Attorney,0065,638,435,1073,2178,49.27%,159,859,1018
County Attorney,0066,247,255,502,1135,44.23%,81,385,466
County Attorney,0067,942,521,1463,3019,48.46%,259,1097,1356
County Attorney,0068,1171,430,1601,3096,51.71%,39,1502,1541
Office,Precinct,Early Ballots Cast,Election Ballots Cast,Total Ballots Cast,Registered Voters,Percent Turnout,REP Jim Leitner,DEM Vince Ryan,Totals
County Attorney,0069,375,222,597,1309,45.61%,91,451,542
County Attorney,0070,2288,670,2958,3815,77.54%,1537,1258,2795
County Attorney,0071,2703,947,3650,5016,72.77%,1690,1740,3430
County Attorney,0072,736,418,1154,2029,56.88%,257,828,1085
County Attorney,0073,813,282,1095,1621,67.55%,524,509,1033
County Attorney,0074,2503,268,2771,3578,77.45%,1995,671,2666
County Attorney,0075,1000,286,1286,1684,76.37%,523,680,1203
County Attorney,0076,1015,427,1442,2441,59.07%,649,716,1365
County Attorney,0077,2,5,7,17,41.18%,1,6,7
County Attorney,0078,618,254,872,1608,54.23%,210,602,812
County Attorney,0079,831,602,1433,2963,48.36%,230,1092,1322
County Attorney,0080,1174,466,1640,2840,57.75%,338,1219,1557
County Attorney,0081,776,273,1049,1964,53.41%,286,708,994
County Attorney,0082,1585,756,2341,3539,66.15%,1632,617,2249
County Attorney,0083,1829,540,2369,4174,56.76%,847,1431,2278
County Attorney,0084,573,257,830,1421,58.41%,560,241,801
County Attorney,0085,587,329,916,2169,42.23%,35,846,881
County Attorney,0086,2032,493,2525,3449,73.21%,1102,1279,2381
County Attorney,0087,1451,719,2170,2839,76.44%,1199,863,2062
County Attorney,0088,338,141,479,784,61.10%,304,153,457
County Attorney,0089,398,424,822,1094,75.14%,398,375,773
County Attorney,0090,1856,890,2746,3883,70.72%,1952,680,2632
County Attorney,0091,673,339,1012,1724,58.70%,535,414,949
County Attorney,0092,1263,474,1737,2260,76.86%,1067,579,1646
County Attorney,0093,1048,619,1667,3536,47.14%,452,1133,1585
County Attorney,0094,202,63,265,580,45.69%,43,211,254
County Attorney,0095,2022,534,2556,3394,75.31%,1559,897,2456
County Attorney,0096,828,306,1134,2060,55.05%,147,944,1091
County Attorney,0097,2511,467,2978,4414,67.47%,2162,685,2847
County Attorney,0098,1385,594,1979,3161,62.61%,1580,329,1909
County Attorney,0099,681,295,976,2192,44.53%,388,544,932
County Attorney,0100,529,276,805,1825,44.11%,308,465,773
County Attorney,0101,221,129,350,988,35.43%,81,257,338
County Attorney,0102,580,227,807,1907,42.32%,199,566,765
Office,Precinct,Early Ballots Cast,Election Ballots Cast,Total Ballots Cast,Registered Voters,Percent Turnout,REP Jim Leitner,DEM Vince Ryan,Totals
County Attorney,0103,2140,985,3125,5097,61.31%,1457,1565,3022
County Attorney,0104,913,211,1124,1920,58.54%,24,1067,1091
County Attorney,0105,709,433,1142,2304,49.57%,261,804,1065
County Attorney,0106,73,59,132,299,44.15%,43,87,130
County Attorney,0107,592,403,995,2230,44.62%,144,806,950
County Attorney,0108,1461,448,1909,3674,51.96%,887,914,1801
County Attorney,0109,1098,278,1376,2909,47.30%,31,1301,1332
County Attorney,0110,1661,481,2142,3222,66.48%,1183,883,2066
County Attorney,0111,2699,866,3565,4792,74.39%,2419,992,3411
County Attorney,0112,1507,598,2105,3188,66.03%,1342,669,2011
County Attorney,0113,1307,418,1725,2718,63.47%,849,812,1661
County Attorney,0114,2290,506,2796,3885,71.97%,1993,698,2691
County Attorney,0115,609,272,881,1843,47.80%,75,768,843
County Attorney,0116,1898,599,2497,3194,78.18%,1777,624,2401
County Attorney,0117,573,379,952,1900,50.11%,312,585,897
County Attorney,0118,1823,530,2353,3181,73.97%,1183,1076,2259
County Attorney,0119,2755,409,3164,4682,67.58%,2393,648,3041
County Attorney,0120,1804,588,2392,3732,64.09%,1361,922,2283
County Attorney,0121,354,221,575,966,59.52%,346,213,559
County Attorney,0122,732,284,1016,1904,53.36%,42,941,983
County Attorney,0123,749,287,1036,1585,65.36%,247,739,986
County Attorney,0124,3136,888,4024,5393,74.62%,3077,831,3908
County Attorney,0125,1207,400,1607,2593,61.97%,822,718,1540
County Attorney,0126,2017,427,2444,3380,72.31%,2016,331,2347
County Attorney,0127,978,214,1192,2091,57.01%,818,316,1134
County Attorney,0128,1107,612,1719,2322,74.03%,943,663,1606
County Attorney,0129,2540,1052,3592,5172,69.45%,1944,1481,3425
County Attorney,0130,1310,433,1743,2289,76.15%,1178,498,1676
County Attorney,0131,798,371,1169,2147,54.45%,229,909,1138
County Attorney,0132,1028,322,1350,2378,56.77%,39,1283,1322
County Attorney,0133,1411,746,2157,2690,80.19%,1078,954,2032
County Attorney,0134,593,345,938,1513,62.00%,348,532,880
County Attorney,0135,1614,551,2165,2777,77.96%,1279,772,2051
County Attorney,0136,982,352,1334,2116,63.04%,76,1210,1286
Office,Precinct,Early Ballots Cast,Election Ballots Cast,Total Ballots Cast,Registered Voters,Percent Turnout,REP Jim Leitner,DEM Vince Ryan,Totals
County Attorney,0137,993,259,1252,1986,63.04%,817,382,1199
County Attorney,0138,600,228,828,1723,48.06%,34,771,805
County Attorney,0139,1939,601,2540,3435,73.94%,1072,1308,2380
County Attorney,0140,1513,510,2023,3270,61.87%,297,1622,1919
County Attorney,0141,217,153,370,904,40.93%,191,153,344
County Attorney,0142,293,140,433,933,46.41%,81,321,402
County Attorney,0143,1868,267,2135,2582,82.69%,1365,706,2071
County Attorney,0144,442,125,567,1086,52.21%,16,530,546
County Attorney,0145,560,256,816,1564,52.17%,16,773,789
County Attorney,0146,1000,494,1494,2073,72.07%,577,847,1424
County Attorney,0147,1411,354,1765,3211,54.97%,208,1503,1711
County Attorney,0148,1265,652,1917,2571,74.56%,662,1144,1806
County Attorney,0149,2938,573,3511,4756,73.82%,1864,1522,3386
County Attorney,0150,582,223,805,1574,51.14%,32,746,778
County Attorney,0151,282,107,389,826,47.09%,13,359,372
County Attorney,0152,838,524,1362,3059,44.52%,249,1035,1284
County Attorney,0153,544,399,943,1873,50.35%,203,693,896
County Attorney,0154,913,289,1202,2293,52.42%,221,894,1115
County Attorney,0155,2275,576,2851,4065,70.14%,1727,992,2719
County Attorney,0156,1413,403,1816,3223,56.35%,76,1673,1749
County Attorney,0157,880,278,1158,2265,51.13%,56,1071,1127
County Attorney,0158,1143,365,1508,3049,49.46%,37,1434,1471
County Attorney,0159,348,147,495,997,49.65%,76,401,477
County Attorney,0160,286,67,353,717,49.23%,11,330,341
County Attorney,0161,378,173,551,992,55.54%,15,515,530
County Attorney,0162,364,267,631,1312,48.09%,146,439,585
County Attorney,0163,1080,524,1604,3075,52.16%,412,1030,1442
County Attorney,0164,441,258,699,1407,49.68%,23,651,674
County Attorney,0165,1169,469,1638,2460,66.59%,885,662,1547
County Attorney,0166,562,261,823,1171,70.28%,257,517,774
County Attorney,0167,5,2,7,24,29.17%,0,7,7
County Attorney,0168,196,59,255,512,49.80%,5,245,250
County Attorney,0169,985,247,1232,2548,48.35%,37,1157,1194
County Attorney,0170,663,262,925,1958,47.24%,400,460,860
Office,Precinct,Early Ballots Cast,Election Ballots Cast,Total Ballots Cast,Registered Voters,Percent Turnout,REP Jim Leitner,DEM Vince Ryan,Totals
County Attorney,0171,482,283,765,1648,46.42%,33,698,731
County Attorney,0172,245,103,348,661,52.65%,82,250,332
County Attorney,0173,2259,683,2942,3966,74.18%,2128,693,2821
County Attorney,0174,171,5,707,2423,3389,71.50%,1523,774,2297
County Attorney,0175,1402,691,2093,2711,77.20%,907,1079,1986
County Attorney,0176,767,375,1142,1533,74.49%,482,593,1075
County Attorney,0177,937,333,1270,1715,74.05%,603,577,1180
County Attorney,0178,1116,273,1389,1795,77.38%,823,483,1306
County Attorney,0179,771,244,1015,1673,60.67%,448,502,950
County Attorney,0180,928,463,1391,2914,47.74%,47,1289,1336
County Attorney,0181,697,439,1136,2195,51.75%,236,843,1079
County Attorney,0182,1943,994,2937,4071,72.14%,1414,1324,2738
County Attorney,0183,1286,715,2001,2535,78.93%,1115,772,1887
County Attorney,0184,278,219,497,1048,47.42%,118,348,466
County Attorney,0185,709,444,1153,2054,56.13%,271,822,1093
County Attorney,0186,252,150,402,798,50.38%,30,353,383
County Attorney,0187,95,51,147,309,47.57%,24,110,134
County Attorney,0188,499,306,805,1711,47.05%,239,529,768
County Attorney,0189,804,279,1083,1505,71.96%,566,467,1033
County Attorney,0190,571,326,897,1849,48.51%,245,602,847
County Attorney,0191,327,259,586,1408,41.62%,167,393,560
County Attorney,0192,757,259,1016,1959,51.86%,55,922,977
County Attorney,0193,375,211,586,1099,53.32%,18,542,560
County Attorney,0194,1138,449,1587,2172,73.07%,393,1099,1492
County Attorney,0195,606,344,950,1739,54.63%,48,855,903
County Attorney,0196,132,37,169,313,53.99%,12,148,160
County Attorney,0197,995,372,1368,2969,46.08%,34,1289,1323
County Attorney,0198,161,82,243,619,39.26%,9,223,232
County Attorney,0199,1929,815,2744,4063,67.54%,1996,634,2630
County Attorney,0200,2307,377,2684,3692,72.70%,1113,1434,2547
County Attorney,0201,221,105,326,773,42.17%,14,305,319
County Attorney,0202,421,233,654,1410,46.38%,23,602,625
County Attorney,0203,298,111,409,988,41.40%,57,325,382
County Attorney,0204,2099,577,2676,3568,75.00%,1318,1182,2500
Office,Precinct,Early Ballots Cast,Election Ballots Cast,Total Ballots Cast,Registered Voters,Percent Turnout,REP Jim Leitner,DEM Vince Ryan,Totals
County Attorney,0205,771,171,942,1724,54.64%,20,899,919
County Attorney,0206,1277,494,1771,2965,59.73%,482,1173,1655
County Attorney,0207,605,212,817,1166,70.07%,237,533,770
County Attorney,0208,909,338,1247,2256,55.27%,276,891,1167
County Attorney,0209,0,0,0,0,0.00%,0,0,0
County Attorney,0210,1259,489,1748,2781,62.86%,256,1417,1673
County Attorney,0211,964,595,1559,3130,49.81%,401,1053,1454
County Attorney,0212,309,323,632,1370,46.13%,99,496,595
County Attorney,0213,1782,795,2577,3406,75.66%,1867,613,2480
County Attorney,0214,1016,418,1434,1911,75.04%,760,581,1341
County Attorney,0215,1096,636,1732,2286,75.77%,881,766,1647
County Attorney,0216,778,244,1022,1966,51.98%,54,926,980
County Attorney,0217,1545,618,2163,2736,79.06%,1193,866,2059
County Attorney,0218,1099,457,1555,2467,63.07%,351,1091,1442
County Attorney,0219,1117,515,1632,2868,56.90%,135,1418,1553
County Attorney,0220,832,306,1138,2362,48.18%,688,387,1075
County Attorney,0221,1032,473,1505,2598,57.93%,459,962,1421
County Attorney,0222,1460,671,2131,2728,78.12%,837,1161,1998
County Attorney,0223,1750,517,2267,3664,61.87%,543,1578,2121
County Attorney,0224,1155,495,1551,2313,71.81%,658,905,1563
County Attorney,0225,1353,596,1949,3689,52.83%,793,1075,1868
County Attorney,0226,840,421,1261,2554,49.37%,225,976,1201
County Attorney,0227,1071,359,1430,1810,79.01%,938,426,1364
County Attorney,0228,625,159,784,1175,66.72%,47,724,771
County Attorney,0229,227,168,395,828,47.71%,99,273,372
County Attorney,0230,353,155,518,1094,47.35%,24,477,501
County Attorney,0231,801,445,1246,2376,52.44%,241,946,1187
County Attorney,0232,941,438,1379,1826,75.52%,660,657,1317
County Attorney,0233,2571,703,3274,4713,69.47%,1378,1701,3079
County Attorney,0234,2419,728,3147,4042,77.86%,2132,877,3009
County Attorney,0235,461,203,664,1421,46.73%,22,615,637
County Attorney,0236,555,308,964,2104,45.82%,42,892,934
County Attorney,0237,739,312,1051,2146,48.97%,24,998,1022
County Attorney,0238,606,317,923,1948,47.38%,25,863,888
Office,Precinct,Early Ballots Cast,Election Ballots Cast,Total Ballots Cast,Registered Voters,Percent Turnout,REP Jim Leitner,DEM Vince Ryan,Totals
County Attorney,0239,694,334,1028,1984,51.81,%,32,974,1006
County Attorney,0240,1007,292,1299,2601,49.94%,26,1237,1263
County Attorney,0241,651,383,1034,2466,41.93%,307,689,996
County Attorney,0242,506,314,820,1744,47.02%,341,420,761
County Attorney,0243,244,42,286,475,60.21%,5,278,283
County Attorney,0244,1409,538,1947,3296,59.07%,904,960,1864
County Attorney,0245,2100,811,2911,4679,62.21%,1769,1002,2771
County Attorney,0246,2209,482,2691,3971,67.77%,1633,974,2607
County Attorney,0247,440,376,816,1595,51.16%,22,775,797
County Attorney,0248,453,347,800,2147,37.26%,167,592,759
County Attorney,0249,1124,365,1489,2825,52.71%,902,546,1448
County Attorney,0250,288,183,471,925,50.92%,20,440,460
County Attorney,0251,806,378,1184,2132,55.53%,68,1076,1144
County Attorney,0252,925,309,1235,2292,53.88%,25,1179,1204
County Attorney,0253,759,311,1070,2154,49.68%,30,1021,1051
County Attorney,0254,411,280,691,1675,41.25%,131,519,650
County Attorney,0255,1253,586,1839,2489,73.89%,720,1010,1730
County Attorney,0256,1398,583,1981,3321,59.65%,627,1241,1868
County Attorney,0257,997,622,1619,3497,46.30%,339,1209,1548
County Attorney,0258,1948,608,2556,3346,76.39%,1724,719,2443
County Attorney,0259,1030,414,1444,2312,62.46%,36,1373,1409
County Attorney,0260,547,227,774,1300,59.54%,363,371,734
County Attorney,0261,442,531,973,1457,66.78%,246,668,914
County Attorney,0262,1847,676,2523,4397,57.38%,1290,1096,2386
County Attorney,0263,2208,665,2873,4016,71.54%,1970,777,2747
County Attorney,0264,1110,627,1737,3101,56.01%,828,820,1648
County Attorney,0265,1991,608,2599,3582,72.56%,1704,759,2463
County Attorney,0266,737,443,1180,2147,54.96%,403,711,1114
County Attorney,0267,421,293,714,1433,49.83%,238,437,675
County Attorney,0268,1174,689,1863,2528,73.69%,931,805,1736
County Attorney,0269,1305,365,1670,2114,79.00%,1157,432,1589
County Attorney,0270,1816,688,2504,3985,62.84%,1173,1216,2389
County Attorney,0271,1150,346,1496,2558,58.48%,36,1432,1468
County Attorney,0272,870,415,1285,2334,55.06%,425,793,1218
Office,Precinct,Early Ballots Cast,Election Ballots Cast,Total Ballots Cast,Registered Voters,Percent Turnout,REP Jim Leitner,DEM Vince Ryan,Totals
County Attorney,0273,1175,647,1822,2485,73.32%,1344,406,1750
County Attorney,0274,1251,311,1572,2223,70.72%,911,572,1483
County Attorney,0275,585,334,919,2059,44.63%,134,749,883
County Attorney,0276,1027,255,1282,2458,52.16%,22,1229,1251
County Attorney,0277,573,338,911,1898,48.00%,301,579,880
County Attorney,0278,1059,469,1528,2602,58.72%,625,828,1453
County Attorney,0279,789,314,1103,2073,53.21%,601,454,1055
County Attorney,0280,444,362,806,1656,48.67%,205,552,757
County Attorney,0281,1287,590,1877,2507,74.87%,764,998,1762
County Attorney,0282,773,604,1377,2144,64.23%,731,586,1317
County Attorney,0283,2351,1143,3494,6365,54.89%,454,2918,3372
County Attorney,0284,1585,574,2159,4079,52.93%,676,1370,2046
County Attorney,0285,1077,431,1508,2680,56.27%,107,1353,1460
County Attorney,0286,1708,545,2253,3757,59.97%,170,2006,2176
County Attorney,0287,851,408,1259,1658,75.93%,545,648,1193
County Attorney,0288,881,314,1195,2208,54.12%,28,1139,1167
County Attorney,0289,481,352,833,1584,52.59%,287,490,777
County Attorney,0290,705,332,1037,1623,63.89%,731,273,1004
County Attorney,0291,503,233,836,1218,68.64%,334,464,798
County Attorney,0292,549,178,727,1379,52.72%,84,616,700
County Attorney,0293,778,475,1253,1811,69.19%,467,712,1179
County Attorney,0294,852,198,1050,2054,51.12%,14,1015,1029
County Attorney,0295,270,111,381,894,42.62%,8,363,371
County Attorney,0296,701,385,1086,1705,63.70%,518,500,1018
County Attorney,0297,729,341,1070,2055,52.07%,347,666,1013
County Attorney,0298,1095,387,1482,2236,66.28%,695,724,1419
County Attorney,0299,499,236,735,1506,48.80%,213,479,692
County Attorney,0300,3385,728,4113,5480,75.05%,3019,926,3945
County Attorney,0301,737,392,1129,2337,48.31%,361,709,1070
County Attorney,0302,1197,591,1788,3277,54.56%,871,846,1717
County Attorney,0303,1896,692,2588,3375,76.68%,1839,644,2483
County Attorney,0304,1190,474,1664,2326,71.54%,835,734,1569
County Attorney,0305,2154,645,2799,4838,57.85%,859,1822,2681
County Attorney,0306,1095,299,1395,1896,73.58%,907,414,1321
Office,Precinct,Early Ballots Cast,Election Ballots Cast,Total Ballots Cast,Registered Voters,Percent Turnout,REP Jim Leitner,DEM Vince Ryan,Totals
County Attorney,0307,1456,801,2257,3270,69.02%,1421,718,2139
County Attorney,0308,526,225,751,1457,51.54%,164,537,701
County Attorney,0309,2160,591,2751,3495,78.71%,1988,636,2624
County Attorney,0310,709,326,1035,1464,70.70%,595,378,973
County Attorney,0311,930,643,1573,3222,48.82%,673,804,1477
County Attorney,0312,1705,552,2257,3724,60.61%,1097,1047,2144
County Attorney,0313,23,8,31,61,50.82%,15,11,26
County Attorney,0314,2997,817,3814,5606,68.03%,2097,1594,3691
County Attorney,0315,801,353,1154,1636,70.54%,574,528,1102
County Attorney,0316,739,340,1079,1513,71.32%,505,515,1020
County Attorney,0317,593,252,845,1661,50.87%,201,599,800
County Attorney,0318,1726,529,2255,3776,59.72%,118,2061,2179
County Attorney,0319,994,271,1265,2199,57.53%,66,1163,1229
County Attorney,0320,554,238,792,1570,50.45%,264,486,750
County Attorney,0321,867,363,1230,2483,49.54%,325,814,1139
County Attorney,0322,426,124,550,1210,45.45%,152,383,535
County Attorney,0323,700,296,996,1793,55.55%,347,603,950
County Attorney,0324,1444,560,2004,2607,76.87%,1158,754,1912
County Attorney,0325,802,257,1059,2176,48.67%,174,829,1003
County Attorney,0326,271,129,400,736,54.35%,141,230,371
County Attorney,0327,738,141,879,1758,50.00%,17,832,849
County Attorney,0328,425,286,711,1631,43.59%,200,472,672
County Attorney,0329,589,260,849,1621,52.38%,237,569,806
County Attorney,0330,863,326,1189,2146,55.41%,499,625,1124
County Attorney,0331,884,234,1118,1612,69.35%,683,378,1061
County Attorney,0332,1355,503,1858,2926,63.50%,177,1610,1787
County Attorney,0333,1385,942,2327,3296,70.60%,1595,619,2214
County Attorney,0334,246,104,350,786,44.53%,51,283,334
County Attorney,0335,489,293,782,1679,46.58%,188,545,733
County Attorney,0336,2489,689,3178,4771,66.61%,300,2792,3092
County Attorney,0337,367,155,522,1108,47.11%,60,431,491
County Attorney,0338,1626,632,2258,5001,45.15%,570,1580,2150
County Attorney,0339,704,303,1007,1909,52.75%,178,764,942
County Attorney,0340,2040,654,2694,4012,67.15%,1848,719,2567
Office,Precinct,Early Ballots Cast,Election Ballots Cast,Total Ballots Cast,Registered Voters,Percent Turnout,REP Jim Leitner,DEM Vince Ryan,Totals
County Attorney,0341,380,278,658,1372,47.96%,144,480,624
County Attorney,0342,311,225,536,1092,49.08%,109,402,511
County Attorney,0343,722,370,1092,2099,52.02%,195,834,1029
County Attorney,0344,381,207,588,1225,48.00%,18,540,558
County Attorney,0345,575,349,924,1945,47.51%,174,692,866
County Attorney,0346,1,0,1,1,100.00%,0,0,0
County Attorney,0347,1461,618,2079,3614,57.53%,1143,851,1994
County Attorney,0348,830,242,1072,1796,59.69%,703,326,1029
County Attorney,0349,458,369,827,1372,60.28%,478,326,804
County Attorney,0350,1674,582,2256,3269,69.01%,732,1364,2096
County Attorney,0351,2855,570,3425,4799,71.37%,2500,791,3291
County Attorney,0352,2023,538,2561,4278,59.86%,1732,730,2462
County Attorney,0353,1715,659,2374,4156,57.12%,366,1924,2290
County Attorney,0354,1569,429,1998,3520,56.76%,435,1472,1907
County Attorney,0355,821,239,1060,1714,61.84%,95,932,1027
County Attorney,0356,1542,582,2124,3126,67.95%,1108,908,2016
County Attorney,0357,1882,557,2439,3685,66.19%,1707,618,2325
County Attorney,0358,775,376,1151,2634,43.70%,118,988,1106
County Attorney,0359,803,496,1299,3320,39.13%,122,1139,1261
County Attorney,0360,1858,597,2455,3309,74.19%,1040,1261,2301
County Attorney,0361,323,688,1011,1808,55.92%,137,775,912
County Attorney,0362,2865,553,3418,5161,66.23%,2301,994,3295
County Attorney,0363,1826,635,2461,4160,59.16%,949,1438,2387
County Attorney,0364,1190,528,1718,2827,60.77%,740,886,1626
County Attorney,0365,827,174,1001,1348,74.26%,109,866,975
County Attorney,0366,988,524,1512,2887,52.37%,301,1146,1447
County Attorney,0367,453,204,657,1256,52.31%,147,475,622
County Attorney,0368,433,122,555,1024,54.20%,137,399,536
County Attorney,0369,132,29,161,678,23.75%,54,93,147
County Attorney,0370,2525,627,3152,4531,69.57%,2200,832,3032
County Attorney,0371,210,78,288,537,53.63%,12,271,283
County Attorney,0372,509,180,689,1274,54.08%,72,590,662
County Attorney,0373,61,13,74,163,45.40%,2,70,72
County Attorney,0374,176,165,341,720,47.36%,70,256,326
Office,Precinct,Early Ballots Cast,Election Ballots Cast,Total Ballots Cast,Registered Voters,Percent Turnout,REP Jim Leitner,DEM Vince Ryan,Totals
County Attorney,0375,745,510,1255,2836,44.25%,409,772,1181
County Attorney,0376,753,344,1097,2060,53.25%,388,651,1039
County Attorney,0377,1381,643,2024,3137,64.52%,1482,453,1935
County Attorney,0378,621,447,1068,1856,57.54%,634,389,1023
County Attorney,0379,857,388,1245,2149,57.93%,102,1108,1210
County Attorney,0380,2732,551,3283,4380,74.95%,1665,1501,3166
County Attorney,0381,1185,432,1617,3141,51.48%,593,944,1537
County Attorney,0382,429,206,635,1035,61.35%,381,227,608
County Attorney,0383,722,458,1180,2373,49.73%,342,777,1119
County Attorney,0384,1152,444,1596,2725,58.57%,330,1207,1537
County Attorney,0385,1141,561,1702,2207,77.12%,1192,432,1624
County Attorney,0386,1658,419,2077,3105,66.89%,1443,573,2016
County Attorney,0387,1702,780,2482,4340,57.19%,1589,794,2383
County Attorney,0388,2899,711,3510,5413,66.69%,1651,1831,3482
County Attorney,0389,397,293,690,1359,50.77%,89,560,649
County Attorney,0390,698,271,969,1482,65.38%,115,820,935
County Attorney,0391,986,336,1322,1978,66.84%,743,525,1268
County Attorney,0392,652,145,797,1426,55.89%,12,759,771
County Attorney,0393,427,257,684,1274,53.69%,302,347,649
County Attorney,0394,236,126,362,914,39.61%,113,227,340
County Attorney,0395,1007,371,1378,1875,73.49%,870,447,1317
County Attorney,0396,1035,204,1239,2072,59.80%,25,1177,1202
County Attorney,0397,204,117,321,796,40.33%,111,189,300
County Attorney,0398,1761,654,2415,4200,57.50%,1039,1269,2308
County Attorney,0399,1291,546,1837,3340,55.00%,671,1102,1773
County Attorney,0400,1457,372,1839,2661,69.11%,1135,642,1777
County Attorney,0401,703,257,960,1971,48.71%,47,873,920
County Attorney,0402,897,262,1159,1911,60.65%,67,1059,1126
County Attorney,0403,959,387,1346,1719,78.30%,618,651,1269
County Attorney,0404,1033,445,1478,2717,54.40%,670,757,1427
County Attorney,0405,1910,457,2367,3067,77.18%,1727,581,2308
County Attorney,0406,275,65,340,649,52.39%,8,320,328
County Attorney,0407,1703,860,2563,3969,64.58%,1433,999,2432
County Attorney,0408,520,313,833,1740,47.87%,236,543,779
Office,Precinct,Early Ballots Cast,Election Ballots Cast,Total Ballots Cast,Registered Voters,Percent Turnout,REP Jim Leitner,DEM Vince Ryan,Totals
County Attorney,0409,501,280,781,1608,48.57%,227,510,737
County Attorney,0410,381,96,477,934,51.07%,83,378,461
County Attorney,0411,699,418,1117,2426,46.04%,261,794,1055
County Attorney,0412,156,80,236,478,49.37%,12,216,228
County Attorney,0413,1546,456,2002,3081,64.98%,686,1224,1910
County Attorney,0414,1573,514,2087,3586,58.20%,1473,533,2006
County Attorney,0415,1076,573,1649,2284,72.20%,1070,503,1573
County Attorney,0416,1443,845,2288,4009,57.07%,1061,1114,2175
County Attorney,0417,1104,397,1501,2589,57.98%,594,835,1429
County Attorney,0418,1336,663,1999,3940,50.74%,609,1271,1880
County Attorney,0419,1166,477,1643,2702,60.81%,909,669,1578
County Attorney,0420,2687,731,3418,4946,69.11%,2699,602,3301
County Attorney,0421,1240,273,1513,2023,74.79%,674,783,1457
County Attorney,0422,1357,401,1768,3348,52.81%,58,1660,1718
County Attorney,0423,316,288,604,1423,42.45%,117,458,575
County Attorney,0424,548,158,706,1079,65.43%,344,332,676
County Attorney,0425,257,139,396,878,45.10%,107,268,375
County Attorney,0426,485,228,713,1266,56.32%,330,346,676
County Attorney,0427,437,155,592,1120,52.86%,177,378,555
County Attorney,0428,1588,865,2553,5151,49.56%,611,1803,2414
County Attorney,0429,947,649,1596,3311,48.20%,315,1205,1520
County Attorney,0430,524,291,815,1794,45.43%,124,635,759
County Attorney,0431,1218,604,1822,3860,47.20%,361,1376,1737
County Attorney,0432,456,249,705,1568,44.96%,199,458,657
County Attorney,0433,163,88,251,561,44.74%,51,187,238
County Attorney,0434,831,293,1124,1557,72.19%,579,471,1050
County Attorney,0435,1951,567,2518,3363,74.87%,1456,935,2391
County Attorney,0436,2008,678,2686,3809,70.52%,1382,1162,2544
County Attorney,0437,1148,425,1573,2094,75.12%,975,537,1512
County Attorney,0438,2288,475,2763,3789,72.92%,1791,838,2629
County Attorney,0439,1854,749,2603,3701,70.33%,1667,806,2473
County Attorney,0440,1498,749,2247,2973,75.58%,1624,518,2142
County Attorney,0441,824,408,1232,1695,72.68%,806,367,1173
County Attorney,0442,2441,685,3126,4315,72.44%,2454,555,3009
Office,Precinct,Early Ballots Cast,Election Ballots Cast,Total Ballots Cast,Registered Voters,Percent Turnout,REP Jim Leitner,DEM Vince Ryan,Totals
County Attorney,0443,415,83,498,642,77.57%,331,144,475
County Attorney,0444,1620,679,2299,3625,63.42%,1162,1006,2168
County Attorney,0445,1036,382,1418,2134,66.45%,785,571,1356
County Attorney,0446,89,45,134,309,43.37%,43,86,129
County Attorney,0447,2411,464,2875,3727,77.14%,1819,924,2743
County Attorney,0448,1763,529,2292,3155,72.65%,1179,959,2138
County Attorney,0449,73,26,99,225,44.00%,10,87,97
County Attorney,0450,1104,394,1498,2890,51.83%,356,1093,1449
County Attorney,0451,1719,367,2086,2771,75.28%,1587,423,2010
County Attorney,0452,1871,662,2533,3789,66.85%,1647,791,2438
County Attorney,0453,661,417,1078,2039,52.87%,265,756,1021
County Attorney,0454,1043,288,1331,2509,53.05%,25,1261,1286
County Attorney,0455,669,173,842,1713,49.15%,33,780,813
County Attorney,0456,1,1404,553,1957,3793,51.60%,1001,862,1863
County Attorney,0457,0,0,0,0,0.00%,0,0,0
County Attorney,0458,914,253,1167,2025,57.63%,69,1051,1120
County Attorney,0459,2362,432,2794,3942,70.88%,2054,633,2687
County Attorney,0460,1613,472,2085,3280,63.57%,486,1520,2006
County Attorney,0461,2242,669,2911,4054,71.81%,1666,1076,2742
County Attorney,0462,1474,738,2212,3507,63.07%,691,1440,2131
County Attorney,0463,1573,564,2237,3773,59.29%,838,1335,2173
County Attorney,0464,967,582,1549,2343,66.11%,920,539,1459
County Attorney,0465,1628,594,2222,3778,58.81%,961,1167,2128
County Attorney,0466,2274,509,2783,4327,64.32%,1356,1331,2687
County Attorney,0467,501,225,726,1320,55.00%,144,546,690
County Attorney,0468,1379,747,2125,4040,52.62%,493,1533,2026
County Attorney,0469,1857,462,2329,3257,71.51%,1744,499,2243
County Attorney,0470,555,232,787,1358,57.95%,554,199,753
County Attorney,0471,1057,458,1515,2473,61.26%,1115,349,1464
County Attorney,0472,463,339,802,1131,70.91%,300,451,751
County Attorney,0473,944,390,1334,1787,74.65%,864,410,1274
County Attorney,0474,1417,624,2041,3127,65.27%,1288,676,1964
County Attorney,0475,791,261,1052,1936,54.34%,394,608,1002
County Attorney,0476,1077,405,1482,2458,60.29%,731,687,1418
Office,Precinct,Early Ballots Cast,Election Ballots Cast,Total Ballots Cast,Registered Voters,Percent Turnout,REP Jim Leitner,DEM Vince Ryan,Totals
County Attorney,0477,2027,640,2667,4010,66.51%,1758,790,2548
County Attorney,0478,2271,683,2954,4696,62.90%,1762,1068,2830
County Attorney,0479,1978,755,2733,3851,70.97%,1912,724,2636
County Attorney,0480,1445,538,1983,2978,66.59%,1302,620,1922
County Attorney,0481,1756,667,2423,3609,67.14%,1683,633,2316
County Attorney,0482,2259,618,2877,4405,65.31%,1877,885,2762
County Attorney,0483,2305,538,2843,4495,63.25%,1376,1329,2705
County Attorney,0484,2020,700,2720,3981,68.32%,1649,967,2616
County Attorney,0485,2118,567,2685,4051,66.28%,1853,741,2594
County Attorney,0486,2310,721,3031,4195,72.25%,2224,686,2910
County Attorney,0487,1405,527,1932,4142,46.64%,451,1328,1779
County Attorney,0488,842,511,1353,2382,56.80%,356,936,1292
County Attorney,0489,865,344,1209,1958,61.75%,307,852,1159
County Attorney,0490,980,346,1326,2105,62.99%,368,896,1264
County Attorney,0491,937,488,1425,2110,67.54%,725,634,1359
County Attorney,0492,1217,396,1613,2552,63.21%,763,785,1548
County Attorney,0493,1404,555,1959,3338,58.69%,687,1162,1849
County Attorney,0494,1079,419,1498,2787,53.75%,183,1260,1443
County Attorney,0495,1414,376,1790,2488,71.95%,1137,566,1703
County Attorney,0496,687,549,1235,2325,53.16%,395,784,1179
County Attorney,0497,915,281,1197,2148,55.73%,47,1113,1160
County Attorney,0498,1069,423,1492,2527,59.04%,493,936,1429
County Attorney,0499,1433,397,1830,2336,78.34%,1224,543,1767
County Attorney,0500,1869,651,2520,3698,68.14%,1515,903,2418
County Attorney,0501,1146,406,1552,2016,76.98%,591,870,1461
County Attorney,0502,1355,293,1559,2595,63.93%,1233,357,1590
County Attorney,0503,1397,306,1703,2236,76.16%,1230,398,1628
County Attorney,0504,1270,482,1752,2318,75.58%,1052,619,1671
County Attorney,0505,1750,735,2485,4076,60.97%,1018,1324,2342
County Attorney,0506,1513,696,2209,3544,62.33%,316,1816,2132
County Attorney,0507,599,319,918,2562,35.83%,196,624,820
County Attorney,0508,1519,828,2347,4767,49.23%,617,1560,2177
County Attorney,0509,2504,669,3173,5153,61.58%,1936,1126,3062
County Attorney,0510,1701,666,2367,3822,61.93%,946,1346,2292
Office,Precinct,Early Ballots Cast,Election Ballots Cast,Total Ballots Cast,Registered Voters,Percent Turnout,REP Jim Leitner,DEM Vince Ryan,Totals
County Attorney,0511,2933,574,3507,4620,75.91%,2075,1313,3388
County Attorney,0512,1668,871,2539,4559,55.69%,924,1509,2433
County Attorney,0513,1754,413,2157,3003,72.16%,1485,600,2085
County Attorney,0514,2285,613,2899,4378,66.22%,1914,871,2785
County Attorney,0515,1836,468,2304,3182,72.41%,1770,446,2216
County Attorney,0516,1316,363,1679,2799,59.99%,770,845,1615
County Attorney,0517,1610,509,2119,3744,56.60%,859,1170,2029
County Attorney,0518,1886,676,2562,4049,63.27%,1431,1022,2453
County Attorney,0519,1421,51,8,1939,3098,62.59%,1279,585,1864
County Attorney,0520,1785,670,2456,5202,47.21%,356,2041,2397
County Attorney,0521,1350,578,1928,3070,62.80%,860,998,1858
County Attorney,0522,1508,464,1972,2815,70.05%,1390,533,1923
County Attorney,0523,1978,537,2515,4027,62.45%,1476,920,2396
County Attorney,0524,1392,637,2029,3598,56.39%,514,1433,1947
County Attorney,0525,1440,574,2014,3260,61.78%,391,1530,1921
County Attorney,0526,235,157,392,820,47.80%,77,286,363
County Attorney,0527,156,38,194,580,33.45%,68,113,181
County Attorney,0528,17,8,25,78,32.05%,2,22,24
County Attorney,0529,2107,434,2541,3842,66.14%,2046,387,2433
County Attorney,0530,375,212,587,1236,47.49%,106,433,539
County Attorney,0531,1234,166,1400,2250,62.22%,988,338,1326
County Attorney,0532,478,140,618,1058,58.41%,399,206,605
County Attorney,0533,352,169,521,1164,44.76%,244,245,489
County Attorney,0534,1895,577,2472,3918,63.09%,1650,714,2364
County Attorney,0535,132,62,194,413,46.97%,59,120,179
County Attorney,0536,2104,1053,3157,5637,56.00%,957,2014,2971
County Attorney,0537,1958,464,2422,3174,76.31%,1637,695,2332
County Attorney,0538,371,203,574,1332,43.09%,12,546,558
County Attorney,0539,811,234,1045,1535,68.08%,541,451,992
County Attorney,0540,997,349,1346,1759,76.52%,400,864,1264
County Attorney,0541,2157,761,2918,5001,58.35%,418,2364,2782
County Attorney,0542,1156,406,1562,2654,58.85%,95,1413,1508
County Attorney,0543,553,321,874,1658,52.71%,203,627,830
County Attorney,0544,84,54,138,313,44.09%,16,119,135
Office,Precinct,Early Ballots Cast,Election Ballots Cast,Total Ballots Cast,Registered Voters,Percent Turnout,REP Jim Leitner,DEM Vince Ryan,Totals
County Attorney,0545,2015,468,2483,3949,62.88%,1040,1323,2363
County Attorney,0546,1524,278,1802,2471,72.93%,1481,277,1758
County Attorney,0547,1413,270,1683,2534,66.42%,1080,536,1616
County Attorney,0548,882,395,1277,2339,54.60%,545,690,1235
County Attorney,0549,1105,447,1552,2786,55.71%,178,1336,1514
County Attorney,0550,1171,553,1724,3245,53.13%,692,985,1677
County Attorney,0551,2588,793,3379,4428,76.31%,2474,767,3241
County Attorney,0552,2090,784,2874,3762,76.40%,2245,533,2778
County Attorney,0553,982,317,1279,2193,58.32%,460,773,1233
County Attorney,0554,597,271,868,1774,48.93%,167,671,838
County Attorney,0555,839,390,1029,2286,45.01%,165,821,986
County Attorney,0556,759,435,1194,2491,47.93%,221,921,1142
County Attorney,0557,925,460,1385,2955,46.87%,358,918,1276
County Attorney,0558,1812,721,2533,4718,53.69%,714,1721,2435
County Attorney,0559,1901,701,2602,4984,52.21%,553,1936,2489
County Attorney,0560,290,247,537,1141,47.06%,92,409,501
County Attorney,0561,1023,624,1647,3138,52.49%,922,645,1567
County Attorney,0562,222,116,338,691,48.91%,38,271,309
County Attorney,0563,2089,337,2406,3468,69.38%,1784,534,2318
County Attorney,0564,1551,526,2077,3240,64.10%,524,1449,1973
County Attorney,0565,338,148,484,1414,34.23%,72,390,462
County Attorney,0566,1183,441,1624,3029,53.62%,385,1170,1555
County Attorney,0567,985,390,1355,2851,47.53%,314,950,1264
County Attorney,0568,1833,697,2530,3638,69.54%,1522,864,2386
County Attorney,0569,2027,747,2774,4125,67.25%,1246,1374,2620
County Attorney,0570,788,278,1044,1598,65.33%,350,630,980
County Attorney,0571,521,314,835,1950,42.82%,228,563,791
County Attorney,0572,1522,444,1966,3308,59.43%,789,1092,1881
County Attorney,0573,489,215,704,1625,43.32%,17,676,693
County Attorney,0574,112,74,186,391,47.57%,19,158,177
County Attorney,0575,1905,535,2440,3557,68.60%,1306,1032,2338
County Attorney,0576,1107,375,1482,2830,52.37%,75,1362,1437
County Attorney,0577,885,205,1090,1586,68.73%,613,433,1046
County Attorney,0578,1028,405,1431,1862,76.85%,805,542,1347
Office,Precinct,Early Ballots Cast,Election Ballots Cast,Total Ballots Cast,Registered Voters,Percent Turnout,REP Jim Leitner,DEM Vince Ryan,Totals
County Attorney,0579,287,181,468,1139,41.09%,73,373,446
County Attorney,0580,366,108,474,985,48.12%,20,449,469
County Attorney,0581,456,137,593,1033,57.41%,16,558,574
County Attorney,0582,543,232,775,1607,48.23%,43,700,743
County Attorney,0583,433,155,588,1286,45.72%,16,559,575
County Attorney,0584,367,120,487,1062,45.86%,34,433,467
County Attorney,0585,829,280,1109,2346,47.27%,55,1018,1073
County Attorney,0586,1790,790,2580,4521,57.07%,1400,1067,2467
County Attorney,0587,1204,431,1635,2870,56.97%,511,1063,1574
County Attorney,0588,1940,606,2546,3780,67.35%,1637,819,2456
County Attorney,0589,1539,545,2084,3780,55.13%,935,1061,1996
County Attorney,0590,1230,400,1630,2176,74.91%,1187,371,1558
County Attorney,0591,651,462,1113,2274,48.94%,257,796,1053
County Attorney,0592,449,272,721,1446,49.86%,139,549,688
County Attorney,0593,1581,755,2316,4179,55.42%,863,1341,2204
County Attorney,0594,1243,316,1559,2578,60.47%,399,1119,1518
County Attorney,0595,600,299,899,1833,49.05%,127,738,865
County Attorney,0596,1377,501,1878,3574,52.55%,811,968,1779
County Attorney,0597,1204,609,1813,3587,50.54%,598,1125,1723
County Attorney,0598,2389,731,3120,5253,59.39%,1018,1963,2981
County Attorney,0599,1378,493,1871,3005,62.26%,614,1200,1814
County Attorney,0600,1602,776,2378,4204,56.57%,750,1515,2265
County Attorney,0601,2220,670,2890,4151,69.62%,2012,782,2794
County Attorney,0602,754,234,988,1441,68.56%,646,305,951
County Attorney,0603,2335,725,3060,4666,65.58%,1685,1261,2946
County Attorney,0604,1816,375,2191,3189,68.70%,1771,325,2096
County Attorney,0605,1711,599,2310,4217,54.78%,494,1703,2197
County Attorney,0606,319,111,430,970,44.33%,8,409,417
County Attorney,0607,163,51,214,712,30.06%,23,182,205
County Attorney,0608,156,77,233,570,40.88%,71,150,221
County Attorney,0609,2037,729,2766,4305,64.25%,1528,1121,2649
County Attorney,0610,665,343,1008,2086,48.32%,384,560,944
County Attorney,0611,980,229,1209,2527,47.84%,44,1136,1180
County Attorney,0612,1927,431,2358,3388,69.60%,1710,544,2254
Office,Precinct,Early Ballots Cast,Election Ballots Cast,Total Ballots Cast,Registered Voters,Percent Turnout,REP Jim Leitner,DEM Vince Ryan,Totals
County Attorney,0613,937,339,1276,2368,53.89%,202,1022,1224
County Attorney,0614,1949,645,2594,4566,56.81%,709,1773,2482
County Attorney,0615,1075,301,1376,2086,65.96%,680,639,1319
County Attorney,0616,1809,611,2420,3516,68.83%,1538,770,2308
County Attorney,0617,1704,650,2354,4179,56.33%,745,1515,2260
County Attorney,0618,1698,545,2243,3801,59.01%,887,1282,2169
County Attorney,0619,2792,663,3455,4916,70.28%,2444,912,3356
County Attorney,0620,1747,333,2080,3318,62.69%,1002,985,1987
County Attorney,0621,536,200,736,1272,57.86%,285,414,699
County Attorney,0622,2129,591,2720,4562,59.62%,1392,1221,2613
County Attorney,0623,1960,461,2421,3919,61.78%,1447,877,2324
County Attorney,0624,297,59,356,456,78.07%,264,80,344
County Attorney,0625,924,372,1296,1864,69.53%,653,592,1245
County Attorney,0626,2280,784,3064,4816,63.62%,1507,1420,2927
County Attorney,0627,935,649,1584,3235,48.96%,387,1122,1509
County Attorney,0628,716,545,1261,2420,52.11%,406,776,1182
County Attorney,0629,162,96,258,750,34.40%,29,221,250
County Attorney,0630,2662,541,3203,4738,67.60%,313,2801,3114
County Attorney,0631,1841,398,2239,3263,68.62%,1423,720,2143
County Attorney,0632,4,1,5,241,2.07%,0,5,5
County Attorney,0633,2286,601,2887,3912,73.80%,1906,872,2778
County Attorney,0634,1435,499,1934,3259,59.34%,1056,807,1863
County Attorney,0635,1645,520,2165,3512,61.65%,1543,529,2072
County Attorney,0636,2303,922,3225,4569,70.58%,2737,378,3115
County Attorney,0637,1095,423,1518,2591,58.59%,303,1105,1408
County Attorney,0638,850,348,1198,2310,51.86%,90,1076,1166
County Attorney,0639,1386,284,1670,2560,65.23%,1235,368,1603
County Attorney,0640,1619,615,2234,3927,56.89%,1206,945,2151
County Attorney,0641,1637,683,2320,3840,60.42%,1301,934,2235
County Attorney,0642,1030,270,1300,1783,72.91%,968,294,1262
County Attorney,0643,1948,593,2541,4189,60.66%,1136,1311,2447
County Attorney,0644,2087,689,2776,4446,62.44%,1538,1126,2664
County Attorney,0645,2145,769,2914,4517,64.51%,1118,1653,2771
County Attorney,0646,925,399,1324,2422,54.67%,321,937,1258
Office,Precinct,Early Ballots Cast,Election Ballots Cast,Total Ballots Cast,Registered Voters,Percent Turnout,REP Jim Leitner,DEM Vince Ryan,Totals
County Attorney,0647,1372,526,1898,4349,43.64%,395,1379,1774
County Attorney,0648,1859,500,2359,3487,67.65%,1583,696,2279
County Attorney,0649,1549,775,2324,4755,48.87%,538,1681,2219
County Attorney,0650,2033,819,2852,4039,70.61%,1827,923,2750
County Attorney,0651,1734,551,2285,3873,59.00%,1171,1024,2195
County Attorney,0652,1165,545,1710,2979,57.40%,247,1416,1663
County Attorney,0653,185,110,295,604,48.84%,65,218,283
County Attorney,0654,2381,698,3079,5063,60.81%,1476,1472,2948
County Attorney,0655,1959,761,2720,4495,60.51%,1399,1187,2586
County Attorney,0656,1106,401,1507,2737,55.06%,65,1395,1460
County Attorney,0657,683,276,959,1487,64.49%,305,613,918
County Attorney,0658,1299,494,1793,2901,61.81%,1052,672,1724
County Attorney,0659,2806,733,3539,5161,68.57%,2352,1045,3397
County Attorney,0660,1575,345,1920,3087,62.20%,182,1685,1867
County Attorney,0661,1945,774,2720,4363,62.34%,1280,1317,2597
County Attorney,0662,2267,571,2838,4002,70.91%,2214,526,2740
County Attorney,0663,1338,448,1786,2340,76.32%,836,835,1671
County Attorney,0664,909,513,1422,2992,47.53%,252,1103,1355
County Attorney,0665,1327,360,1687,2354,71.67%,1303,328,1631
County Attorney,0666,0,0,0,0,0.00%,0,0,0
County Attorney,0667,1109,400,1509,2175,69.38%,1080,368,1448
County Attorney,0668,1552,719,2271,3669,61.90%,1289,895,2184
County Attorney,0669,1889,702,2591,3585,72.27%,1674,815,2489
County Attorney,0670,1996,416,2412,3335,72.32%,1822,497,2319
County Attorney,0671,1398,588,1986,3198,62.10%,1024,885,1909
County Attorney,0672,1724,489,2213,3433,64.46%,1478,672,2150
County Attorney,0673,1525,467,2092,3051,68.57%,1610,418,2028
County Attorney,0674,2354,610,2964,4228,70.10%,2062,795,2857
County Attorney,0675,0,0,0,0,0.00%,0,0,0
County Attorney,0676,1087,465,1552,2976,52.15%,544,932,1476
County Attorney,0677,423,259,682,1300,52.46%,142,491,633
County Attorney,0678,1164,294,1458,2660,54.81%,142,1267,1409
County Attorney,0679,1718,529,2247,3542,63.44%,1500,641,2141
County Attorney,0680,98,17,115,179,64.25%,44,68,112
Office,Precinct,Early Ballots Cast,Election Ballots Cast,Total Ballots Cast,Registered Voters,Percent Turnout,REP Jim Leitner,DEM Vince Ryan,Totals
County Attorney,0681,e,0,6,4,150.00%,3,3,6
County Attorney,0682,2112,690,2802,4313,64.97%,1942,763,2705
County Attorney,0683,82,5,87,302,28.81%,20,63,83
County Attorney,0684,1580,640,2320,3559,65.19%,1383,840,2223
County Attorney,0685,139,28,167,285,58.60%,73,80,153
County Attorney,0686,53,5,58,221,26.24%,13,43,56
County Attorney,0687,1510,400,1910,2713,70.40%,1184,640,1824
County Attorney,0688,2333,594,2927,3922,74.63%,2241,603,2844
County Attorney,0689,725,604,1330,2449,54.31%,527,719,1246
County Attorney,0690,1957,553,2520,3614,69.73%,1880,542,2422
County Attorney,0691,2131,551,2682,3690,72.68%,2014,579,2593
County Attorney,0692,1278,678,1956,3118,62.73%,1330,536,1866
County Attorney,0693,309,110,419,681,61.53%,100,303,403
County Attorney,0694,1005,319,1324,2478,53.43%,504,765,1269
County Attorney,0695,628,315,943,1842,51.19%,527,366,893
County Attorney,0696,723,312,1035,2027,51.06%,592,411,1003
County Attorney,0697,1299,552,1851,3238,57.16%,417,1361,1778
County Attorney,0698,1275,520,1795,3339,53.76%,187,1546,1733
County Attorney,0699,1276,398,1674,2387,70.13%,997,569,1566
County Attorney,0700,726,247,973,1536,63.35%,783,154,937
County Attorney,0701,208,73,281,614,45.77%,115,142,257
County Attorney,0702,183,69,252,550,45.82%,34,208,242
County Attorney,0703,899,528,1427,1943,73.44%,963,403,1366
County Attorney,0704,1698,512,2210,3121,70.81%,1743,395,2138
County Attorney,0705,331,206,537,1513,35.49%,48,476,524
County Attorney,0706,1248,372,1520,2821,57.43%,561,963,1524
County Attorney,0707,377,69,446,757,58.92%,254,172,426
County Attorney,0708,162,98,260,592,43.92%,81,169,250
County Attorney,0709,2257,528,2785,4136,67.34%,1419,1260,2679
County Attorney,0710,1132,450,1582,2096,75.48%,798,679,1477
County Attorney,0711,1978,599,2577,3820,67.46%,1268,1193,2461
County Attorney,0712,1720,627,2347,4002,58.65%,798,1478,2276
County Attorney,0713,770,365,1135,2006,56.58%,510,583,1093
County Attorney,0714,102,28,130,306,42.48%,56,67,123
Office,Precinct,Early Ballots Cast,Election Ballots Cast,Total Ballots Cast,Registered Voters,Percent Turnout,REP Jim Leitner,DEM Vince Ryan,Totals
County Attorney,0715,553,239,792,1549,51.13%,355,403,758
County Attorney,0716,1215,419,1635,2720,60.11%,1104,470,1574
County Attorney,0717,974,232,1206,2082,57.93%,154,1003,1157
County Attorney,0718,2243,872,3115,4412,70.60%,1915,1027,2942
County Attorney,0719,624,223,847,1644,51.52%,396,407,803
County Attorney,0720,2498,709,3207,4709,68.10%,2065,1006,3071
County Attorney,0721,1455,603,2059,2926,70.71%,1269,693,1962
County Attorney,0722,1929,609,2538,4638,54.72%,147,2307,2454
County Attorney,0723,897,261,1158,1959,59.11%,199,919,1118
County Attorney,0724,395,146,541,800,67.63%,346,171,517
County Attorney,0725,976,294,1270,2336,54.37%,476,725,1201
County Attorney,0726,1271,321,1592,2207,72.13%,1344,199,1543
County Attorney,0727,981,415,1396,2708,51.55%,345,1006,1351
County Attorney,0728,399,198,597,942,63.38%,333,232,565
County Attorney,0729,235,49,284,471,60.30%,153,119,272
County Attorney,0730,1360,406,1766,2435,72.53%,1049,635,1684
County Attorney,0731,2087,624,2711,4834,56.08%,1077,1529,2606
County Attorney,0732,791,449,1240,1943,63.82%,684,486,1170
County Attorney,0733,55,25,80,303,26.40%,24,53,77
County Attorney,0734,2307,556,2863,4294,66.67%,1797,955,2752
County Attorney,0735,157,61,218,251,86.85%,109,103,212
County Attorney,0736,14,3,17,42,40.48%,0,14,14
County Attorney,0737,21,6,27,56,48.21%,20,7,27
County Attorney,0738,435,214,649,1497,43.35%,100,530,630
County Attorney,0739,978,440,1418,2971,47.73%,602,754,1356
County Attorney,0740,280,169,449,1005,44.68%,220,202,422
County Attorney,0741,923,262,1185,1895,62.53%,272,848,1120
County Attorney,0742,1532,498,2030,2859,71.00%,1213,735,1948
County Attorney,0743,54,60,114,234,48.72%,37,69,106
County Attorney,0744,1009,444,1453,2103,69.09%,804,575,1379
County Attorney,0745,1213,446,1659,2543,65.24%,954,635,1589
County Attorney,0746,244,121,365,732,49.86%,163,175,338
County Attorney,0747,1746,693,2439,4096,59.55%,1007,1327,2334
County Attorney,0748,563,245,808,1556,51.93%,372,404,776
Office,Precinct,Early Ballots Cast,Election Ballots Cast,Total Ballots Cast,Registered Voters,Percent Turnout,REP Jim Leitner,DEM Vince Ryan,Totals
County Attorney,0749,115,1,116,432,26.85%,16,95,111
County Attorney,0750,294,122,416,809,51.42%,219,171,390
County Attorney,0751,2931,1013,3944,5893,66.93%,2329,1457,3786
County Attorney,0752,659,227,886,1484,59.70%,559,286,845
County Attorney,0753,258,53,311,512,60.74%,117,177,294
County Attorney,0754,386,262,648,1590,40.75%,29,599,628
County Attorney,0755,1782,955,2737,5015,54.58%,894,1719,2613
County Attorney,0756,687,309,996,1723,57.81%,301,649,950
County Attorney,0757,1867,601,2468,4792,51.50%,374,2011,2385
County Attorney,0758,2104,595,2699,3803,70.97%,1993,592,2585
County Attorney,0759,1389,375,1764,2779,63.48%,983,702,1685
County Attorney,0760,1219,268,1487,2162,68.78%,1179,262,1441
County Attorney,0761,1088,167,1255,1598,78.54%,833,366,1199
County Attorney,0762,924,303,1227,1828,67.12%,533,643,1176
County Attorney,0763,370,264,634,1249,50.76%,182,419,601
County Attorney,0764,2472,677,3149,4827,65.24%,1824,1187,3011
County Attorney,0765,2051,874,2925,5742,50.94%,730,2086,2816
County Attorney,0766,126,59,185,428,43.22%,26,141,167
County Attorney,0767,31,15,46,92,50.00%,19,25,44
County Attorney,0768,1479,387,1866,2643,70.60%,1420,383,1803
County Attorney,0769,85,14,99,184,53.80%,6,92,98
County Attorney,0770,103,42,145,388,37.37%,47,93,140
County Attorney,0771,572,210,782,1588,49.24%,316,433,749
County Attorney,0772,2805,477,3282,4606,71.25%,2337,826,3163
County Attorney,0773,1693,638,2331,4414,52.81%,543,1629,2172
County Attorney,0774,150,66,216,426,50.70%,48,163,211
County Attorney,0775,50,1,51,102,50.00%,1,49,50
County Attorney,0776,1432,538,1970,3276,60.13%,1070,816,1886
County Attorney,0777,201,105,306,767,39.90%,68,228,296
County Attorney,0778,0,3,3,0,0.00%,0,3,3
County Attorney,0779,263,160,423,1019,41.51%,94,291,385
County Attorney,0780,170,130,300,666,45.05%,91,187,278
County Attorney,0781,1235,612,1847,3782,48.84%,545,1165,1710
County Attorney,0782,1048,368,1416,2355,60.13%,810,532,1342
Office,Precinct,Early Ballots Cast,Election Ballots Cast,Total Ballots Cast,Registered Voters,Percent Turnout,REP Jim Leitner,DEM Vince Ryan,Totals
County Attorney,0783,197,90,287,520,55.19%,18,258,276
County Attorney,0784,408,119,527,1062,49.62%,16,492,508
County Attorney,0785,1229,357,1586,1896,83.65%,799,719,1518
County Attorney,0786,396,177,573,1258,45.55%,168,376,544
County Attorney,0787,180,83,263,542,48.52%,71,176,247
County Attorney,0788,2,0,2,13,15.38%,1,1,2
County Attorney,0789,1377,420,1797,2998,59.94%,1001,732,1733
County Attorney,0790,1143,329,1472,2523,58.34%,475,939,1414
County Attorney,0791,9,3,12,29,41.38%,3,9,12
County Attorney,0792,648,415,1063,1954,54.40%,234,776,1010
County Attorney,0793,984,416,1400,2620,53.44%,669,663,1332
County Attorney,0794,626,411,1037,3208,32.33%,98,904,1002
County Attorney,0795,396,2,398,1281,31.07%,106,261,367
County Attorney,0796,1371,465,1835,3041,60.37%,737,1043,1780
County Attorney,0797,0,0,0,0,0.00%,0,0,0
County Attorney,0798,222,142,364,521,69.87%,127,224,351
County Attorney,0799,58,26,84,171,49.12%,14,69,83
County Attorney,0800,1934,730,2664,4216,63.19%,1554,998,2552
County Attorney,0801,90,44,134,261,51.34%,41,88,129
County Attorney,0802,54,21,75,224,33.48%,18,53,71
County Attorney,0803,2655,547,3212,4514,71.16%,2150,940,3090
County Attorney,0804,2703,682,3385,5303,63.83%,1721,1550,3271
County Attorney,0805,1597,454,2051,2874,71.36%,1538,435,1973
County Attorney,0806,1001,324,1325,1889,70.14%,785,497,1282
County Attorney,0807,792,349,1141,2163,52.75%,183,919,1102
County Attorney,0808,142,57,199,232,85.78%,68,120,188
County Attorney,0809,19,7,26,98,26.53%,13,12,25
County Attorney,0810,47,31,78,197,39.59%,11,59,70
County Attorney,0811,82,68,150,277,54.15%,32,113,145
County Attorney,0812,0,0,0,0,0.00%,0,0,0
County Attorney,0813,1742,434,2176,3488,62.39%,918,1183,2101
County Attorney,0814,1968,827,2795,5483,50.98%,529,2165,2694
County Attorney,0815,0,0,0,0,0.00%,0,0,0
County Attorney,0816,23,10,33,64,51.56%,4,26,30
Office,Precinct,Early Ballots Cast,Election Ballots Cast,Total Ballots Cast,Registered Voters,Percent Turnout,REP Jim Leitner,DEM Vince Ryan,Totals
County Attorney,0817,2787,550,3337,4700,71.00%,2273,963,3236
County Attorney,0818,208,104,312,737,42.33%,65,232,297
County Attorney,0819,108,31,139,228,60.96%,66,66,132
County Attorney,0820,0,0,0,0,0.00%,0,0,0
County Attorney,0821,362,188,550,1295,42.47%,62,460,522
County Attorney,0822,571,185,756,1574,48.03%,23,701,724
County Attorney,0823,1339,410,1749,3017,57.97%,892,784,1676
County Attorney,0824,1057,410,1467,2762,53.11%,290,1129,1419
County Attorney,0825,9,7,16,21,76.19%,3,12,15
County Attorney,0826,177,70,247,355,69.58%,119,110,229
County Attorney,0827,218,234,452,1042,43.38%,132,307,439
County Attorney,0828,1174,281,1455,1965,74.05%,1084,314,1398
County Attorney,0829,101,19,120,235,51.06%,33,81,114
County Attorney,0830,2,2,4,2,200.00%,4,0,4
County Attorney,0831,8,5,13,36,36.11%,6,6,12
County Attorney,0832,124,50,174,364,47.80%,43,120,163
County Attorney,0833,3,2,5,20,25.00%,1,4,5
County Attorney,0834,142,61,203,388,52.32%,20,180,200
County Attorney,0835,87,71,158,311,50.80%,41,109,150
County Attorney,0836,128,0,128,248,51.61%,10,108,118
County Attorney,0837,0,0,0,0,0.00%,0,0,0
County Attorney,0838,0,0,0,0,0.00%,0,0,0
County Attorney,0839,419,174,593,1190,49.83%,125,446,571
County Attorney,0840,829,228,1057,1780,59.38%,341,673,1014
County Attorney,0841,1473,475,1948,3431,56.78%,427,1459,1886
County Attorney,0842,1338,513,1851,3390,54.60%,678,1079,1757
County Attorney,0843,595,298,893,1387,64.38%,156,698,854
County Attorney,0844,4,0,4,10,40.00%,0,4,4
County Attorney,0845,151,13,164,218,75.23%,99,60,159
County Attorney,0846,61,22,83,229,36.24%,1,80,81
County Attorney,0847,993,330,1323,2310,57.27%,331,942,1273
County Attorney,0848,1011,201,1212,1875,64.64%,346,810,1156
County Attorney,0849,731,455,1186,2272,52.20%,284,810,1094
County Attorney,0850,129,19,148,208,71.15%,53,89,142
Office,Precinct,Early Ballots Cast,Election Ballots Cast,Total Ballots Cast,Registered Voters,Percent Turnout,REP Jim Leitner,DEM Vince Ryan,Totals
County Attorney,0851,1885,441,2326,3597,64.66%,1479,752,2231
County Attorney,0852,0,0,0,1,0.00%,0,0,0
County Attorney,0853,1537,487,2124,2986,71.13%,1532,524,2056
County Attorney,0854,40,19,59,175,33.71%,7,50,57
County Attorney,0855,7,2,9,21,42.86%,4,4,8
County Attorney,0856,0,3,3,0,0.00%,0,1,1
County Attorney,0857,0,0,0,1,0.00%,0,0,0
County Attorney,0858,121,35,156,334,46.71%,5,142,147
County Attorney,0859,391,143,534,945,56.51%,104,406,510
County Attorney,0860,1,1,2,0,0.00%,0,2,2
County Attorney,0861,777,272,1049,1941,54.04%,160,854,1014
County Attorney,0862,1989,508,2497,3739,66.78%,1408,999,2407
County Attorney,0863,192,64,256,581,44.06%,12,239,251
County Attorney,0864,693,574,1267,2708,46.79%,262,932,1194
County Attorney,0865,9,2,11,21,52.38%,1,10,11
County Attorney,0866,0,0,0,0,0.00%,0,0,0
County Attorney,0867,0,0,0,0,0.00%,0,0,0
County Attorney,0868,736,495,1231,2446,50.33%,299,870,1169
County Attorney,0869,165,55,220,480,45.83%,25,190,215
County Attorney,0870,0,2,2,0,0.00%,1,1,2
County Attorney,0871,2,1,3,3,100.00%,0,3,3
County Attorney,0872,16,6,22,68,32.35%,12,10,22
County Attorney,0873,296,111,407,778,52.31%,93,304,397
County Attorney,0874,1681,670,2351,3294,71.37%,1625,643,2268
County Attorney,0875,1947,501,2448,3592,68.15%,1103,1253,2356
County Attorney,0876,1945,577,2522,3485,72.37%,1692,736,2428
County Attorney,0877,1803,528,2331,3651,63.85%,855,1401,2256
County Attorney,0878,685,110,795,1039,76.52%,626,139,765
County Attorney,0879,1215,413,1628,2843,57.26%,662,899,1561
County Attorney,0880,1354,471,1825,2467,73.98%,1336,436,1772
County Attorney,0881,2465,927,3392,5638,60.16%,855,2426,3281
County Attorney,0882,1952,595,2547,4317,59.00%,728,1714,2442
County Attorney,0883,2252,928,3180,5613,56.65%,518,2544,3062
County Attorney,0884,149,55,204,396,51.52%,28,171,199
Office,Precinct,Early Ballots Cast,Election Ballots Cast,Total Ballots Cast,Registered Voters,Percent Turnout,REP Jim Leitner,DEM Vince Ryan,Totals
County Attorney,0885,1570,323,1893,2811,67.34%,1027,798,1825
County Attorney,0886,495,152,647,906,71.41,%,322,276,598
County Attorney,0887,234,95,329,492,66.87%,163,135,298
County Attorney,0888,817,289,1106,1867,59.24%,341,719,1060
County Attorney,0889,113,28,141,238,59.24%,37,97,134
County Attorney,0890,445,98,543,1214,44.73%,203,300,503
County Attorney,0891,753,194,947,1376,68.82%,308,598,906
County Attorney,0892,420,123,543,900,60.33%,174,333,507
County Attorney,0893,1,4,5,9,55.56%,2,3,5
County Attorney,0894,801,305,1106,2087,52.99%,148,924,1072
County Attorney,0895,417,252,669,834,80.22%,243,379,622
County Attorney,0896,838,254,1092,1467,74.44%,323,714,1037
County Attorney,0897,812,365,1177,1766,66.65%,602,521,1123
County Attorney,0898,792,301,1093,1821,60.02%,416,641,1057
County Attorney,0899,745,165,911,1264,72.07%,548,341,889
County Attorney,0900,7,0,7,12,58.33%,1,6,7
County Attorney,0901,0,0,0,0,0.00%,0,0,0
County Attorney,0902,1310,361,1671,2217,75.37%,791,776,1567
County Attorney,0903,1314,354,1668,2558,65.21%,1185,429,1614
County Attorney,0904,2,0,2,8,25.00%,1,1,2
County Attorney,0905,390,136,526,946,55.60%,185,320,505
County Attorney,0906,19,3,22,28,78.57%,10,12,22
County Attorney,0907,53,37,90,201,44.78%,8,80,88
County Attorney,0908,0,0,0,0,0.00%,0,0,0
County Attorney,0909,7,1,8,21,38.10%,2,5,7
County Attorney,0910,78,37,115,236,48.73%,35,73,108
County Attorney,0911,237,63,300,576,52.08%,184,108,292
County Attorney,0912,712,167,879,1341,65.55%,493,342,835
County Attorney,0913,102,12,114,241,47.30%,21,89,110
County Attorney,0914,42,0,42,124,33.87%,8,32,40
County Attorney,0915,0,0,0,0,0.00%,0,0,0
County Attorney,0916,1472,308,1780,2205,80.73%,1321,384,1705
County Attorney,0917,33,9,42,147,28.57%,5,32,37
County Attorney,0918,3,1,4,7,57.14%,1,3,4
Office,Precinct,Early Ballots Cast,Election Ballots Cast,Total Ballots Cast,Registered Voters,Percent Turnout,REP Jim Leitner,DEM Vince Ryan,Totals
County Attorney,0919,1,0,1,1,100.00%,0,1,1
County Attorney,0920,41,13,54,79,68.35%,32,21,53
County Attorney,0921,27,6,33,61,54.10%,6,26,32
County Attorney,0922,0,0,0,0,0.00%,0,0,0
County Attorney,0923,2331,350,2681,3536,75.82%,1976,649,2625
County Attorney,0924,0,0,0,0,0.00%,0,0,0
County Attorney,0925,0,0,0,0,0.00%,0,0,0
County Attorney,0926,550,149,699,967,72.29%,462,209,671
County Attorney,0927,966,173,1139,1771,64.31%,535,542,1077
County Attorney,0928,4,1,5,7,71.43%,0,5,5
County Attorney,0929,0,0,0,0,0.00%,0,0,0
County Attorney,0930,217,83,300,606,49.50%,16,273,289
County Attorney,0931,87,28,115,141,81.56%,47,62,109
County Attorney,0932,0,1,1,0,0.00%,0,1,1
County Attorney,0933,297,93,390,668,58.38%,118,259,377
County Attorney,0934,9,4,13,37,35.14%,7,6,13
County Attorney,0935,12,9,21,55,38.18%,8,12,20
County Attorney,0936,23,9,32,76,42.11%,6,22,28
County Attorney,0937,0,0,0,0,0.00%,0,0,0
County Attorney,0938,72,19,91,255,35.69%,21,69,90
County Attorney,0939,1,1,2,4,50.00%,1,1,2
County Attorney,0940,9,3,12,28,42.86%,1,11,12
County Attorney,0941,284,144,428,870,49.20%,201,200,401
County Attorney,0942,102,16,118,152,77.63%,77,39,116
County Attorney,0943,192,28,220,774,28.42%,47,159,206
County Attorney,0944,1,0,1,1,100.00%,0,1,1
County Attorney,0945,8,6,14,21,66.67%,2,11,13
County Attorney,0946,4,2,6,14,42.86%,1,5,6
County Attorney,0947,428,198,626,820,76.34%,292,306,598
County Attorney,0948,0,0,0,1,0.00%,0,0,0
County Attorney,0949,84,61,145,210,69.05%,61,77,138
County Attorney,0950,0,0,0,0,0.00%,0,0,0
County Attorney,0951,114,62,176,304,57.89%,39,126,165
County Attorney,0952,32,15,47,65,72.31%,25,21,46
Office,Precinct,Early Ballots Cast,Election Ballots Cast,Total Ballots Cast,Registered Voters,Percent Turnout,REP Jim Leitner,DEM Vince Ryan,Totals
County Attorney,0953,4,0,4,8,50.00%,0,4,4
County Attorney,0954,0,0,0,0,0.00%,0,0,0
County Attorney,0955,3528,572,4100,5108,80.27%,2817,1117,3934
County Attorney,0956,0,0,0,0,0.00%,0,0,0
County Attorney,0957,282,39,321,585,54.87%,32,277,309
County Attorney,0958,430,231,661,1202,54.99%,118,515,633
County Attorney,0959,0,0,0,0,0.00%,0,0,0
County Attorney,0960,829,235,1064,1471,72.33%,221,811,1032
County Attorney,0961,820,318,1138,2369,48.04%,164,926,1090
County Attorney,0962,33,12,45,88,51.14%,6,34,40
County Attorney,0963,225,91,316,528,59.85%,120,176,296
County Attorney,0964,2145,325,2470,3179,77.70%,1382,998,2380
County Attorney,0965,101,35,136,345,39.42%,88,42,130
County Attorney,0966,368,189,557,1332,41.82%,121,400,521
County Attorney,0967,82,24,106,186,56.99%,37,62,99
County Attorney,0968,455,127,582,906,64.24%,115,448,563
County Attorney,0969,299,71,370,624,59.29%,6,352,358
County Attorney,0970,223,102,325,810,40.12%,30,273,303
County Attorney,0971,0,0,0,0,0.00%,0,0,0
County Attorney,0972,0,0,0,0,0.00%,0,0,0
County Attorney,0973,504,138,642,999,64.26%,393,224,617
County Attorney,0974,0,1,1,0,0.00%,1,0,1
County Attorney,0975,104,26,130,190,68.42%,54,67,121
County Attorney,0976,190,152,342,712,48.03%,161,157,318
County Attorney,0977,160,108,268,617,43.44%,88,171,259
County Attorney,0978,0,0,0,0,0.00%,0,0,0
County Attorney,0979,0,0,0,0,0.00%,0,0,0
County Attorney,0980,686,333,1019,1412,72.17%,696,277,973
County Attorney,0981,12,2,14,31,45.16%,1,12,13
County Attorney,0982,1898,501,2399,2916,82.27%,1787,532,2319
County Attorney,0983,65,17,82,198,41.41,%,43,37,80
County Attorney,0984,76,57,133,341,39.00%,10,122,132
County Attorney,0985,222,56,278,355,78.31%,126,142,268
County Attorney,0986,153,78,231,537,43.02%,21,203,224
Office,Precinct,Early Ballots Cast,Election Ballots Cast,Total Ballots Cast,Registered Voters,Percent Turnout,REP Jim Leitner,DEM Vince Ryan,Totals
County Attorney,0987,476,130,606,1183,51.23%,39,542,581
County Attorney,0988,62,15,77,117,65.81%,66,9,75
County Attorney,0989,0,0,0,0,0.00%,0,0,0
County Attorney,0990,5,6,11,66,16.67%,4,7,11
County Attorney,0991,0,1,1,2,50.00%,0,1,1
County Attorney,0992,456,106,562,1075,52.28%,251,279,530
County Attorney,0993,0,0,0,0,0.00%,0,0,0
County Attorney,0994,56,12,68,75,90.67%,20,46,66
County Attorney,0995,753,193,946,1576,60.03%,88,828,916
County Attorney,0996,403,70,473,708,66.81%,242,206,448
County Attorney,0997,521,283,804,1909,42.12%,133,651,784
County Attorney,0998,24,12,36,68,52.94%,21,13,34
County Attorney,0999,0,0,0,0,0.00%,0,0,0
County Attorney,1000,122,22,144,428,33.64%,21,117,138
County Attorney,1001,519,280,799,1654,48.31%,143,618,761
County Attorney,1002,480,270,750,1804,41.57%,103,606,709
County Attorney,1003,0,0,0,0,0.00%,0,0,0
County Attorney,1004,349,114,463,691,67.00%,215,226,441
County Attorney,1005,0,0,0,0,0.00%,0,0,0
County Attorney,1006,0,0,0,0,0.00%,0,0,0
County Attorney,1007,694,306,1000,1775,56.34%,209,751,960
County Attorney,1008,620,107,727,1011,71.91%,554,149,703
County Attorney,1009,0,0,0,0,0.00%,0,0,0
County Attorney,1010,292,96,388,647,59.97%,70,307,377
County Attorney,1011,9,6,15,31,48.39%,9,6,15
County Attorney,1012,543,362,905,1633,55.42%,208,647,855
County Attorney,Totals:,981446,353327,1334773,2182980,590159,685075,1275234
