Office,Precinct,Early Ballots Cast,Election Ballots Cast,Total Ballots Cast,Registered Voters,Percent Turnout,REP Devon Anderson,DEM Kim Ogg,Totals
District Attorney,0001,1416,496,1912,2682,71.29%,644,1161,1805
District Attorney,0002,1000,370,1370,2099,65.27%,534,772,1306
District Attorney,0003,875,336,1211,1625,74.52%,426,740,1166
District Attorney,0004,954,369,1323,1709,77.41%,445,823,1268
District Attorney,0005,759,380,1139,1470,77.48%,384,717,1101
District Attorney,0006,1840,628,2468,4084,60.43%,1132,1239,2371
District Attorney,0007,430,125,555,1002,55.39%,21,519,540
District Attorney,0008,889,351,1240,1848,67.10%,570,626,1196
District Attorney,0009,658,312,970,1861,52.12%,217,696,913
District Attorney,0010,701,232,933,1830,50.98%,179,687,866
District Attorney,0011,617,258,875,1748,50.06%,163,650,813
District Attorney,0012,230,65,295,731,40.36%,141,138,279
District Attorney,0013,1230,382,1612,2751,58.60%,974,567,1541
District Attorney,0014,989,429,1418,1924,73.70%,662,705,1367
District Attorney,0015,1489,849,2338,2852,81.98%,1227,1022,2249
District Attorney,0016,676,189,865,1284,67.37%,378,451,829
District Attorney,0017,451,293,744,1198,62.10%,277,428,705
District Attorney,0018,743,367,1110,1456,76.24%,483,586,1069
District Attorney,0019,547,293,940,1288,72.98%,285,610,895
District Attorney,0020,1007,335,1342,2780,48.27%,406,868,1274
District Attorney,0021,539,207,746,1229,60.70%,151,566,717
District Attorney,0022,935,419,1354,2501,54.14%,224,1090,1314
District Attorney,0023,132,74,206,551,37.39%,33,163,196
District Attorney,0024,292,36,328,712,46.07%,57,259,316
District Attorney,0025,239,292,531,1105,48.05%,27,490,517
District Attorney,0026,834,313,1147,1969,58.25%,228,861,1089
District Attorney,0027,1391,508,1899,3271,58.06%,376,1410,1786
District Attorney,0028,1513,446,1959,3307,59.24%,1060,851,1911
District Attorney,0029,548,490,1138,2722,41.81%,337,738,1075
District Attorney,0030,1285,546,1831,2818,64.98%,507,1225,1732
District Attorney,0031,784,453,1237,2656,46.57%,54,1143,1197
District Attorney,0032,1245,504,1749,2728,64.11%,716,932,1648
District Attorney,0033,2072,554,2525,3907,67.21%,908,1573,2481
District Attorney,0034,1511,517,2128,3044,69.91%,437,1619,2056
Office,Precinct,Early Ballots Cast,Election Ballots Cast,Total Ballots Cast,Registered Voters,Percent Turnout,REP Devon Anderson,DEM Kim Ogg,Totals
District Attorney,0035,5,0,5,14,35.71%,3,2,5
District Attorney,0036,1032,516,1548,3100,49.94%,332,1146,1478
District Attorney,0037,1521,409,1930,2467,78.23%,612,1220,1832
District Attorney,0038,1876,436,2312,3081,75.04%,707,1519,2226
District Attorney,0039,1703,492,2195,3070,71.50%,533,1564,2097
District Attorney,0040,275,107,382,527,72.49%,161,201,362
District Attorney,0041,712,264,976,1518,64.30%,393,546,939
District Attorney,0042,438,109,547,1062,51.51%,21,517,538
District Attorney,0043,815,300,1115,1972,56.54%,437,622,1059
District Attorney,0044,726,310,1036,2126,48.73%,209,746,955
District Attorney,0045,2263,1021,3284,5740,57.21%,627,2520,3147
District Attorney,0046,875,341,1216,2568,47.35%,184,972,1156
District Attorney,0047,505,268,773,1618,47.78%,50,705,755
District Attorney,0048,348,168,516,967,53.36%,52,437,489
District Attorney,0049,1545,731,2277,3709,61.39%,1440,752,2192
District Attorney,0050,1836,680,2516,4314,58.32%,1161,1280,2441
District Attorney,0051,828,271,1099,1734,63.38%,759,312,1071
District Attorney,0052,1400,456,1856,2581,71.91%,809,970,1779
District Attorney,0053,1675,613,2288,3083,74.21%,860,1313,2173
District Attorney,0054,1052,211,1263,1619,78.01%,552,649,1201
District Attorney,0055,1252,410,1672,2094,79.85%,655,918,1573
District Attorney,0056,698,283,981,1393,70.42%,540,399,939
District Attorney,0057,2043,567,2610,3325,78.50%,930,1562,2492
District Attorney,0058,1716,484,2200,3031,72.58%,910,1187,2097
District Attorney,0059,1589,439,2028,2671,75.93%,768,1186,1954
District Attorney,0060,1473,537,2010,2766,72.67%,497,1429,1926
District Attorney,0061,519,423,942,1847,51.00%,238,651,889
District Attorney,0062,689,452,1141,2195,51.98%,219,859,1078
District Attorney,0063,767,391,1158,1903,60.85%,863,262,1125
District Attorney,0064,678,368,1046,2220,47.12%,200,774,974
District Attorney,0065,638,435,1073,2178,49.27%,177,842,1019
District Attorney,0066,247,255,502,1135,44.23%,101,372,473
District Attorney,0067,942,521,1463,3019,48.46%,281,1082,1363
District Attorney,0068,1171,430,1601,3096,51.71%,57,1491,1548
Office,Precinct,Early Ballots Cast,Election Ballots Cast,Total Ballots Cast,Registered Voters,Percent Turnout,REP Devon Anderson,DEM Kim Ogg,Totals
District Attorney,0069,375,222,597,1309,45.61%,88,462,550
District Attorney,0070,2288,670,2958,3815,77.54%,1536,1315,2851
District Attorney,0071,2703,947,3650,5016,72.77%,1679,1797,3476
District Attorney,0072,736,418,1154,2029,56.88%,275,828,1103
District Attorney,0073,813,282,1095,1621,67.55%,524,524,1048
District Attorney,0074,2503,268,2771,3578,77.45%,1982,711,2693
District Attorney,0075,1000,286,1286,1684,76.37%,515,705,1220
District Attorney,0076,1015,427,1442,2441,59.07%,682,701,1383
District Attorney,0077,2,5,7,17,41.18%,1,6,7
District Attorney,0078,618,254,872,1608,54.23%,225,594,819
District Attorney,0079,831,602,1433,2963,48.36%,260,1091,1351
District Attorney,0080,1174,466,1640,2840,57.75%,352,1213,1565
District Attorney,0081,776,273,1049,1964,53.41%,298,701,999
District Attorney,0082,1585,756,2341,3539,66.15%,1597,656,2253
District Attorney,0083,1829,540,2369,4174,56.76%,840,1452,2292
District Attorney,0084,573,257,830,1421,58.41%,551,250,801
District Attorney,0085,587,329,916,2169,42.23%,40,847,887
District Attorney,0086,2032,493,2525,3449,73.21%,1105,1321,2426
District Attorney,0087,1451,719,2170,2839,76.44%,1254,849,2103
District Attorney,0088,338,141,479,784,61.10%,293,168,461
District Attorney,0089,398,424,822,1094,75.14%,443,355,798
District Attorney,0090,1856,890,2746,3883,70.72%,1927,731,2658
District Attorney,0091,673,339,1012,1724,58.70%,543,416,959
District Attorney,0092,1263,474,1737,2260,76.86%,1066,606,1672
District Attorney,0093,1048,619,1667,3536,47.14%,477,1110,1587
District Attorney,0094,202,63,265,580,45.69%,51,203,254
District Attorney,0095,2022,534,2556,3394,75.31%,1567,915,2482
District Attorney,0096,828,306,1134,2060,55.05%,164,930,1094
District Attorney,0097,2511,467,2978,4414,67.47%,2093,780,2873
District Attorney,0098,1385,594,1979,3161,62.61%,1554,372,1926
District Attorney,0099,681,295,976,2192,44.53%,388,546,934
District Attorney,0100,529,276,805,1825,44.11%,312,469,781
District Attorney,0101,221,129,350,988,35.43%,83,252,335
District Attorney,0102,580,227,807,1907,42.32%,202,568,770
Office,Precinct,Early Ballots Cast,Election Ballots Cast,Total Ballots Cast,Registered Voters,Percent Turnout,REP Devon Anderson,DEM Kim Ogg,Totals
District Attorney,0103,2140,985,3125,5097,61.31%,1466,1574,3040
District Attorney,0104,913,211,1124,1920,58.54%,36,1060,1096
District Attorney,0105,709,433,1142,2304,49.57%,282,798,1080
District Attorney,0106,73,59,132,299,44.15%,45,86,131
District Attorney,0107,592,403,995,2230,44.62%,164,791,955
District Attorney,0108,1461,448,1909,3674,51.96%,862,947,1809
District Attorney,0109,1098,278,1376,2909,47.30%,55,1284,1339
District Attorney,0110,1661,481,2142,3222,66.48%,1168,903,2071
District Attorney,0111,2699,866,3565,4792,74.39%,2388,1048,3436
District Attorney,0112,1507,598,2105,3188,66.03%,1312,720,2032
District Attorney,0113,1307,418,1725,2718,63.47%,851,828,1679
District Attorney,0114,2290,506,2796,3885,71.97%,1956,747,2703
District Attorney,0115,609,272,881,1843,47.80%,84,764,848
District Attorney,0116,1898,599,2497,3194,78.18%,1743,683,2426
District Attorney,0117,573,379,952,1900,50.11%,318,581,899
District Attorney,0118,1823,530,2353,3181,73.97%,1177,1101,2278
District Attorney,0119,2755,409,3164,4682,67.58%,2368,707,3075
District Attorney,0120,1804,588,2392,3732,64.09%,1359,941,2300
District Attorney,0121,354,221,575,966,59.52%,345,219,564
District Attorney,0122,732,284,1016,1904,53.36%,63,925,988
District Attorney,0123,749,287,1036,1585,65.36%,239,753,992
District Attorney,0124,3136,888,4024,5393,74.62%,3027,904,3931
District Attorney,0125,1207,400,1607,2593,61.97%,814,739,1553
District Attorney,0126,2017,427,2444,3380,72.31%,1980,385,2365
District Attorney,0127,978,214,1192,2091,57.01%,805,335,1140
District Attorney,0128,1107,612,1719,2322,74.03%,955,688,1643
District Attorney,0129,2540,1052,3592,5172,69.45%,1946,1522,3468
District Attorney,0130,1310,433,1743,2289,76.15%,1174,525,1699
District Attorney,0131,798,371,1169,2147,54.45%,235,910,1145
District Attorney,0132,1028,322,1350,2378,56.77%,60,1268,1328
District Attorney,0133,1411,746,2157,2690,80.19%,1095,980,2075
District Attorney,0134,593,345,938,1513,62.00%,349,550,899
District Attorney,0135,1614,551,2165,2777,77.96%,1288,804,2092
District Attorney,0136,982,352,1334,2116,63.04%,93,1206,1299
Office,Precinct,Early Ballots Cast,Election Ballots Cast,Total Ballots Cast,Registered Voters,Percent Turnout,REP Devon Anderson,DEM Kim Ogg,Totals
District Attorney,0137,993,259,1252,1986,63.04%,805,399,1204
District Attorney,0138,600,228,828,1723,48.06%,42,767,809
District Attorney,0139,1939,601,2540,3435,73.94%,1051,1362,2413
District Attorney,0140,1513,510,2023,3270,61.87%,325,1616,1941
District Attorney,0141,217,153,370,904,40.93%,183,166,349
District Attorney,0142,293,140,433,933,46.41%,92,318,410
District Attorney,0143,1868,267,2135,2582,82.69%,1322,761,2083
District Attorney,0144,442,125,567,1086,52.21%,23,528,551
District Attorney,0145,560,256,816,1564,52.17%,22,774,796
District Attorney,0146,1000,494,1494,2073,72.07%,584,848,1432
District Attorney,0147,1411,354,1765,3211,54.97%,229,1493,1722
District Attorney,0148,1265,652,1917,2571,74.56%,686,1159,1845
District Attorney,0149,2938,573,3511,4756,73.82%,1881,1529,3410
District Attorney,0150,582,223,805,1574,51.14%,39,738,777
District Attorney,0151,282,107,389,826,47.09%,18,355,373
District Attorney,0152,838,524,1362,3059,44.52%,262,1028,1290
District Attorney,0153,544,399,943,1873,50.35%,210,698,908
District Attorney,0154,913,289,1202,2293,52.42%,241,889,1130
District Attorney,0155,2275,576,2851,4065,70.14%,1679,1066,2745
District Attorney,0156,1413,403,1815,3223,56.35%,111,1653,1764
District Attorney,0157,880,278,1158,2265,51.13%,73,1057,1130
District Attorney,0158,1143,365,1508,3049,49.46%,53,1425,1478
District Attorney,0159,348,147,495,997,49.65%,75,405,480
District Attorney,0160,286,67,353,717,49.23%,16,324,340
District Attorney,0161,378,173,551,992,55.54%,20,516,536
District Attorney,0162,364,267,631,1312,48.09%,146,442,588
District Attorney,0163,1080,524,1604,3075,52.16%,423,1045,1468
District Attorney,0164,441,258,699,1407,49.68%,32,647,679
District Attorney,0165,1169,469,1638,2460,66.59%,863,708,1571
District Attorney,0166,562,261,823,1171,70.28%,254,536,790
District Attorney,0167,5,2,7,24,29.17%,2,5,7
District Attorney,0168,196,59,255,512,49.80%,9,241,250
District Attorney,0169,985,247,1232,2548,48.35%,58,1142,1200
District Attorney,0170,553,262,925,1958,47.24%,393,474,867
Office,Precinct,Early Ballots Cast,Election Ballots Cast,Total Ballots Cast,Registered Voters,Percent Turnout,REP Devon Anderson,DEM Kim Ogg,Totals
District Attorney,0171,482,283,765,1648,46.42%,43,690,733
District Attorney,0172,245,103,348,661,52.65%,85,248,333
District Attorney,0173,2259,683,2942,3966,74.18%,2102,734,2836
District Attorney,0174,1715,707,2423,3389,71.50%,1495,829,2324
District Attorney,0175,1402,691,2093,2711,77.20%,986,1025,2011
District Attorney,0176,767,375,1142,1533,74.49%,496,593,1089
District Attorney,0177,937,333,1270,1715,74.05%,636,583,1219
District Attorney,0178,1116,273,1389,1795,77.38%,839,492,1331
District Attorney,0179,771,244,1015,1673,60.67%,432,525,957
District Attorney,0180,928,463,1391,2914,47.74%,71,1270,1341
District Attorney,0181,697,439,1136,2195,51.75%,256,830,1086
District Attorney,0182,1943,994,2937,4071,72.14%,1493,1327,2820
District Attorney,0183,1286,715,2001,2535,78.93%,1179,740,1919
District Attorney,0184,278,219,497,1048,47.42%,121,353,474
District Attorney,0185,709,444,1153,2054,56.13%,299,800,1099
District Attorney,0186,252,150,402,798,50.38%,41,349,390
District Attorney,0187,95,51,147,309,47.57%,26,110,136
District Attorney,0188,499,306,805,1711,47.05%,249,521,770
District Attorney,0189,804,279,1083,1505,71.96%,555,491,1046
District Attorney,0190,571,326,897,1849,48.51%,251,594,845
District Attorney,0191,327,259,586,1408,41.62%,159,405,564
District Attorney,0192,757,259,1016,1959,51.86%,80,900,980
District Attorney,0193,375,211,586,1099,53.32%,30,543,573
District Attorney,0194,1138,449,1587,2172,73.07%,406,1117,1523
District Attorney,0195,606,344,950,1739,54.63%,66,845,911
District Attorney,0196,132,37,169,313,53.99%,15,146,161
District Attorney,0197,995,372,1368,2969,46.08%,57,1276,1333
District Attorney,0198,161,82,243,619,39.26%,9,223,232
District Attorney,0199,1929,815,2744,4063,67.54%,1951,695,2646
District Attorney,0200,2307,377,2684,3692,72.70%,1121,1465,2586
District Attorney,0201,221,105,326,773,42.17%,16,305,321
District Attorney,0202,421,233,654,1410,46.38%,31,598,629
District Attorney,0203,298,111,409,988,41.40%,69,320,389
District Attorney,0204,2099,577,2676,3568,75.00%,1319,1233,2552
Office,Precinct,Early Ballots Cast,Election Ballots Cast,Total Ballots Cast,Registered Voters,Percent Turnout,REP Devon Anderson,DEM Kim Ogg,Totals
District Attorney,0205,771,171,942,1724,54.64%,29,895,924
District Attorney,0206,1277,494,1771,2965,59.73%,498,1183,1681
District Attorney,0207,605,212,817,1166,70.07%,252,537,789
District Attorney,0208,909,338,1247,2256,55.27%,306,881,1187
District Attorney,0209,0,0,0,0,0.00%,0,0,0
District Attorney,0210,1259,489,1748,2781,62.86%,267,1422,1689
District Attorney,0211,964,595,1559,3130,49.81%,411,1059,1470
District Attorney,0212,309,323,632,1370,46.13%,108,489,597
District Attorney,0213,1782,795,2577,3406,75.66%,1879,634,2513
District Attorney,0214,1016,418,1434,1911,75.04%,830,555,1385
District Attorney,0215,1096,636,1732,2286,75.77%,912,753,1665
District Attorney,0216,778,244,1022,1966,51.98%,76,912,988
District Attorney,0217,1545,618,2163,2736,79.06%,1246,859,2105
District Attorney,0218,1099,457,1555,2467,63.07%,386,1077,1463
District Attorney,0219,1117,515,1632,2868,56.90%,163,1395,1558
District Attorney,0220,832,306,1138,2362,48.18%,691,399,1090
District Attorney,0221,1032,473,1505,2598,57.93%,472,962,1434
District Attorney,0222,1460,671,2131,2728,78.12%,924,1103,2027
District Attorney,0223,1750,517,2267,3664,61.87%,567,1583,2150
District Attorney,0224,1155,495,1551,2313,71.81%,679,914,1593
District Attorney,0225,1353,596,1949,3689,52.83%,782,1101,1883
District Attorney,0226,840,421,1261,2554,49.37%,243,968,1211
District Attorney,0227,1071,359,1430,1810,79.01%,954,430,1384
District Attorney,0228,625,159,784,1175,66.72%,57,714,771
District Attorney,0229,227,168,395,828,47.71%,105,269,374
District Attorney,0230,353,155,518,1094,47.35%,32,472,504
District Attorney,0231,801,445,1246,2376,52.44%,262,936,1198
District Attorney,0232,941,438,1379,1826,75.52%,713,616,1329
District Attorney,0233,2571,703,3274,4713,69.47%,1379,1747,3126
District Attorney,0234,2419,728,3147,4042,77.86%,2174,867,3041
District Attorney,0235,461,203,664,1421,46.73%,32,607,639
District Attorney,0236,555,308,964,2104,45.82%,51,885,936
District Attorney,0237,739,312,1051,2146,48.97%,38,988,1026
District Attorney,0238,606,317,923,1948,47.38%,32,857,889
Office,Precinct,Early Ballots Cast,Election Ballots Cast,Total Ballots Cast,Registered Voters,Percent Turnout,REP Devon Anderson,DEM Kim Ogg,Totals
District Attorney,0239,694,334,1028,1984,51.81,%,40,968,1008
District Attorney,0240,1007,292,1299,2601,49.94%,39,1236,1275
District Attorney,0241,651,383,1034,2466,41.93%,320,679,999
District Attorney,0242,506,314,820,1744,47.02%,358,410,768
District Attorney,0243,244,42,286,475,60.21%,10,272,282
District Attorney,0244,1409,538,1947,3296,59.07%,879,993,1872
District Attorney,0245,2100,811,2911,4679,62.21%,1729,1054,2783
District Attorney,0246,2209,482,2691,3971,67.77%,1644,966,2610
District Attorney,0247,440,376,816,1595,51.16%,35,767,802
District Attorney,0248,453,347,800,2147,37.26%,159,593,752
District Attorney,0249,1124,365,1489,2825,52.71%,883,575,1458
District Attorney,0250,288,183,471,925,50.92%,22,439,461
District Attorney,0251,806,378,1184,2132,55.53%,72,1075,1147
District Attorney,0252,925,309,1235,2292,53.88%,35,1175,1210
District Attorney,0253,759,311,1070,2154,49.68%,43,1008,1051
District Attorney,0254,411,280,691,1675,41.25%,153,501,654
District Attorney,0255,1253,586,1839,2489,73.89%,755,1013,1768
District Attorney,0256,1398,583,1981,3321,59.65%,642,1245,1887
District Attorney,0257,997,622,1619,3497,46.30%,359,1193,1552
District Attorney,0258,1948,608,2555,3346,76.39%,1707,770,2477
District Attorney,0259,1030,414,1444,2312,62.46%,53,1361,1414
District Attorney,0260,547,227,774,1300,59.54%,372,367,739
District Attorney,0261,442,531,973,1457,66.78%,269,656,925
District Attorney,0262,1847,676,2523,4397,57.38%,1257,1148,2405
District Attorney,0263,2208,665,2873,4016,71.54%,1967,810,2777
District Attorney,0264,1110,627,1737,3101,56.01%,812,850,1662
District Attorney,0265,1991,608,2599,3582,72.56%,1683,820,2503
District Attorney,0266,737,443,1180,2147,54.96%,414,716,1130
District Attorney,0267,421,293,714,1433,49.83%,248,427,675
District Attorney,0268,1174,689,1863,2528,73.69%,956,809,1765
District Attorney,0269,1305,365,1670,2114,79.00%,1181,441,1622
District Attorney,0270,1816,688,2504,3985,62.84%,1164,1248,2412
District Attorney,0271,1150,346,1496,2558,58.48%,48,1423,1471
District Attorney,0272,870,415,1285,2334,55.06%,419,807,1226
Office,Precinct,Early Ballots Cast,Election Ballots Cast,Total Ballots Cast,Registered Voters,Percent Turnout,REP Devon Anderson,DEM Kim Ogg,Totals
District Attorney,0273,1175,647,1822,2485,73.32%,1325,449,1774
District Attorney,0274,1261,311,1572,2223,70.72%,910,598,1508
District Attorney,0275,585,334,919,2059,44.63%,149,739,888
District Attorney,0276,1027,255,1282,2458,52.16%,37,1219,1256
District Attorney,0277,573,338,911,1898,48.00%,306,577,883
District Attorney,0278,1059,469,1528,2602,58.72%,625,832,1457
District Attorney,0279,789,314,1103,2073,53.21%,576,478,1054
District Attorney,0280,444,362,806,1656,48.67%,205,556,761
District Attorney,0281,1287,590,1877,2507,74.87%,787,1009,1796
District Attorney,0282,773,604,1377,2144,64.23%,727,601,1328
District Attorney,0283,2351,1143,3494,6365,54.89%,501,2877,3378
District Attorney,0284,1585,574,2159,4079,52.93%,676,1393,2069
District Attorney,0285,1077,431,1508,2680,56.27%,117,1346,1463
District Attorney,0286,1708,545,2253,3757,59.97%,205,1980,2185
District Attorney,0287,851,408,1259,1658,75.93%,545,662,1207
District Attorney,0288,881,314,1195,2208,54.12%,37,1134,1171
District Attorney,0289,481,352,833,1584,52.59%,293,494,787
District Attorney,0290,705,332,1037,1623,63.89%,722,289,1011
District Attorney,0291,603,233,836,1218,68.64%,340,465,805
District Attorney,0292,549,178,727,1379,52.72%,89,614,703
District Attorney,0293,778,475,1253,1811,69.19%,493,703,1196
District Attorney,0294,852,198,1050,2054,51.12%,28,1002,1030
District Attorney,0295,270,111,381,894,42.62%,12,364,376
District Attorney,0296,701,385,1086,1705,63.70%,524,512,1036
District Attorney,0297,729,341,1070,2055,52.07%,342,687,1029
District Attorney,0298,1095,387,1482,2236,66.28%,689,738,1427
District Attorney,0299,499,236,735,1506,48.80%,216,473,689
District Attorney,0300,3385,728,4113,5480,75.05%,2908,1062,3970
District Attorney,0301,737,392,1129,2337,48.31%,362,717,1079
District Attorney,0302,1197,591,1788,3277,54.56%,850,870,1720
District Attorney,0303,1896,692,2588,3375,76.68%,1851,657,2508
District Attorney,0304,1190,474,1664,2326,71.54%,822,772,1594
District Attorney,0305,2154,545,2799,4838,57.85%,859,1839,2698
District Attorney,0306,1096,299,1395,1896,73.58%,904,440,1344
Office,Precinct,Early Ballots Cast,Election Ballots Cast,Total Ballots Cast,Registered Voters,Percent Turnout,REP Devon Anderson,DEM Kim Ogg,Totals
District Attorney,0307,1456,801,2257,3270,69.02%,1409,759,2168
District Attorney,0308,526,225,751,1457,51.54%,182,519,701
District Attorney,0309,2160,591,2751,3495,78.71%,2010,662,2672
District Attorney,0310,709,326,1035,1464,70.70%,584,409,993
District Attorney,0311,930,643,1573,3222,48.82%,682,802,1484
District Attorney,0312,1705,552,2257,3724,60.61%,1065,1105,2170
District Attorney,0313,23,8,31,61,50.82%,13,13,26
District Attorney,0314,2997,817,3814,5606,68.03%,2076,1638,3714
District Attorney,0315,801,353,1154,1636,70.54%,592,513,1105
District Attorney,0316,739,340,1079,1513,71.32%,522,522,1044
District Attorney,0317,593,252,845,1661,50.87%,205,601,806
District Attorney,0318,1726,529,2255,3776,59.72%,156,2040,2196
District Attorney,0319,994,271,1265,2199,57.53%,87,1145,1232
District Attorney,0320,554,238,792,1570,50.45%,268,488,756
District Attorney,0321,867,363,1230,2483,49.54%,324,824,1148
District Attorney,0322,426,124,550,1210,45.45%,153,385,538
District Attorney,0323,700,296,996,1793,55.55%,352,606,958
District Attorney,0324,1444,560,2004,2607,76.87%,1153,793,1946
District Attorney,0325,802,257,1059,2176,48.67%,180,831,1011
District Attorney,0326,271,129,400,736,54.35%,141,231,372
District Attorney,0327,738,141,879,1758,50.00%,31,823,854
District Attorney,0328,425,286,711,1631,43.59%,211,463,674
District Attorney,0329,589,260,849,1621,52.38%,237,567,804
District Attorney,0330,863,326,1189,2146,55.41%,493,652,1145
District Attorney,0331,884,234,1118,1612,69.35%,667,399,1066
District Attorney,0332,1355,503,1858,2926,63.50%,209,1581,1790
District Attorney,0333,1385,942,2327,3296,70.60%,1530,699,2229
District Attorney,0334,246,104,350,786,44.53%,58,277,335
District Attorney,0335,489,293,782,1679,46.58%,197,537,734
District Attorney,0336,2489,689,3178,4771,66.61%,346,2762,3108
District Attorney,0337,367,155,522,1108,47.11%,70,425,495
District Attorney,0338,1626,632,2258,5001,45.15%,559,1595,2154
District Attorney,0339,704,303,1007,1909,52.75%,194,762,956
District Attorney,0340,2040,654,2694,4012,67.15%,1821,775,2596
Office,Precinct,Early Ballots Cast,Election Ballots Cast,Total Ballots Cast,Registered Voters,Percent Turnout,REP Devon Anderson,DEM Kim Ogg,Totals
District Attorney,0341,380,278,658,1372,47.96%,150,475,625
District Attorney,0342,311,225,536,1092,49.08%,118,393,511
District Attorney,0343,722,370,1092,2099,52.02%,206,824,1030
District Attorney,0344,381,207,588,1225,48.00%,30,531,561
District Attorney,0345,575,349,924,1945,47.51%,174,704,878
District Attorney,0346,1,0,1,1,100.00%,0,0,0
District Attorney,0347,1461,618,2079,3614,57.53%,1121,892,2013
District Attorney,0348,830,242,1072,1796,59.69%,700,341,1041
District Attorney,0349,458,369,827,1372,60.28%,455,352,807
District Attorney,0350,1674,582,2256,3269,69.01%,749,1369,2118
District Attorney,0351,2855,570,3425,4799,71.37%,2458,854,3312
District Attorney,0352,2023,538,2561,4278,59.86%,1700,776,2476
District Attorney,0353,1715,659,2374,4156,57.12%,382,1924,2306
District Attorney,0354,1569,429,1998,3520,56.76%,445,1479,1924
District Attorney,0355,821,239,1060,1714,61.84%,113,917,1030
District Attorney,0356,1542,582,2124,3126,67.95%,1084,953,2037
District Attorney,0357,1882,557,2439,3685,66.19%,1649,699,2348
District Attorney,0358,775,376,1151,2634,43.70%,132,978,1110
District Attorney,0359,803,496,1299,3320,39.13%,137,1130,1267
District Attorney,0360,1858,597,2455,3309,74.19%,1061,1287,2348
District Attorney,0361,323,688,1011,1808,55.92%,134,791,925
District Attorney,0362,2865,553,3418,5161,66.23%,2242,1064,3306
District Attorney,0363,1826,635,2461,4160,59.16%,952,1449,2401
District Attorney,0364,1190,528,1718,2827,60.77%,731,909,1640
District Attorney,0365,827,174,1001,1348,74.26%,118,870,988
District Attorney,0366,988,524,1512,2887,52.37%,318,1131,1449
District Attorney,0367,453,204,657,1256,52.31%,137,495,632
District Attorney,0368,433,122,555,1024,54.20%,139,401,540
District Attorney,0369,132,29,161,678,23.75%,59,90,149
District Attorney,0370,2525,627,3152,4531,69.57%,2138,913,3051
District Attorney,0371,210,78,288,537,53.63%,19,264,283
District Attorney,0372,509,180,689,1274,54.08%,77,589,666
District Attorney,0373,61,13,74,163,45.40%,2,67,69
District Attorney,0374,176,165,341,720,47.36%,83,245,328
Office,Precinct,Early Ballots Cast,Election Ballots Cast,Total Ballots Cast,Registered Voters,Percent Turnout,REP Devon Anderson,DEM Kim Ogg,Totals
District Attorney,0375,745,510,1255,2836,44.25%,419,770,1189
District Attorney,0376,753,344,1097,2060,53.25%,378,667,1045
District Attorney,0377,1381,643,2024,3137,64.52%,1427,537,1964
District Attorney,0378,621,447,1068,1856,57.54%,619,419,1038
District Attorney,0379,857,388,1245,2149,57.93%,118,1095,1213
District Attorney,0380,2732,551,3283,4380,74.95%,1629,1558,3187
District Attorney,0381,1185,432,1517,3141,51.48%,586,965,1551
District Attorney,0382,429,206,635,1035,61.35%,361,251,612
District Attorney,0383,722,458,1180,2373,49.73%,328,793,1121
District Attorney,0384,1152,444,1596,2725,58.57%,356,1191,1547
District Attorney,0385,1141,561,1702,2207,77.12%,1201,441,1642
District Attorney,0386,1658,419,2077,3105,66.89%,1408,623,2031
District Attorney,0387,1702,780,2482,4340,57.19%,1552,852,2404
District Attorney,0388,2899,711,3510,5413,66.69%,1661,1823,3484
District Attorney,0389,397,293,690,1359,50.77%,86,566,652
District Attorney,0390,698,271,969,1482,65.38%,134,808,942
District Attorney,0391,986,336,1322,1978,66.84%,717,555,1272
District Attorney,0392,652,145,797,1426,55.89%,25,752,777
District Attorney,0393,427,257,684,1274,53.69%,295,360,655
District Attorney,0394,236,126,362,914,39.61%,116,228,344
District Attorney,0395,1007,371,1378,1875,73.49%,861,476,1337
District Attorney,0396,1035,204,1239,2072,59.80%,35,1173,1208
District Attorney,0397,204,117,321,796,40.33%,109,194,303
District Attorney,0398,1761,654,2415,4200,57.50%,1028,1296,2324
District Attorney,0399,1291,546,1837,3340,55.00%,658,1125,1783
District Attorney,0400,1457,372,1839,2661,69.11%,1124,653,1777
District Attorney,0401,703,257,960,1971,48.71%,53,871,924
District Attorney,0402,897,262,1159,1911,60.65%,80,1051,1131
District Attorney,0403,959,387,1346,1719,78.30%,636,650,1286
District Attorney,0404,1033,445,1478,2717,54.40%,668,764,1432
District Attorney,0405,1910,457,2367,3067,77.18%,1714,609,2323
District Attorney,0406,275,65,340,649,52.39%,9,320,329
District Attorney,0407,1703,860,2563,3969,64.58%,1424,1026,2450
District Attorney,0408,520,313,833,1740,47.87%,247,541,788
Office,Precinct,Early Ballots Cast,Election Ballots Cast,Total Ballots Cast,Registered Voters,Percent Turnout,REP Devon Anderson,DEM Kim Ogg,Totals
District Attorney,0409,501,280,781,1608,48.57%,223,517,740
District Attorney,0410,381,96,477,934,51.07%,89,369,458
District Attorney,0411,699,418,1117,2426,46.04%,263,793,1056
District Attorney,0412,156,80,236,478,49.37%,16,214,230
District Attorney,0413,1546,456,2002,3081,64.98%,733,1206,1939
District Attorney,0414,1573,514,2087,3586,58.20%,1440,586,2026
District Attorney,0415,1076,573,1649,2284,72.20%,1049,530,1579
District Attorney,0416,1443,845,2288,4009,57.07%,1055,1136,2191
District Attorney,0417,1104,397,1501,2589,57.98%,583,857,1440
District Attorney,0418,1336,663,1999,3940,50.74%,623,1276,1899
District Attorney,0419,1166,477,1643,2702,60.81%,897,693,1590
District Attorney,0420,2687,731,3418,4946,69.11%,2630,691,3321
District Attorney,0421,1240,273,1513,2023,74.79%,669,795,1464
District Attorney,0422,1357,401,1768,3348,52.81%,84,1643,1727
District Attorney,0423,316,288,604,1423,42.45%,123,460,583
District Attorney,0424,548,158,706,1079,65.43%,347,328,675
District Attorney,0425,257,139,396,878,45.10%,110,270,380
District Attorney,0426,485,228,713,1266,56.32%,341,343,684
District Attorney,0427,437,155,592,1120,52.86%,175,387,562
District Attorney,0428,1588,865,2553,5151,49.56%,605,1823,2428
District Attorney,0429,947,649,1596,3311,48.20%,307,1219,1526
District Attorney,0430,524,291,815,1794,45.43%,131,635,766
District Attorney,0431,1218,604,1822,3860,47.20%,370,1371,1741
District Attorney,0432,456,249,705,1568,44.96%,193,472,665
District Attorney,0433,163,88,251,561,44.74%,54,190,244
District Attorney,0434,831,293,1124,1557,72.19%,557,503,1060
District Attorney,0435,1951,567,2518,3363,74.87%,1458,963,2421
District Attorney,0436,2008,678,2686,3809,70.52%,1364,1220,2584
District Attorney,0437,1148,425,1573,2094,75.12%,968,551,1519
District Attorney,0438,2288,475,2763,3789,72.92%,1751,908,2659
District Attorney,0439,1854,749,2603,3701,70.33%,1639,872,2511
District Attorney,0440,1498,749,2247,2973,75.58%,1626,539,2165
District Attorney,0441,824,408,1232,1695,72.68%,797,400,1197
District Attorney,0442,2441,685,3126,4315,72.44%,2405,621,3026
Office,Precinct,Early Ballots Cast,Election Ballots Cast,Total Ballots Cast,Registered Voters,Percent Turnout,REP Devon Anderson,DEM Kim Ogg,Totals
District Attorney,0443,415,83,498,642,77.57%,336,145,481
District Attorney,0444,1820,679,2299,3625,63.42%,1167,1030,2197
District Attorney,0445,1038,382,1418,2134,66.45%,789,592,1381
District Attorney,0446,89,45,134,309,43.37%,47,82,129
District Attorney,0447,2411,464,2875,3727,77.14%,1784,969,2753
District Attorney,0448,1783,529,2292,3155,72.65%,1190,995,2185
District Attorney,0449,73,26,99,225,44.00%,11,86,97
District Attorney,0450,1104,394,1498,2890,51.83%,365,1082,1447
District Attorney,0451,1719,367,2086,2771,75.28%,1585,450,2035
District Attorney,0452,1871,662,2533,3789,66.85%,1602,841,2443
District Attorney,0453,661,417,1078,2039,52.87%,285,746,1031
District Attorney,0454,1043,288,1331,2509,53.05%,35,1266,1301
District Attorney,0455,669,173,842,1713,49.15%,41,771,812
District Attorney,0456,1,1404,553,1957,3793,51.60%,988,886,1874
District Attorney,0457,0,0,0,0,0.00%,0,0,0
District Attorney,0458,914,253,1167,2025,57.63%,88,1037,1125
District Attorney,0459,2382,432,2794,3942,70.88%,2011,696,2707
District Attorney,0460,1813,472,2085,3280,63.57%,520,1495,2015
District Attorney,0461,2242,669,2911,4054,71.81%,1675,1107,2782
District Attorney,0462,1474,738,2212,3507,63.07%,712,1429,2141
District Attorney,0463,1573,564,2237,3773,59.29%,824,1353,2177
District Attorney,0464,967,582,1549,2343,66.11%,895,583,1478
District Attorney,0465,1828,594,2222,3778,58.81%,930,1206,2136
District Attorney,0466,2274,509,2783,4327,64.32%,1336,1355,2691
District Attorney,0467,501,225,726,1320,55.00%,154,544,698
District Attorney,0468,1379,747,2125,4040,52.62%,508,1525,2033
District Attorney,0469,1857,462,2329,3257,71.51%,1694,568,2262
District Attorney,0470,555,232,787,1358,57.95%,543,222,765
District Attorney,0471,1057,458,1515,2473,61.26%,1088,384,1472
District Attorney,0472,463,339,802,1131,70.91%,309,455,764
District Attorney,0473,944,390,1334,1787,74.65%,843,442,1285
District Attorney,0474,1417,624,2041,3127,65.27%,1266,705,1971
District Attorney,0475,791,261,1052,1936,54.34%,392,614,1006
District Attorney,0476,1077,405,1482,2458,60.29%,733,702,1435
Office,Precinct,Early Ballots Cast,Election Ballots Cast,Total Ballots Cast,Registered Voters,Percent Turnout,REP Devon Anderson,DEM Kim Ogg,Totals
District Attorney,0477,2027,640,2667,4010,66.51%,1704,849,2553
District Attorney,0478,2271,683,2954,4696,62.90%,1745,1104,2849
District Attorney,0479,1978,755,2733,3851,70.97%,1869,789,2658
District Attorney,0480,1445,538,1983,2978,66.59%,1288,647,1935
District Attorney,0481,1756,667,2423,3609,67.14%,1646,687,2333
District Attorney,0482,2259,618,2877,4405,65.31%,1853,930,2783
District Attorney,0483,2305,538,2843,4495,63.25%,1359,1381,2740
District Attorney,0484,2020,700,2720,3981,68.32%,1610,1025,2635
District Attorney,0485,2118,567,2685,4051,66.28%,1805,802,2607
District Attorney,0486,2310,721,3031,4195,72.25%,2175,744,2919
District Attorney,0487,1405,527,1932,4142,46.64%,459,1323,1782
District Attorney,0488,842,511,1353,2382,56.80%,342,952,1294
District Attorney,0489,865,344,1209,1958,61.75%,306,862,1168
District Attorney,0490,980,346,1326,2105,62.99%,380,905,1285
District Attorney,0491,937,488,1425,2110,67.54%,703,669,1372
District Attorney,0492,1217,396,1613,2552,63.21%,777,782,1559
District Attorney,0493,1404,555,1959,3338,58.69%,688,1178,1866
District Attorney,0494,1079,419,1498,2787,53.75%,187,1264,1451
District Attorney,0495,1414,376,1790,2488,71.95%,1106,614,1720
District Attorney,0496,687,549,1236,2325,53.16%,404,784,1188
District Attorney,0497,915,281,1197,2148,55.73%,61,1104,1165
District Attorney,0498,1069,423,1492,2527,59.04%,504,931,1435
District Attorney,0499,1433,397,1830,2336,78.34%,1200,585,1785
District Attorney,0500,1869,651,2520,3698,68.14%,1485,954,2439
District Attorney,0501,1146,406,1552,2016,76.98%,581,894,1475
District Attorney,0502,1,355,293,1559,2595,63.93%,1214,391,1605
District Attorney,0503,1397,306,1703,2236,76.16%,1195,434,1629
District Attorney,0504,1270,482,1752,2318,75.58%,1024,678,1702
District Attorney,0505,1750,735,2485,4076,60.97%,997,1370,2367
District Attorney,0506,1513,696,2209,3544,62.33%,355,1786,2141
District Attorney,0507,599,319,918,2562,35.83%,194,627,821
District Attorney,0508,1519,828,2347,4767,49.23%,636,1545,2181
District Attorney,0509,2504,669,3173,5153,61.58%,1883,1186,3069
District Attorney,0510,1701,666,2367,3822,61.93%,935,1366,2301
Office,Precinct,Early Ballots Cast,Election Ballots Cast,Total Ballots Cast,Registered Voters,Percent Turnout,REP Devon Anderson,DEM Kim Ogg,Totals
District Attorney,0511,2933,574,3507,4620,75.91%,2057,1342,3399
District Attorney,0512,1668,871,2539,4559,55.69%,937,1506,2443
District Attorney,0513,1754,413,2187,3003,72.16%,1461,640,2101
District Attorney,0514,2288,613,2899,4378,66.22%,1860,940,2800
District Attorney,0515,1836,468,2304,3182,72.41%,1731,504,2235
District Attorney,0516,1316,363,1679,2799,59.99%,772,859,1631
District Attorney,0517,1610,509,2119,3744,56.60%,845,1191,2036
District Attorney,0518,1886,676,2562,4049,63.27%,1407,1068,2475
District Attorney,0519,1421,518,1939,3098,62.59%,1237,630,1867
District Attorney,0520,1788,670,2456,5202,47.21%,373,2030,2403
District Attorney,0521,1350,578,1928,3070,62.80%,862,1003,1865
District Attorney,0522,1508,464,1972,2815,70.05%,1370,564,1934
District Attorney,0523,1978,537,2515,4027,62.45%,1454,958,2412
District Attorney,0524,1392,637,2029,3598,56.39%,513,1446,1959
District Attorney,0525,1440,574,2014,3260,61.78%,430,1497,1927
District Attorney,0526,235,157,392,820,47.80%,85,280,365
District Attorney,0527,156,38,194,580,33.45%,71,112,183
District Attorney,0528,17,8,25,78,32.05%,1,23,24
District Attorney,0529,2107,434,2541,3842,66.14%,2012,436,2448
District Attorney,0530,375,212,587,1236,47.49%,117,424,541
District Attorney,0531,1234,166,1400,2250,62.22%,975,368,1343
District Attorney,0532,478,140,618,1058,58.41%,394,210,604
District Attorney,0533,352,169,521,1164,44.76%,244,252,496
District Attorney,0534,1895,577,2472,3918,63.09%,1627,761,2388
District Attorney,0535,132,62,194,413,46.97%,57,124,181
District Attorney,0536,2104,1053,3157,5637,56.00%,977,2018,2995
District Attorney,0537,1958,464,2422,3174,76.31%,1616,744,2360
District Attorney,0538,371,203,574,1332,43.09%,22,538,560
District Attorney,0539,811,234,1045,1535,68.08%,543,455,998
District Attorney,0540,997,349,1346,1759,76.52%,431,854,1285
District Attorney,0541,2157,761,2918,5001,58.35%,458,2347,2805
District Attorney,0542,1156,406,1562,2654,58.85%,128,1386,1514
District Attorney,0543,553,321,874,1658,52.71%,210,631,841
District Attorney,0544,84,54,138,313,44.09%,20,115,135
Office,Precinct,Early Ballots Cast,Election Ballots Cast,Total Ballots Cast,Registered Voters,Percent Turnout,REP Devon Anderson,DEM Kim Ogg,Totals
District Attorney,0545,2015,468,2483,3949,62.88%,1039,1334,2373
District Attorney,0546,1524,278,1802,2471,72.93%,1451,317,1768
District Attorney,0547,1413,270,1683,2534,66.42%,1050,571,1621
District Attorney,0548,882,395,1277,2339,54.60%,528,723,1251
District Attorney,0549,1105,447,1552,2786,55.71%,193,1317,1510
District Attorney,0550,1171,553,1724,3245,53.13%,709,973,1682
District Attorney,0551,2586,793,3379,4428,76.31%,2392,874,3266
District Attorney,0552,2090,784,2874,3762,76.40%,2178,607,2785
District Attorney,0553,962,317,1279,2193,58.32%,454,784,1238
District Attorney,0554,597,271,868,1774,48.93%,157,679,836
District Attorney,0555,639,390,1029,2286,45.01%,168,822,990
District Attorney,0556,759,435,1194,2491,47.93%,228,917,1145
District Attorney,0557,925,460,1385,2955,46.87%,374,916,1290
District Attorney,0558,1812,721,2533,4718,53.69%,731,1731,2462
District Attorney,0559,1901,701,2602,4984,52.21%,560,1951,2511
District Attorney,0560,290,247,537,1141,47.06%,89,418,507
District Attorney,0561,1023,624,1647,3138,52.49%,896,680,1576
District Attorney,0562,222,116,338,691,48.91%,43,267,310
District Attorney,0563,2069,337,2406,3468,69.38%,1750,593,2343
District Attorney,0564,1551,526,2077,3240,64.10%,533,1452,1985
District Attorney,0565,336,148,484,1414,34.23%,75,390,465
District Attorney,0566,1183,441,1624,3029,53.62%,389,1181,1570
District Attorney,0567,965,390,1355,2851,47.53%,317,961,1278
District Attorney,0568,1833,697,2530,3638,69.54%,1518,903,2421
District Attorney,0569,2027,747,2774,4125,67.25%,1232,1419,2651
District Attorney,0570,766,278,1044,1598,65.33%,360,627,987
District Attorney,0571,521,314,835,1950,42.82%,233,562,795
District Attorney,0572,1522,444,1966,3308,59.43%,788,1107,1895
District Attorney,0573,489,215,704,1625,43.32%,19,678,697
District Attorney,0574,112,74,186,391,47.57%,27,151,178
District Attorney,0575,1905,535,2440,3557,68.60%,1299,1052,2351
District Attorney,0576,1107,375,1482,2830,52.37%,104,1336,1440
District Attorney,0577,885,205,1090,1586,68.73%,603,454,1057
District Attorney,0578,1026,405,1431,1862,76.85%,814,561,1375
Office,Precinct,Early Ballots Cast,Election Ballots Cast,Total Ballots Cast,Registered Voters,Percent Turnout,REP Devon Anderson,DEM Kim Ogg,Totals
District Attorney,0579,287,181,468,1139,41.09%,77,368,445
District Attorney,0580,366,108,474,985,48.12%,21,446,467
District Attorney,0581,456,137,593,1033,57.41%,25,553,578
District Attorney,0582,543,232,775,1607,48.23%,54,693,747
District Attorney,0583,433,155,588,1286,45.72%,23,553,576
District Attorney,0584,367,120,487,1062,45.86%,39,431,470
District Attorney,0585,829,280,1109,2346,47.27%,62,1017,1079
District Attorney,0586,1790,790,2580,4521,57.07%,1369,1116,2485
District Attorney,0587,1204,431,1635,2870,56.97%,507,1074,1581
District Attorney,0588,1940,606,2546,3780,67.35%,1596,878,2474
District Attorney,0589,1539,545,2084,3780,55.13%,939,1066,2005
District Attorney,0590,1230,400,1630,2176,74.91%,1191,384,1575
District Attorney,0591,651,462,1113,2274,48.94%,262,796,1058
District Attorney,0592,449,272,721,1446,49.86%,154,538,692
District Attorney,0593,1581,755,2316,4179,55.42%,871,1335,2206
District Attorney,0594,1243,316,1559,2578,60.47%,403,1118,1521
District Attorney,0595,600,299,899,1833,49.05%,132,737,869
District Attorney,0596,1377,501,1878,3574,52.55%,791,1001,1792
District Attorney,0597,1204,609,1813,3587,50.54%,594,1142,1736
District Attorney,0598,2389,731,3120,5253,59.39%,1033,1954,2987
District Attorney,0599,1378,493,1871,3005,62.26%,594,1229,1823
District Attorney,0600,1602,776,2378,4204,56.57%,747,1520,2267
District Attorney,0601,2220,670,2890,4151,69.62%,1959,854,2813
District Attorney,0602,754,234,988,1441,68.56%,625,329,954
District Attorney,0603,2335,725,3060,4666,65.58%,1631,1320,2951
District Attorney,0604,1816,375,2191,3189,68.70%,1724,389,2113
District Attorney,0605,1711,599,2310,4217,54.78%,513,1687,2200
District Attorney,0606,319,111,430,970,44.33%,12,407,419
District Attorney,0607,163,51,214,712,30.06%,24,182,206
District Attorney,0608,156,77,233,570,40.88%,70,151,221
District Attorney,0609,2037,729,2766,4305,64.25%,1496,1161,2657
District Attorney,0610,665,343,1008,2086,48.32%,372,578,950
District Attorney,0611,980,229,1209,2527,47.84%,54,1129,1183
District Attorney,0612,1927,431,2358,3388,69.60%,1663,608,2271
Office,Precinct,Early Ballots Cast,Election Ballots Cast,Total Ballots Cast,Registered Voters,Percent Turnout,REP Devon Anderson,DEM Kim Ogg,Totals
District Attorney,0613,937,339,1276,2368,53.89%,216,1009,1225
District Attorney,0614,1949,645,2594,4566,56.81%,734,1756,2490
District Attorney,0615,1075,301,1376,2086,65.96%,685,644,1329
District Attorney,0616,1809,611,2420,3516,68.83%,1493,834,2327
District Attorney,0617,1704,650,2354,4179,56.33%,742,1530,2272
District Attorney,0618,1698,545,2243,3801,59.01%,856,1314,2170
District Attorney,0619,2792,663,3455,4916,70.28%,2389,989,3378
District Attorney,0620,1747,333,2080,3318,62.69%,984,1023,2007
District Attorney,0621,536,200,736,1272,57.86%,282,414,696
District Attorney,0622,2129,591,2720,4562,59.62%,1361,1262,2623
District Attorney,0623,1960,461,2421,3919,61.78%,1430,917,2347
District Attorney,0624,297,59,356,456,78.07%,259,90,349
District Attorney,0625,924,372,1296,1864,69.53%,661,597,1258
District Attorney,0626,2280,784,3064,4816,63.62%,1494,1472,2966
District Attorney,0627,935,649,1584,3235,48.96%,400,1119,1519
District Attorney,0628,716,545,1261,2420,52.11%,402,779,1181
District Attorney,0629,162,96,258,750,34.40%,33,217,250
District Attorney,0630,2662,541,3203,4738,67.60%,357,2769,3126
District Attorney,0631,1841,398,2239,3263,68.62%,1395,755,2150
District Attorney,0632,4,1,5,241,2.07%,0,5,5
District Attorney,0633,2286,601,2887,3912,73.80%,1858,937,2795
District Attorney,0634,1435,499,1934,3259,59.34%,1053,821,1874
District Attorney,0635,1645,520,2165,3512,61.65%,1497,585,2082
District Attorney,0636,2303,922,3225,4569,70.58%,2678,446,3124
District Attorney,0637,1095,423,1518,2591,58.59%,316,1117,1433
District Attorney,0638,850,348,1198,2310,51.86%,104,1064,1168
District Attorney,0639,1386,284,1670,2560,65.23%,1213,398,1611
District Attorney,0640,1619,615,2234,3927,56.89%,1183,980,2163
District Attorney,0641,1637,683,2320,3840,60.42%,1253,979,2232
District Attorney,0642,1030,270,1300,1783,72.91%,969,302,1271
District Attorney,0643,1948,593,2541,4189,60.66%,1117,1349,2466
District Attorney,0644,2087,689,2776,4446,62.44%,1505,1177,2682
District Attorney,0645,2145,769,2914,4517,64.51%,1102,1706,2808
District Attorney,0646,925,399,1324,2422,54.67%,330,932,1262
Office,Precinct,Early Ballots Cast,Election Ballots Cast,Total Ballots Cast,Registered Voters,Percent Turnout,REP Devon Anderson,DEM Kim Ogg,Totals
District Attorney,0647,1372,526,1898,4349,43.64%,403,1373,1776
District Attorney,0648,1859,500,2359,3487,67.65%,1553,743,2296
District Attorney,0649,1549,775,2324,4755,48.87%,555,1681,2236
District Attorney,0650,2033,819,2852,4039,70.61%,1805,966,2771
District Attorney,0651,1734,551,2285,3873,59.00%,1140,1059,2199
District Attorney,0652,1165,545,1710,2979,57.40%,266,1403,1669
District Attorney,0653,185,110,295,604,48.84%,66,220,286
District Attorney,0654,2381,698,3079,5063,60.81%,1492,1477,2969
District Attorney,0655,1959,761,2720,4495,60.51%,1394,1202,2596
District Attorney,0656,1106,401,1507,2737,55.06%,80,1385,1465
District Attorney,0657,683,276,959,1487,64.49%,317,605,922
District Attorney,0658,1299,494,1793,2901,61.81%,1009,725,1734
District Attorney,0659,2806,733,3539,5161,68.57%,2286,1139,3425
District Attorney,0660,1575,345,1920,3087,62.20%,210,1660,1870
District Attorney,0661,1945,774,2720,4363,62.34%,1273,1335,2608
District Attorney,0662,2267,571,2838,4002,70.91%,2177,593,2770
District Attorney,0663,1338,448,1786,2340,76.32%,841,854,1695
District Attorney,0664,909,513,1422,2992,47.53%,257,1101,1358
District Attorney,0665,1327,360,1687,2354,71.67%,1290,349,1639
District Attorney,0666,0,0,0,0,0.00%,0,0,0
District Attorney,0667,1109,400,1509,2175,69.38%,1062,402,1464
District Attorney,0668,1552,719,2271,3669,61.90%,1265,933,2198
District Attorney,0669,1889,702,2591,3585,72.27%,1654,852,2506
District Attorney,0670,1996,416,2412,3335,72.32%,1768,572,2340
District Attorney,0671,1398,588,1986,3198,62.10%,1007,907,1914
District Attorney,0672,1724,489,2213,3433,64.46%,1467,690,2157
District Attorney,0673,1525,467,2092,3051,68.57%,1571,466,2037
District Attorney,0674,2354,610,2964,4228,70.10%,2037,838,2875
District Attorney,0675,0,0,0,0,0.00%,0,0,0
District Attorney,0676,1087,465,1552,2976,52.15%,546,936,1482
District Attorney,0677,423,259,682,1300,52.46%,165,478,643
District Attorney,0678,1164,294,1458,2660,54.81%,171,1241,1412
District Attorney,0679,1718,529,2247,3542,63.44%,1475,685,2160
District Attorney,0680,98,17,115,179,64.25%,45,68,113
Office,Precinct,Early Ballots Cast,Election Ballots Cast,Total Ballots Cast,Registered Voters,Percent Turnout,REP Devon Anderson,DEM Kim Ogg,Totals
District Attorney,0681,e,0,6,4,150.00%,4,2,6
District Attorney,0682,2112,690,2802,4313,64.97%,1909,804,2713
District Attorney,0683,82,5,87,302,28.81%,18,64,82
District Attorney,0684,1580,640,2320,3559,65.19%,1343,887,2230
District Attorney,0685,139,28,167,285,58.60%,75,82,157
District Attorney,0686,53,5,58,221,26.24%,14,42,56
District Attorney,0687,1510,400,1910,2713,70.40%,1173,666,1839
District Attorney,0688,2333,594,2927,3922,74.63%,2175,677,2852
District Attorney,0689,725,604,1330,2449,54.31%,530,720,1250
District Attorney,0690,1957,553,2520,3614,69.73%,1829,604,2433
District Attorney,0691,2131,551,2682,3690,72.68%,1958,646,2604
District Attorney,0692,1278,678,1956,3118,62.73%,1314,567,1881
District Attorney,0693,309,110,419,681,61.53%,97,310,407
District Attorney,0694,1005,319,1324,2478,53.43%,492,781,1273
District Attorney,0695,628,315,943,1842,51.19%,520,379,899
District Attorney,0696,723,312,1035,2027,51.06%,577,429,1006
District Attorney,0697,1299,552,1851,3238,57.16%,437,1348,1785
District Attorney,0698,1275,520,1795,3339,53.76%,212,1524,1736
District Attorney,0699,1276,398,1674,2387,70.13%,998,593,1591
District Attorney,0700,726,247,973,1536,63.35%,768,179,947
District Attorney,0701,208,73,281,614,45.77%,119,142,261
District Attorney,0702,183,69,252,550,45.82%,36,206,242
District Attorney,0703,899,528,1427,1943,73.44%,952,425,1377
District Attorney,0704,1698,512,2210,3121,70.81%,1714,444,2158
District Attorney,0705,331,206,537,1513,35.49%,53,469,522
District Attorney,0706,1248,372,1620,2821,57.43%,557,974,1531
District Attorney,0707,377,69,446,757,58.92%,247,180,427
District Attorney,0708,162,98,260,592,43.92%,80,173,253
District Attorney,0709,2257,528,2785,4136,67.34%,1391,1310,2701
District Attorney,0710,1132,450,1582,2096,75.48%,798,717,1515
District Attorney,0711,1978,599,2577,3820,67.46%,1253,1228,2481
District Attorney,0712,1720,627,2347,4002,58.65%,797,1485,2282
District Attorney,0713,770,365,1135,2006,56.58%,500,598,1098
District Attorney,0714,102,28,130,306,42.48%,49,74,123
Office,Precinct,Early Ballots Cast,Election Ballots Cast,Total Ballots Cast,Registered Voters,Percent Turnout,REP Devon Anderson,DEM Kim Ogg,Totals
District Attorney,0715,553,239,792,1549,51.13%,355,412,767
District Attorney,0716,1215,419,1635,2720,60.11%,1084,503,1587
District Attorney,0717,974,232,1206,2082,57.93%,174,989,1163
District Attorney,0718,2243,872,3115,4412,70.60%,1909,1093,3002
District Attorney,0719,624,223,847,1644,51.52%,399,414,813
District Attorney,0720,2498,709,3207,4709,68.10%,2035,1053,3088
District Attorney,0721,1455,603,2059,2926,70.71%,1252,730,1982
District Attorney,0722,1929,609,2538,4638,54.72%,193,2275,2468
District Attorney,0723,897,261,1158,1959,59.11%,219,897,1116
District Attorney,0724,395,146,541,800,67.63%,339,184,523
District Attorney,0725,976,294,1270,2336,54.37%,474,737,1211
District Attorney,0726,1271,321,1592,2207,72.13%,1323,232,1555
District Attorney,0727,981,415,1396,2708,51.55%,368,1000,1368
District Attorney,0728,399,198,597,942,63.38%,327,244,571
District Attorney,0729,235,49,284,471,60.30%,151,126,277
District Attorney,0730,1360,406,1766,2435,72.53%,1037,659,1696
District Attorney,0731,2087,624,2711,4834,56.08%,1075,1545,2620
District Attorney,0732,791,449,1240,1943,63.82%,679,509,1188
District Attorney,0733,55,25,80,303,26.40%,25,52,77
District Attorney,0734,2307,556,2863,4294,66.67%,1782,992,2774
District Attorney,0735,157,61,218,251,86.85%,110,102,212
District Attorney,0736,14,3,17,42,40.48%,0,14,14
District Attorney,0737,21,6,27,56,48.21%,19,8,27
District Attorney,0738,435,214,649,1497,43.35%,110,524,634
District Attorney,0739,978,440,1418,2971,47.73%,591,777,1368
District Attorney,0740,280,159,449,1005,44.68%,215,214,429
District Attorney,0741,923,262,1185,1895,62.53%,296,833,1129
District Attorney,0742,1532,498,2030,2859,71.00%,1200,757,1957
District Attorney,0743,54,60,114,234,48.72%,41,65,106
District Attorney,0744,1009,444,1453,2103,69.09%,806,594,1400
District Attorney,0745,1213,446,1659,2543,65.24%,936,667,1603
District Attorney,0746,244,121,365,732,49.86%,165,175,340
District Attorney,0747,1746,693,2439,4096,59.55%,987,1356,2343
District Attorney,0748,563,245,808,1556,51.93%,361,419,780
Office,Precinct,Early Ballots Cast,Election Ballots Cast,Total Ballots Cast,Registered Voters,Percent Turnout,REP Devon Anderson,DEM Kim Ogg,Totals
District Attorney,0749,115,1,116,432,26.85%,19,93,112
District Attorney,0750,294,122,416,809,51.42%,215,179,394
District Attorney,0751,2931,1013,3944,5893,66.93%,2245,1556,3801
District Attorney,0752,659,227,886,1484,59.70%,553,298,851
District Attorney,0753,258,53,311,512,60.74%,119,179,298
District Attorney,0754,386,262,648,1590,40.75%,32,596,628
District Attorney,0755,1782,955,2737,5015,54.58%,916,1705,2621
District Attorney,0756,687,309,996,1723,57.81%,312,648,960
District Attorney,0757,1867,601,2468,4792,51.50%,402,1994,2396
District Attorney,0758,2104,595,2699,3803,70.97%,1960,645,2605
District Attorney,0759,1389,375,1764,2779,63.48%,960,740,1700
District Attorney,0760,1219,268,1487,2162,68.78%,1129,320,1449
District Attorney,0761,1088,167,1255,1598,78.54%,830,390,1220
District Attorney,0762,924,303,1227,1828,67.12%,529,656,1185
District Attorney,0763,370,264,634,1249,50.76%,184,417,601
District Attorney,0764,2472,677,3149,4827,65.24%,1791,1236,3027
District Attorney,0765,2051,874,2925,5742,50.94%,759,2076,2835
District Attorney,0766,126,59,185,428,43.22%,26,143,169
District Attorney,0767,31,15,46,92,50.00%,20,24,44
District Attorney,0768,1479,387,1866,2643,70.60%,1367,437,1804
District Attorney,0769,85,14,99,184,53.80%,6,92,98
District Attorney,0770,103,42,145,388,37.37%,48,93,141
District Attorney,0771,572,210,782,1588,49.24%,310,445,755
District Attorney,0772,2805,477,3282,4606,71.25%,2287,889,3176
District Attorney,0773,1693,638,2331,4414,52.81%,550,1639,2189
District Attorney,0774,150,66,216,426,50.70%,49,161,210
District Attorney,0775,50,1,51,102,50.00%,1,49,50
District Attorney,0776,1432,538,1970,3276,60.13%,1062,838,1900
District Attorney,0777,201,105,306,767,39.90%,69,226,295
District Attorney,0778,0,3,3,0,0.00%,0,3,3
District Attorney,0779,263,160,423,1019,41.51%,101,284,385
District Attorney,0780,170,130,300,666,45.05%,100,178,278
District Attorney,0781,1235,612,1847,3782,48.84%,538,1177,1715
District Attorney,0782,1048,368,1416,2355,60.13%,789,564,1353
Office,Precinct,Early Ballots Cast,Election Ballots Cast,Total Ballots Cast,Registered Voters,Percent Turnout,REP Devon Anderson,DEM Kim Ogg,Totals
District Attorney,0783,197,90,287,520,55.19%,20,259,279
District Attorney,0784,408,119,527,1062,49.62%,22,490,512
District Attorney,0785,1229,357,1586,1896,83.65%,780,744,1524
District Attorney,0786,396,177,573,1258,45.55%,172,373,545
District Attorney,0787,180,83,263,542,48.52%,79,173,252
District Attorney,0788,2,0,2,13,15.38%,2,0,2
District Attorney,0789,1377,420,1797,2998,59.94%,980,765,1745
District Attorney,0790,1143,329,1472,2523,58.34%,476,940,1416
District Attorney,0791,9,3,12,29,41.38%,2,10,12
District Attorney,0792,548,415,1063,1954,54.40%,246,778,1024
District Attorney,0793,984,416,1400,2620,53.44%,685,657,1342
District Attorney,0794,626,411,1037,3208,32.33%,107,898,1005
District Attorney,0795,396,2,398,1281,31.07%,120,251,371
District Attorney,0796,1371,455,1835,3041,60.37%,729,1059,1788
District Attorney,0797,0,0,0,0,0.00%,0,0,0
District Attorney,0798,222,142,364,521,69.87%,126,224,350
District Attorney,0799,58,26,84,171,49.12%,16,67,83
District Attorney,0800,1934,730,2664,4216,63.19%,1519,1063,2582
District Attorney,0801,90,44,134,261,51.34%,41,88,129
District Attorney,0802,54,21,75,224,33.48%,12,55,67
District Attorney,0803,2555,547,3212,4514,71.16%,2109,1001,3110
District Attorney,0804,2703,682,3385,5303,63.83%,1701,1585,3286
District Attorney,0805,1597,454,2051,2874,71.36%,1512,478,1990
District Attorney,0806,1001,324,1325,1889,70.14%,785,506,1291
District Attorney,0807,792,349,1141,2163,52.75%,200,908,1108
District Attorney,0808,142,57,199,232,85.78%,76,112,188
District Attorney,0809,19,7,26,98,26.53%,12,13,25
District Attorney,0810,47,31,78,197,39.59%,12,58,70
District Attorney,0811,82,68,150,277,54.15%,31,114,145
District Attorney,0812,0,0,0,0,0.00%,0,0,0
District Attorney,0813,1742,434,2176,3488,62.39%,898,1205,2103
District Attorney,0814,1968,827,2795,5483,50.98%,550,2155,2705
District Attorney,0815,0,0,0,0,0.00%,0,0,0
District Attorney,0816,23,10,33,64,51.56%,4,27,31
Office,Precinct,Early Ballots Cast,Election Ballots Cast,Total Ballots Cast,Registered Voters,Percent Turnout,REP Devon Anderson,DEM Kim Ogg,Totals
District Attorney,0817,2787,550,3337,4700,71.00%,2228,1020,3248
District Attorney,0818,208,104,312,737,42.33%,67,236,303
District Attorney,0819,108,31,139,228,60.96%,65,72,137
District Attorney,0820,0,0,0,0,0.00%,0,0,0
District Attorney,0821,362,188,550,1295,42.47%,70,457,527
District Attorney,0822,571,185,756,1574,48.03%,37,692,729
District Attorney,0823,1339,410,1749,3017,57.97%,881,801,1682
District Attorney,0824,1057,410,1467,2762,53.11%,318,1104,1422
District Attorney,0825,9,7,16,21,76.19%,3,12,15
District Attorney,0826,177,70,247,355,69.58%,126,111,237
District Attorney,0827,218,234,452,1042,43.38%,131,308,439
District Attorney,0828,1174,281,1455,1965,74.05%,1058,348,1406
District Attorney,0829,101,19,120,235,51.06%,34,81,115
District Attorney,0830,2,2,4,2,200.00%,4,0,4
District Attorney,0831,8,5,13,36,36.11%,5,6,11
District Attorney,0832,124,50,174,364,47.80%,44,120,164
District Attorney,0833,3,2,5,20,25.00%,1,4,5
District Attorney,0834,142,61,203,388,52.32%,18,183,201
District Attorney,0835,87,71,158,311,50.80%,40,109,149
District Attorney,0836,128,0,128,248,51.61%,9,111,120
District Attorney,0837,0,0,0,0,0.00%,0,0,0
District Attorney,0838,0,0,0,0,0.00%,0,0,0
District Attorney,0839,419,174,593,1190,49.83%,127,447,574
District Attorney,0840,829,228,1057,1780,59.38%,345,675,1020
District Attorney,0841,1473,475,1948,3431,56.78%,437,1462,1899
District Attorney,0842,1338,513,1851,3390,54.60%,679,1094,1773
District Attorney,0843,595,298,893,1387,64.38%,172,684,856
District Attorney,0844,4,0,4,10,40.00%,0,4,4
District Attorney,0845,151,13,164,218,75.23%,90,67,157
District Attorney,0846,61,22,83,229,36.24%,2,79,81
District Attorney,0847,993,330,1323,2310,57.27%,336,940,1276
District Attorney,0848,1011,201,1212,1875,64.64%,351,824,1175
District Attorney,0849,731,455,1186,2272,52.20%,305,797,1102
District Attorney,0850,129,19,148,208,71.15%,59,86,145
Office,Precinct,Early Ballots Cast,Election Ballots Cast,Total Ballots Cast,Registered Voters,Percent Turnout,REP Devon Anderson,DEM Kim Ogg,Totals
District Attorney,0851,1885,441,2326,3597,64.66%,1457,793,2250
District Attorney,0852,0,0,0,1,0.00%,0,0,0
District Attorney,0853,1637,487,2124,2986,71.13%,1486,584,2070
District Attorney,0854,40,19,59,175,33.71%,6,51,57
District Attorney,0855,7,2,9,21,42.86%,4,4,8
District Attorney,0856,0,3,3,0,0.00%,1,0,1
District Attorney,0857,0,0,0,1,0.00%,0,0,0
District Attorney,0858,121,35,156,334,46.71%,4,143,147
District Attorney,0859,391,143,534,945,56.51%,117,400,517
District Attorney,0860,1,1,2,0,0.00%,0,2,2
District Attorney,0861,777,272,1049,1941,54.04%,173,842,1015
District Attorney,0862,1989,508,2497,3739,66.78%,1385,1037,2422
District Attorney,0863,192,64,256,581,44.06%,19,232,251
District Attorney,0864,693,574,1267,2708,46.79%,282,922,1204
District Attorney,0865,9,2,11,21,52.38%,1,10,11
District Attorney,0866,0,0,0,0,0.00%,0,0,0
District Attorney,0867,0,0,0,0,0.00%,0,0,0
District Attorney,0868,736,495,1231,2446,50.33%,295,882,1177
District Attorney,0869,165,55,220,480,45.83%,28,189,217
District Attorney,0870,0,2,2,0,0.00%,2,0,2
District Attorney,0871,2,1,3,3,100.00%,0,3,3
District Attorney,0872,16,6,22,68,32.35%,11,11,22
District Attorney,0873,296,111,407,778,52.31%,97,299,396
District Attorney,0874,1681,670,2351,3294,71.37%,1604,671,2275
District Attorney,0875,1947,501,2448,3592,68.15%,1072,1298,2370
District Attorney,0876,1945,577,2522,3485,72.37%,1665,774,2439
District Attorney,0877,1803,528,2331,3651,63.85%,841,1421,2262
District Attorney,0878,685,110,795,1039,76.52%,617,151,768
District Attorney,0879,1215,413,1628,2843,57.26%,651,913,1564
District Attorney,0880,1354,471,1825,2467,73.98%,1297,470,1767
District Attorney,0881,2465,927,3392,5638,60.16%,882,2418,3300
District Attorney,0882,1952,595,2547,4317,59.00%,730,1727,2457
District Attorney,0883,2252,928,3180,5613,56.65%,540,2529,3069
District Attorney,0884,149,55,204,396,51.52%,29,170,199
Office,Precinct,Early Ballots Cast,Election Ballots Cast,Total Ballots Cast,Registered Voters,Percent Turnout,REP Devon Anderson,DEM Kim Ogg,Totals
District Attorney,0885,1570,323,1893,2811,67.34%,1017,819,1836
District Attorney,0886,495,152,647,906,71.41,%,317,291,608
District Attorney,0887,234,95,329,492,66.87%,167,141,308
District Attorney,0888,817,289,1106,1867,59.24%,347,722,1069
District Attorney,0889,113,28,141,238,59.24%,34,101,135
District Attorney,0890,445,98,543,1214,44.73%,200,314,514
District Attorney,0891,753,194,947,1376,68.82%,318,602,920
District Attorney,0892,420,123,543,900,60.33%,182,330,512
District Attorney,0893,1,4,5,9,55.56%,2,3,5
District Attorney,0894,801,305,1106,2087,52.99%,156,914,1070
District Attorney,0895,417,252,669,834,80.22%,271,371,642
District Attorney,0896,838,254,1092,1467,74.44%,336,717,1053
District Attorney,0897,812,365,1177,1766,66.65%,598,538,1136
District Attorney,0898,792,301,1093,1821,60.02%,419,646,1065
District Attorney,0899,745,165,911,1264,72.07%,531,359,890
District Attorney,0900,7,0,7,12,58.33%,0,7,7
District Attorney,0901,0,0,0,0,0.00%,0,0,0
District Attorney,0902,1310,361,1671,2217,75.37%,793,805,1598
District Attorney,0903,1314,354,1668,2558,65.21%,1173,452,1625
District Attorney,0904,2,0,2,8,25.00%,1,1,2
District Attorney,0905,390,136,526,946,55.60%,192,319,511
District Attorney,0906,19,3,22,28,78.57%,10,12,22
District Attorney,0907,53,37,90,201,44.78%,7,81,88
District Attorney,0908,0,0,0,0,0.00%,0,0,0
District Attorney,0909,7,1,8,21,38.10%,1,6,7
District Attorney,0910,78,37,115,236,48.73%,38,70,108
District Attorney,0911,237,63,300,576,52.08%,181,113,294
District Attorney,0912,712,167,879,1341,65.55%,491,356,847
District Attorney,0913,102,12,114,241,47.30%,20,90,110
District Attorney,0914,42,0,42,124,33.87%,9,32,41
District Attorney,0915,0,0,0,0,0.00%,0,0,0
District Attorney,0916,1472,308,1780,2205,80.73%,1293,429,1722
District Attorney,0917,33,9,42,147,28.57%,4,34,38
District Attorney,0918,3,1,4,7,57.14%,2,2,4
Office,Precinct,Early Ballots Cast,Election Ballots Cast,Total Ballots Cast,Registered Voters,Percent Turnout,REP Devon Anderson,DEM Kim Ogg,Totals
District Attorney,0919,1,0,1,1,100.00%,0,1,1
District Attorney,0920,41,13,54,79,68.35%,34,20,54
District Attorney,0921,27,6,33,61,54.10%,7,26,33
District Attorney,0922,0,0,0,0,0.00%,0,0,0
District Attorney,0923,2331,350,2681,3536,75.82%,1917,711,2628
District Attorney,0924,0,0,0,0,0.00%,0,0,0
District Attorney,0925,0,0,0,0,0.00%,0,0,0
District Attorney,0926,550,149,699,967,72.29%,461,219,660
District Attorney,0927,966,173,1139,1771,64.31%,526,569,1095
District Attorney,0928,4,1,5,7,71.43%,0,5,5
District Attorney,0929,0,0,0,0,0.00%,0,0,0
District Attorney,0930,217,83,300,606,49.50%,18,272,290
District Attorney,0931,67,28,115,141,81.56%,45,61,106
District Attorney,0932,0,1,1,0,0.00%,0,1,1
District Attorney,0933,297,93,390,668,58.38%,115,260,375
District Attorney,0934,9,4,13,37,35.14%,6,7,13
District Attorney,0935,12,9,21,55,38.18%,8,13,21
District Attorney,0936,23,9,32,76,42.11%,6,23,29
District Attorney,0937,0,0,0,0,0.00%,0,0,0
District Attorney,0938,72,19,91,255,35.69%,24,65,89
District Attorney,0939,1,1,2,4,50.00%,1,1,2
District Attorney,0940,9,3,12,28,42.86%,0,12,12
District Attorney,0941,264,144,428,870,49.20%,189,214,403
District Attorney,0942,102,16,118,152,77.63%,72,45,117
District Attorney,0943,192,28,220,774,28.42%,48,160,208
District Attorney,0944,1,0,1,1,100.00%,0,1,1
District Attorney,0945,6,6,14,21,66.67%,2,11,13
District Attorney,0946,4,2,6,14,42.86%,2,4,6
District Attorney,0947,426,198,626,820,76.34%,293,310,603
District Attorney,0948,0,0,0,1,0.00%,0,0,0
District Attorney,0949,64,61,145,210,69.05%,59,80,139
District Attorney,0950,0,0,0,0,0.00%,0,0,0
District Attorney,0951,114,62,176,304,57.89%,40,127,167
District Attorney,0952,32,15,47,65,72.31%,30,17,47
Office,Precinct,Early Ballots Cast,Election Ballots Cast,Total Ballots Cast,Registered Voters,Percent Turnout,REP Devon Anderson,DEM Kim Ogg,Totals
District Attorney,0953,4,0,4,8,50.00%,0,4,4
District Attorney,0954,0,0,0,0,0.00%,0,0,0
District Attorney,0955,3528,572,4100,5108,80.27%,2774,1163,3937
District Attorney,0956,0,0,0,0,0.00%,0,0,0
District Attorney,0957,282,39,321,585,54.87%,44,268,312
District Attorney,0958,430,231,661,1202,54.99%,118,516,634
District Attorney,0959,0,0,0,0,0.00%,0,0,0
District Attorney,0960,829,235,1064,1471,72.33%,239,794,1033
District Attorney,0961,820,318,1138,2369,48.04%,185,907,1092
District Attorney,0962,33,12,45,88,51.14%,7,35,42
District Attorney,0963,225,91,316,528,59.85%,123,175,298
District Attorney,0964,2145,325,2470,3179,77.70%,1380,1015,2395
District Attorney,0965,101,35,136,345,39.42%,83,48,131
District Attorney,0966,368,189,557,1332,41.82%,122,402,524
District Attorney,0967,82,24,106,186,56.99%,40,61,101
District Attorney,0968,455,127,582,906,64.24%,123,436,559
District Attorney,0969,299,71,370,624,59.29%,13,352,365
District Attorney,0970,223,102,325,810,40.12%,38,267,305
District Attorney,0971,0,0,0,0,0.00%,0,0,0
District Attorney,0972,0,0,0,0,0.00%,0,0,0
District Attorney,0973,504,138,642,999,64.26%,376,243,619
District Attorney,0974,0,1,1,0,0.00%,1,0,1
District Attorney,0975,104,26,130,190,68.42%,54,66,120
District Attorney,0976,190,152,342,712,48.03%,158,165,323
District Attorney,0977,160,108,268,617,43.44%,89,171,260
District Attorney,0978,0,0,0,0,0.00%,0,0,0
District Attorney,0979,0,0,0,0,0.00%,0,0,0
District Attorney,0980,686,333,1019,1412,72.17%,696,291,987
District Attorney,0981,12,2,14,31,45.16%,1,12,13
District Attorney,0982,1898,501,2399,2916,82.27%,1741,585,2326
District Attorney,0983,55,17,82,198,41.41,%,42,38,80
District Attorney,0984,75,57,133,341,39.00%,12,119,131
District Attorney,0985,222,56,278,355,78.31%,117,149,266
District Attorney,0986,153,78,231,537,43.02%,24,200,224
Office,Precinct,Early Ballots Cast,Election Ballots Cast,Total Ballots Cast,Registered Voters,Percent Turnout,REP Devon Anderson,DEM Kim Ogg,Totals
District Attorney,0987,476,130,606,1183,51.23%,48,537,585
District Attorney,0988,62,15,77,117,65.81%,64,11,75
District Attorney,0989,0,0,0,0,0.00%,0,0,0
District Attorney,0990,5,6,11,66,16.67%,4,7,11
District Attorney,0991,0,1,1,2,50.00%,0,1,1
District Attorney,0992,456,106,562,1075,52.28%,250,288,538
District Attorney,0993,0,0,0,0,0.00%,0,0,0
District Attorney,0994,56,12,68,75,90.67%,20,47,67
District Attorney,0995,753,193,946,1576,60.03%,104,812,916
District Attorney,0996,403,70,473,708,66.81%,233,220,453
District Attorney,0997,521,283,804,1909,42.12%,138,646,784
District Attorney,0998,24,12,36,68,52.94%,22,13,35
District Attorney,0999,0,0,0,0,0.00%,0,0,0
District Attorney,1000,122,22,144,428,33.64%,21,118,139
District Attorney,1001,519,280,799,1654,48.31%,154,607,761
District Attorney,1002,480,270,750,1804,41.57%,105,609,714
District Attorney,1003,0,0,0,0,0.00%,0,0,0
District Attorney,1004,349,114,463,691,67.00%,211,237,448
District Attorney,1005,0,0,0,0,0.00%,0,0,0
District Attorney,1006,0,0,0,0,0.00%,0,0,0
District Attorney,1007,694,306,1000,1775,56.34%,216,754,970
District Attorney,1008,620,107,727,1011,71.91%,538,170,708
District Attorney,1009,0,0,0,0,0.00%,0,0,0
District Attorney,1010,292,96,388,647,59.97%,73,304,377
District Attorney,1011,9,6,15,31,48.39%,7,6,13
District Attorney,1012,543,362,905,1633,55.42%,226,633,859
District Attorney,Totals:,981446,353327,1334773,2182980,588464,696955,1285419
