Office,Precinct,Early Ballots Cast,Election Ballots Cast,Total Ballots Cast,Registered Voters,Percent Turnout,REP Wayne Christian,DEM Grady Yarbrough,LIB Mark Miller,GRN Martina Salinas,Totals
Railroad Commissioner,0001,1425,496,1922,2682,71.66%,610,899,230,98,1837
Railroad Commissioner,0002,1007,370,1377,2099,65.60%,529,582,152,58,1321
Railroad Commissioner,0003,875,335,1211,1525,74.52%,397,535,175,47,1155
Railroad Commissioner,0004,955,359,1324,1709,77.47%,397,619,216,45,1277
Railroad Commissioner,0005,750,380,1140,1470,77.55%,374,505,176,44,1100
Railroad Commissioner,0006,1841,628,2469,4084,60.46%,1106,1105,108,67,2385
Railroad Commissioner,0007,430,125,555,1002,55.39%,13,516,4,7,540
Railroad Commissioner,0008,891,351,1242,1848,67.21%,523,511,112,49,1195
Railroad Commissioner,0009,662,312,974,1861,52.34%,200,580,67,79,926
Railroad Commissioner,0010,703,232,935,1830,51.09%,147,617,21,86,871
Railroad Commissioner,0011,519,258,877,1748,50.17%,155,555,33,83,825
Railroad Commissioner,0012,230,65,295,731,40.36%,135,122,12,13,282
Railroad Commissioner,0013,1232,382,1614,2751,58.67%,973,441,81,53,1548
Railroad Commissioner,0014,992,429,1421,1924,73.86%,624,519,169,54,1366
Railroad Commissioner,0015,1490,849,2339,2852,82.01%,1179,715,310,27,2231
Railroad Commissioner,0016,583,189,872,1284,67.91%,366,358,102,17,843
Railroad Commissioner,0017,452,293,745,1198,62.19%,266,363,56,18,703
Railroad Commissioner,0018,744,367,1111,1456,76.30%,453,435,131,39,1058
Railroad Commissioner,0019,552,293,945,1288,73.37%,278,471,124,36,909
Railroad Commissioner,0020,1013,335,1348,2780,48.49%,355,706,160,63,1284
Railroad Commissioner,0021,541,207,748,1229,60.86%,142,457,83,36,718
Railroad Commissioner,0022,935,419,1355,2501,54.18%,188,1019,59,49,1315
Railroad Commissioner,0023,132,74,206,551,37.39%,32,139,11,20,202
Railroad Commissioner,0024,294,36,330,712,46.35%,58,236,13,11,318
Railroad Commissioner,0025,241,292,533,1105,48.24%,21,476,13,13,523
Railroad Commissioner,0025,835,313,1149,1969,58.35%,206,710,69,102,1087
Railroad Commissioner,0027,1394,508,1902,3271,58.15%,339,1185,108,170,1802
Railroad Commissioner,0028,1517,446,1963,3307,59.36%,1043,757,69,35,1904
Railroad Commissioner,0029,548,490,1138,2722,41.81%,292,669,36,87,1084
Railroad Commissioner,0030,1292,546,1838,2818,65.22%,484,1024,167,63,1738
Railroad Commissioner,0031,785,453,1239,2656,46.65%,36,1119,23,16,1194
Railroad Commissioner,0032,1259,504,1773,2728,64.99%,676,772,211,43,1702
Railroad Commissioner,0033,2085,554,2640,3907,67.57%,856,1223,327,94,2500
Railroad Commissioner,0034,1513,517,2130,3044,69.97%,402,1271,244,136,2053
Office,Precinct,Early Ballots Cast,Election Ballots Cast,Total Ballots Cast,Registered Voters,Percent Turnout,REP Wayne Christian,DEM Grady Yarbrough,LIB Mark Miller,GRN Martina Salinas,Totals
Railroad Commissioner,0035,5,0,5,14,35.71%,2,2,1,0,5
Railroad Commissioner,0036,1032,516,1548,3100,49.94%,294,1058,50,76,1478
Railroad Commissioner,0037,1537,409,1946,2467,78.88%,624,953,211,69,1857
Railroad Commissioner,0038,1879,436,2315,3081,75.14%,666,1146,322,87,2221
Railroad Commissioner,0039,1711,492,2203,3070,71.76%,519,1231,264,87,2101
Railroad Commissioner,0040,275,107,382,527,72.49%,145,125,89,3,362
Railroad Commissioner,0041,712,264,976,1518,64.30%,380,500,47,24,951
Railroad Commissioner,0042,438,109,547,1062,51.51%,12,518,0,5,535
Railroad Commissioner,0043,817,300,1117,1972,56.64%,420,538,62,48,1068
Railroad Commissioner,0044,729,310,1039,2126,48.87%,181,634,59,95,969
Railroad Commissioner,0045,2263,1021,3284,5740,57.21%,563,2391,82,125,3161
Railroad Commissioner,0046,876,341,1217,2568,47.39%,147,862,47,96,1152
Railroad Commissioner,0047,507,268,775,1618,47.90%,35,693,9,19,756
Railroad Commissioner,0048,348,168,516,967,53.36%,50,413,11,18,492
Railroad Commissioner,0049,1548,731,2279,3709,61.45%,1430,645,76,54,2205
Railroad Commissioner,0050,1838,680,2518,4314,58.37%,1128,1131,122,59,2440
Railroad Commissioner,0051,829,271,1100,1734,63.44%,756,241,51,20,1068
Railroad Commissioner,0052,1408,456,1864,2581,72.22%,794,723,212,59,1788
Railroad Commissioner,0053,1680,613,2293,3083,74.38%,857,947,321,75,2200
Railroad Commissioner,0054,1055,211,1257,1619,78.26%,535,482,161,28,1206
Railroad Commissioner,0055,1272,410,1682,2094,80.32%,629,718,208,48,1603
Railroad Commissioner,0056,698,283,981,1393,70.42%,517,324,80,28,949
Railroad Commissioner,0057,2045,567,2612,3325,78.56%,904,1083,396,108,2491
Railroad Commissioner,0058,1717,484,2201,3031,72.62%,863,897,270,72,2102
Railroad Commissioner,0059,1594,439,2033,2671,76.11%,718,871,286,82,1957
Railroad Commissioner,0060,1477,537,2014,2766,72.81%,477,1100,251,112,1940
Railroad Commissioner,0061,519,423,942,1847,51.00%,223,591,30,50,894
Railroad Commissioner,0062,689,452,1141,2195,51.98%,179,767,26,104,1076
Railroad Commissioner,0063,767,391,1158,1903,60.85%,862,195,50,13,1120
Railroad Commissioner,0064,678,368,1046,2220,47.12%,164,702,21,88,975
Railroad Commissioner,0065,639,435,1074,2178,49.31%,146,766,31,78,1021
Railroad Commissioner,0066,247,255,502,1135,44.23%,71,372,9,30,482
Railroad Commissioner,0067,944,521,1465,3019,48.53%,238,996,45,99,1378
Railroad Commissioner,0068,1172,430,1602,3096,51.74%,39,1470,18,28,1555
Office,Precinct,Early Ballots Cast,Election Ballots Cast,Total Ballots Cast,Registered Voters,Percent Turnout,REP Wayne Christian,DEM Grady Yarbrough,LIB Mark Miller,GRN Martina Salinas,Totals
Railroad Commissioner,0069,375,222,597,1309,45.61%,79,401,19,53,552
Railroad Commissioner,0070,2297,670,2967,3815,77.77%,1532,935,330,64,2861
Railroad Commissioner,0071,2719,947,3666,5016,73.09%,1635,1418,402,68,3523
Railroad Commissioner,0072,737,418,1155,2029,56.92%,235,720,38,112,1105
Railroad Commissioner,0073,813,282,1095,1621,67.55%,495,393,124,36,1048
Railroad Commissioner,0074,2503,268,2771,3578,77.45%,1950,541,156,34,2681
Railroad Commissioner,0075,1002,286,1288,1684,76.48%,487,530,166,50,1233
Railroad Commissioner,0076,1015,427,1442,2441,59.07%,630,629,54,80,1393
Railroad Commissioner,0077,2,5,7,1,7,41.18%,1,5,0,1,7
Railroad Commissioner,0078,519,254,873,1608,54.29%,189,522,38,67,816
Railroad Commissioner,0079,831,602,1433,2963,48.36%,210,972,36,138,1356
Railroad Commissioner,0080,1175,466,1641,2840,57.78%,316,1153,32,69,1570
Railroad Commissioner,0081,776,273,1049,1964,53.41%,260,642,32,61,995
Railroad Commissioner,0082,1588,755,2344,3539,66.23%,1560,544,140,37,2281
Railroad Commissioner,0083,1534,540,2374,4174,56.88%,835,1319,82,76,2312
Railroad Commissioner,0084,573,257,830,1421,58.41%,549,208,23,26,806
Railroad Commissioner,0085,603,329,932,2169,42.97%,32,822,24,28,906
Railroad Commissioner,0086,2040,493,2533,3449,73.44%,1063,978,309,86,2436
Railroad Commissioner,0087,1452,719,2171,2839,76.47%,1158,607,293,30,2088
Railroad Commissioner,0088,338,141,479,784,61.10%,289,136,25,11,461
Railroad Commissioner,0089,399,424,823,1094,75.23%,390,260,111,19,780
Railroad Commissioner,0090,1850,890,2750,3883,70.82%,1839,572,203,48,2662
Railroad Commissioner,0091,673,339,1012,1724,58.70%,514,340,58,51,963
Railroad Commissioner,0092,1255,474,1740,2260,76.99%,1004,485,162,41,1692
Railroad Commissioner,0093,1049,619,1668,3536,47.17%,439,1050,39,89,1617
Railroad Commissioner,0094,202,53,255,580,45.69%,43,184,7,20,254
Railroad Commissioner,0095,2025,534,2550,3394,75.43%,1500,682,254,52,2488
Railroad Commissioner,0096,828,306,1134,2060,55.05%,139,876,32,42,1089
Railroad Commissioner,0097,2515,467,2982,4414,67.56%,2108,610,121,49,2888
Railroad Commissioner,0098,1385,594,1979,3161,62.61%,1536,286,71,24,1917
Railroad Commissioner,0099,581,295,976,2192,44.53%,364,502,24,47,937
Railroad Commissioner,0100,531,276,807,1825,44.22%,293,415,27,44,779
Railroad Commissioner,0101,221,129,350,988,35.43%,77,238,7,15,337
Railroad Commissioner,0102,581,227,808,1907,42.37%,187,515,20,50,772
Office,Precinct,Early Ballots Cast,Election Ballots Cast,Total Ballots Cast,Registered Voters,Percent Turnout,REP Wayne Christian,DEM Grady Yarbrough,LIB Mark Miller,GRN Martina Salinas,Totals
Railroad Commissioner,0103,2148,985,3133,5097,61.47%,1401,1428,94,123,3046
Railroad Commissioner,0104,915,211,1126,1920,58.65%,25,1050,9,16,1100
Railroad Commissioner,0105,709,433,1142,2304,49.57%,251,723,34,81,1089
Railroad Commissioner,0106,73,59,132,299,44.15%,38,86,3,3,130
Railroad Commissioner,0107,594,403,997,2230,44.71%,129,743,23,64,959
Railroad Commissioner,0108,1464,448,1912,3674,52.04%,858,866,57,50,1831
Railroad Commissioner,0109,1098,278,1376,2909,47.30%,36,1281,7,15,1339
Railroad Commissioner,0110,1664,481,2145,3222,66.57%,1169,785,85,48,2087
Railroad Commissioner,0111,2701,866,3567,4792,74.44%,2323,879,178,73,3453
Railroad Commissioner,0112,1509,598,2107,3188,66.09%,1272,573,136,46,2027
Railroad Commissioner,0113,1308,418,1726,2718,63.50%,811,742,79,46,1678
Railroad Commissioner,0114,2294,506,2800,3885,72.07%,1909,623,120,60,2712
Railroad Commissioner,0115,609,272,881,1843,47.80%,72,732,9,30,843
Railroad Commissioner,0116,1898,599,2497,3194,78.18%,1737,453,219,25,2434
Railroad Commissioner,0117,574,379,953,1900,50.16%,290,522,35,57,904
Railroad Commissioner,0118,1825,530,2355,3181,74.03%,1143,932,153,53,2281
Railroad Commissioner,0119,2763,409,3172,4682,67.75%,2319,549,172,44,3084
Railroad Commissioner,0120,1812,588,2400,3732,64.31%,1302,787,160,59,2308
Railroad Commissioner,0121,354,221,575,966,59.52%,340,180,22,20,562
Railroad Commissioner,0122,733,284,1017,1904,53.41%,42,910,17,15,984
Railroad Commissioner,0123,750,287,1037,1585,65.43%,228,570,149,56,1003
Railroad Commissioner,0124,3137,888,4025,5393,74.63%,2983,711,177,66,3937
Railroad Commissioner,0125,1207,400,1607,2593,61.97%,783,639,87,49,1558
Railroad Commissioner,0126,2021,427,2448,3380,72.43%,1970,284,110,26,2390
Railroad Commissioner,0127,979,214,1193,2091,57.05%,779,293,50,21,1143
Railroad Commissioner,0128,1107,612,1719,2322,74.03%,894,477,235,24,1630
Railroad Commissioner,0129,2549,1052,3601,5172,69.62%,1918,1161,285,102,3466
Railroad Commissioner,0130,1314,433,1747,2289,76.32%,1134,400,128,31,1693
Railroad Commissioner,0131,801,371,1172,2147,54.59%,213,841,23,61,1138
Railroad Commissioner,0132,1030,322,1352,2378,56.85%,36,1257,17,15,1325
Railroad Commissioner,0133,1412,746,2158,2690,80.22%,1069,728,227,44,2068
Railroad Commissioner,0134,594,345,939,1513,62.06%,334,482,25,61,902
Railroad Commissioner,0135,1521,551,2172,2777,78.21%,1242,576,233,28,2079
Railroad Commissioner,0136,985,352,1337,2116,63.19%,66,1129,52,50,1297
Office,Precinct,Early Ballots Cast,Election Ballots Cast,Total Ballots Cast,Registered Voters,Percent Turnout,REP Wayne Christian,DEM Grady Yarbrough,LIB Mark Miller,GRN Martina Salinas,Totals
Railroad Commissioner,0137,993,259,1252,1986,63.04%,769,354,63,33,1219
Railroad Commissioner,0138,501,228,829,1723,48.11%,29,746,9,20,804
Railroad Commissioner,0139,1947,601,2548,3435,74.18%,1027,1007,313,72,2419
Railroad Commissioner,0140,1525,510,2035,3270,62.23%,271,1498,110,73,1952
Railroad Commissioner,0141,217,153,370,904,40.93%,182,136,15,18,351
Railroad Commissioner,0142,293,140,433,933,46.41%,77,279,11,38,405
Railroad Commissioner,0143,1868,267,2135,2582,82.69%,1305,659,112,21,2097
Railroad Commissioner,0144,442,125,567,1086,52.21%,13,524,7,5,549
Railroad Commissioner,0145,560,255,815,1564,52.17%,13,770,9,5,797
Railroad Commissioner,0146,1000,494,1494,2073,72.07%,548,670,166,51,1435
Railroad Commissioner,0147,1412,354,1766,3211,55.00%,200,1458,36,32,1726
Railroad Commissioner,0148,1266,652,1918,2571,74.60%,656,831,296,55,1838
Railroad Commissioner,0149,2941,573,3514,4756,73.89%,1810,1380,158,83,3431
Railroad Commissioner,0150,582,223,805,1574,51.14%,29,728,10,14,781
Railroad Commissioner,0151,282,107,389,826,47.09%,16,351,3,5,375
Railroad Commissioner,0152,838,524,1362,3059,44.52%,237,949,24,86,1296
Railroad Commissioner,0153,545,399,944,1873,50.40%,182,634,30,64,910
Railroad Commissioner,0154,913,289,1202,2293,52.42%,203,799,29,102,1133
Railroad Commissioner,0155,2275,576,2851,4065,70.14%,1662,881,168,47,2758
Railroad Commissioner,0156,1415,403,1818,3223,56.41%,76,1602,44,41,1763
Railroad Commissioner,0157,880,278,1158,2265,51.13%,62,1036,16,22,1136
Railroad Commissioner,0158,1145,365,1510,3049,49.52%,31,1405,22,20,1478
Railroad Commissioner,0159,350,147,497,997,49.85%,67,375,17,19,478
Railroad Commissioner,0160,286,67,353,717,49.23%,11,318,7,7,343
Railroad Commissioner,0161,378,173,551,992,55.54%,13,496,10,11,530
Railroad Commissioner,0152,364,257,531,1312,48.09%,138,402,21,32,593
Railroad Commissioner,0163,1083,524,1507,3075,52.26%,404,941,36,102,1483
Railroad Commissioner,0164,441,258,699,1407,49.68%,25,629,9,9,672
Railroad Commissioner,0165,1172,469,1641,2460,66.71%,838,565,130,49,1582
Railroad Commissioner,0166,563,261,824,1171,70.37%,234,440,80,38,792
Railroad Commissioner,0167,5,2,7,24,29.17%,0,5,1,1,7
Railroad Commissioner,0168,196,59,255,512,49.80%,5,242,2,2,251
Railroad Commissioner,0169,985,247,1232,2548,48.35%,36,1143,14,12,1205
Railroad Commissioner,0170,554,262,925,1958,47.29%,381,427,30,42,880
Office,Precinct,Early Ballots Cast,Election Ballots Cast,Total Ballots Cast,Registered Voters,Percent Turnout,REP Wayne Christian,DEM Grady Yarbrough,LIB Mark Miller,GRN Martina Salinas,Totals
Railroad Commissioner,0171,482,283,765,1648,46.42%,34,669,10,18,731
Railroad Commissioner,0172,245,103,348,661,52.65%,74,222,14,28,338
Railroad Commissioner,0173,2262,683,2945,3966,74.26%,2050,614,151,47,2862
Railroad Commissioner,0174,1718,707,2425,3389,71.56%,1446,627,213,51,2337
Railroad Commissioner,0175,1403,691,2094,2711,77.24%,930,790,222,48,1990
Railroad Commissioner,0176,767,375,1142,1533,74.49%,471,437,145,16,1069
Railroad Commissioner,0177,943,333,1276,1715,74.40%,599,441,142,34,1216
Railroad Commissioner,0178,1116,273,1389,1795,77.38%,828,323,157,25,1333
Railroad Commissioner,0179,773,244,1017,1673,60.79%,430,440,68,40,978
Railroad Commissioner,0180,930,463,1393,2914,47.80%,43,1235,30,31,1339
Railroad Commissioner,0181,698,439,1137,2195,51.80%,222,763,28,78,1091
Railroad Commissioner,0182,1952,994,2946,4071,72.37%,1353,997,373,74,2797
Railroad Commissioner,0183,1289,715,2004,2535,79.05%,1126,529,232,28,1915
Railroad Commissioner,0184,278,219,497,1048,47.42%,116,317,12,22,467
Railroad Commissioner,0185,709,444,1153,2054,56.13%,266,759,29,54,1108
Railroad Commissioner,0186,252,150,402,798,50.38%,25,338,7,22,392
Railroad Commissioner,0187,96,51,147,309,47.57%,19,95,5,16,135
Railroad Commissioner,0188,499,306,805,1711,47.05%,237,476,25,40,778
Railroad Commissioner,0189,805,279,1084,1505,72.03%,533,362,109,45,1049
Railroad Commissioner,0190,571,326,897,1849,48.51%,233,538,24,61,856
Railroad Commissioner,0191,327,259,586,1408,41.62%,151,357,18,37,563
Railroad Commissioner,0192,757,259,1016,1959,51.86%,56,886,22,24,988
Railroad Commissioner,0193,376,211,587,1099,53.41%,16,503,22,29,570
Railroad Commissioner,0194,1144,449,1593,2172,73.34%,375,888,192,62,1517
Railroad Commissioner,0195,606,344,950,1739,54.63%,39,835,17,25,916
Railroad Commissioner,0196,133,37,170,313,54.31%,13,135,4,10,162
Railroad Commissioner,0197,995,372,1368,2969,46.08%,36,1258,16,24,1334
Railroad Commissioner,0198,161,82,243,619,39.26%,11,211,5,7,234
Railroad Commissioner,0199,1932,815,2747,4063,67.61%,1941,509,179,46,2675
Railroad Commissioner,0200,2317,377,2694,3692,72.97%,1059,1140,306,66,2571
Railroad Commissioner,0201,222,105,327,773,42.30%,8,296,5,8,317
Railroad Commissioner,0202,421,233,654,1410,46.38%,24,582,7,16,629
Railroad Commissioner,0203,298,111,409,988,41.40%,52,288,19,28,387
Railroad Commissioner,0204,2104,577,2681,3568,75.14%,1262,926,305,74,2567
Office,Precinct,Early Ballots Cast,Election Ballots Cast,Total Ballots Cast,Registered Voters,Percent Turnout,REP Wayne Christian,DEM Grady Yarbrough,LIB Mark Miller,GRN Martina Salinas,Totals
Railroad Commissioner,0205,772,171,943,1724,54.70%,20,884,13,8,925
Railroad Commissioner,0206,1278,494,1772,2965,59.76%,450,958,171,109,1688
Railroad Commissioner,0207,606,212,818,1166,70.15%,216,460,66,41,783
Railroad Commissioner,0208,910,338,1248,2256,55.32%,258,843,28,63,1192
Railroad Commissioner,0209,0,0,0,0,0.00%,0,0,0,0,0
Railroad Commissioner,0210,1269,489,1758,2781,63.21%,224,1297,105,81,1707
Railroad Commissioner,0211,965,595,1551,3130,49.87%,377,939,54,117,1487
Railroad Commissioner,0212,309,323,632,1370,46.13%,94,454,14,41,603
Railroad Commissioner,0213,1782,795,2577,3406,75.66%,1863,410,217,23,2513
Railroad Commissioner,0214,1017,418,1435,1911,75.09%,755,438,148,24,1365
Railroad Commissioner,0215,1097,636,1733,2286,75.81%,852,572,194,38,1656
Railroad Commissioner,0216,778,244,1022,1966,51.98%,53,878,19,36,986
Railroad Commissioner,0217,1547,618,2165,2736,79.13%,1182,573,293,40,2088
Railroad Commissioner,0218,1101,457,1558,2467,63.15%,320,936,97,119,1472
Railroad Commissioner,0219,1125,515,1641,2868,57.22%,124,1346,53,42,1565
Railroad Commissioner,0220,833,306,1139,2362,48.22%,680,341,38,33,1092
Railroad Commissioner,0221,1032,473,1505,2598,57.93%,441,862,41,86,1430
Railroad Commissioner,0222,1461,671,2132,2728,78.15%,860,817,331,30,2038
Railroad Commissioner,0223,1766,517,2283,3664,62.31%,511,1344,212,114,2181
Railroad Commissioner,0224,1165,495,1551,2313,71.81%,644,693,208,42,1587
Railroad Commissioner,0225,1357,596,1953,3689,52.94%,766,988,89,53,1896
Railroad Commissioner,0226,840,421,1261,2554,49.37%,206,882,33,91,1212
Railroad Commissioner,0227,1071,359,1430,1810,79.01%,931,240,196,13,1380
Railroad Commissioner,0228,628,159,787,1175,66.98%,38,705,21,12,776
Railroad Commissioner,0229,229,168,397,828,47.95%,97,250,4,28,379
Railroad Commissioner,0230,354,155,519,1094,47.44%,22,465,9,8,504
Railroad Commissioner,0231,802,445,1247,2376,52.48%,215,863,33,80,1191
Railroad Commissioner,0232,942,438,1380,1826,75.58%,657,485,147,29,1318
Railroad Commissioner,0233,2583,703,3286,4713,69.72%,1306,1358,379,105,3148
Railroad Commissioner,0234,2425,728,3153,4042,78.01%,2115,627,264,29,3035
Railroad Commissioner,0235,461,203,664,1421,46.73%,22,600,9,12,643
Railroad Commissioner,0236,555,308,964,2104,45.82%,41,851,17,26,935
Railroad Commissioner,0237,740,312,1052,2146,49.02%,21,978,8,18,1025
Railroad Commissioner,0238,607,317,924,1948,47.43%,24,825,17,24,890
Office,Precinct,Early Ballots Cast,Election Ballots Cast,Total Ballots Cast,Registered Voters,Percent Turnout,REP Wayne Christian,DEM Grady Yarbrough,LIB Mark Miller,GRN Martina Salinas,Totals
Railroad Commissioner,0239,694,334,1028,1984,51.81%,30,943,16,21,1010
Railroad Commissioner,0240,1008,292,1300,2601,49.98%,23,1220,16,16,1275
Railroad Commissioner,0241,652,383,1035,2466,41.97%,307,614,21,52,994
Railroad Commissioner,0242,507,314,821,1744,47.08%,332,377,23,49,781
Railroad Commissioner,0243,245,42,287,475,60.42%,5,273,4,2,284
Railroad Commissioner,0244,1412,538,1950,3296,59.16%,848,889,94,55,1886
Railroad Commissioner,0245,2103,811,2914,4679,62.28%,1708,898,137,67,2810
Railroad Commissioner,0246,2214,482,2696,3971,67.89%,1576,872,103,63,2614
Railroad Commissioner,0247,441,376,817,1595,51.22%,18,754,14,17,803
Railroad Commissioner,0248,454,347,801,2147,37.31%,154,554,18,39,765
Railroad Commissioner,0249,1127,365,1492,2825,52.81%,879,485,64,36,1464
Railroad Commissioner,0250,288,183,471,925,50.92%,16,436,1,9,462
Railroad Commissioner,0251,806,378,1184,2132,55.53%,58,1070,11,12,1151
Railroad Commissioner,0252,927,309,1236,2292,53.93%,25,1147,16,16,1204
Railroad Commissioner,0253,760,311,1071,2154,49.72%,30,993,10,17,1050
Railroad Commissioner,0254,411,280,691,1675,41.25%,134,480,20,30,664
Railroad Commissioner,0255,1257,586,1843,2489,74.05%,677,789,248,51,1765
Railroad Commissioner,0256,1398,583,1981,3321,59.65%,607,1089,97,96,1889
Railroad Commissioner,0257,999,622,1621,3497,46.35%,336,1102,36,91,1565
Railroad Commissioner,0258,1948,606,2556,3346,76.39%,1683,504,261,37,2485
Railroad Commissioner,0259,1031,414,1445,2312,62.50%,26,1355,18,16,1415
Railroad Commissioner,0260,548,227,775,1300,59.62%,356,330,37,18,741
Railroad Commissioner,0261,442,531,973,1457,66.78%,226,620,26,56,928
Railroad Commissioner,0262,1849,676,2525,4397,57.43%,1233,939,173,75,2420
Railroad Commissioner,0263,2212,665,2877,4016,71.64%,1919,673,140,54,2786
Railroad Commissioner,0264,1114,627,1741,3101,56.14%,801,693,106,63,1663
Railroad Commissioner,0265,1995,608,2603,3582,72.67%,1646,562,252,43,2503
Railroad Commissioner,0266,737,443,1180,2147,54.96%,399,635,40,63,1137
Railroad Commissioner,0267,421,293,714,1433,49.83%,238,389,20,36,683
Railroad Commissioner,0268,1178,689,1867,2528,73.85%,898,614,226,33,1771
Railroad Commissioner,0269,1307,365,1672,2114,79.09%,1171,302,123,11,1607
Railroad Commissioner,0270,1816,688,2504,3985,62.84%,1121,1007,154,122,2404
Railroad Commissioner,0271,1150,346,1496,2558,58.48%,34,1396,20,16,1466
Railroad Commissioner,0272,871,415,1286,2334,55.10%,395,693,94,56,1238
Office,Precinct,Early Ballots Cast,Election Ballots Cast,Total Ballots Cast,Registered Voters,Percent Turnout,REP Wayne Christian,DEM Grady Yarbrough,LIB Mark Miller,GRN Martina Salinas,Totals
Railroad Commissioner,0273,1176,647,1823,2485,73.36%,1312,300,142,21,1775
Railroad Commissioner,0274,1263,311,1574,2223,70.81%,883,451,144,39,1517
Railroad Commissioner,0275,586,334,920,2059,44.68%,141,691,21,40,893
Railroad Commissioner,0276,1027,255,1282,2458,52.16%,17,1215,13,15,1260
Railroad Commissioner,0277,573,338,911,1898,48.00%,286,534,29,31,880
Railroad Commissioner,0278,1059,469,1528,2602,58.72%,586,757,50,73,1466
Railroad Commissioner,0279,790,314,1104,2073,53.26%,581,410,43,32,1066
Railroad Commissioner,0280,444,362,806,1656,48.67%,199,506,29,42,776
Railroad Commissioner,0281,1287,590,1877,2507,74.87%,754,725,256,40,1775
Railroad Commissioner,0282,777,604,1381,2144,64.41%,689,494,120,32,1335
Railroad Commissioner,0283,2353,1143,3496,6365,54.93%,430,2725,90,145,3390
Railroad Commissioner,0284,1592,574,2166,4079,53.10%,645,1253,93,80,2071
Railroad Commissioner,0285,1080,431,1511,2680,56.38%,98,1303,22,42,1465
Railroad Commissioner,0286,1714,545,2259,3757,60.13%,159,1928,45,72,2204
Railroad Commissioner,0287,853,408,1261,1658,76.06%,517,503,131,61,1212
Railroad Commissioner,0288,883,314,1197,2208,54.21%,29,1122,7,12,1170
Railroad Commissioner,0289,481,352,833,1584,52.59%,276,450,23,40,789
Railroad Commissioner,0290,705,332,1037,1623,63.89%,720,224,44,26,1014
Railroad Commissioner,0291,604,233,837,1218,68.72%,319,381,83,22,805
Railroad Commissioner,0292,549,178,727,1379,52.72%,67,581,15,37,700
Railroad Commissioner,0293,778,475,1253,1811,69.19%,454,585,102,54,1195
Railroad Commissioner,0294,852,198,1050,2054,51.12%,15,993,14,10,1032
Railroad Commissioner,0295,270,111,381,894,42.62%,11,353,5,4,373
Railroad Commissioner,0296,701,385,1086,1705,63.70%,494,424,63,41,1022
Railroad Commissioner,0297,730,341,1071,2055,52.12%,335,596,57,41,1029
Railroad Commissioner,0298,1096,387,1483,2236,66.32%,670,604,109,54,1437
Railroad Commissioner,0299,499,236,735,1506,48.80%,211,422,27,45,705
Railroad Commissioner,0300,3386,728,4114,5480,75.07%,2927,793,234,47,4001
Railroad Commissioner,0301,737,392,1129,2337,48.31%,340,652,38,50,1080
Railroad Commissioner,0302,1199,591,1790,3277,54.62%,822,785,66,62,1735
Railroad Commissioner,0303,1902,692,2594,3375,76.86%,1817,450,216,21,2504
Railroad Commissioner,0304,1190,474,1664,2326,71.54%,781,569,196,43,1589
Railroad Commissioner,0305,2156,645,2801,4838,57.90%,823,1665,92,112,2692
Railroad Commissioner,0306,1096,299,1395,1896,73.58%,881,308,140,22,1351
Office,Precinct,Early Ballots Cast,Election Ballots Cast,Total Ballots Cast,Registered Voters,Percent Turnout,REP Wayne Christian,DEM Grady Yarbrough,LIB Mark Miller,GRN Martina Salinas,Totals
Railroad Commissioner,0307,1458,801,2259,3270,69.08%,1338,572,202,48,2160
Railroad Commissioner,0308,527,225,752,1457,51.61%,159,488,20,47,714
Railroad Commissioner,0309,2151,591,2752,3495,78.74%,1934,461,258,27,2680
Railroad Commissioner,0310,710,326,1036,1464,70.77%,579,316,72,29,996
Railroad Commissioner,0311,932,643,1575,3222,48.88%,646,691,99,46,1482
Railroad Commissioner,0312,1713,552,2265,3724,60.82%,1059,896,168,60,2183
Railroad Commissioner,0313,23,8,31,61,50.82%,15,7,1,1,24
Railroad Commissioner,0314,3000,817,3817,5606,68.09%,2027,1410,181,87,3705
Railroad Commissioner,0315,803,353,1158,1636,70.66%,563,389,125,33,1110
Railroad Commissioner,0316,741,340,1081,1513,71.45%,495,358,163,29,1045
Railroad Commissioner,0317,594,252,846,1661,50.93%,189,529,49,40,807
Railroad Commissioner,0318,1729,529,2258,3776,59.80%,109,1993,41,51,2194
Railroad Commissioner,0319,996,271,1267,2199,57.62%,58,1119,29,32,1238
Railroad Commissioner,0320,556,238,794,1570,50.57%,255,454,22,24,755
Railroad Commissioner,0321,887,363,1230,2483,49.54%,297,726,36,88,1147
Railroad Commissioner,0322,426,124,550,1210,45.45%,138,361,25,14,538
Railroad Commissioner,0323,700,296,996,1793,55.55%,339,537,56,25,957
Railroad Commissioner,0324,1445,560,2005,2607,76.91%,1128,582,202,33,1945
Railroad Commissioner,0325,802,257,1059,2176,48.67%,163,778,23,45,1009
Railroad Commissioner,0326,271,129,400,736,54.35%,129,214,11,25,379
Railroad Commissioner,0327,740,141,881,1758,50.11%,20,804,15,12,851
Railroad Commissioner,0328,425,286,711,1631,43.59%,194,428,22,38,682
Railroad Commissioner,0329,592,260,852,1621,52.56%,218,514,35,55,822
Railroad Commissioner,0330,864,326,1190,2146,55.45%,482,544,76,40,1142
Railroad Commissioner,0331,888,234,1122,1612,69.60%,657,346,56,25,1084
Railroad Commissioner,0332,1359,503,1882,2926,63.64%,166,1520,38,79,1803
Railroad Commissioner,0333,1387,942,2329,3296,70.66%,1508,539,158,50,2255
Railroad Commissioner,0334,247,104,351,786,44.66%,51,271,8,6,336
Railroad Commissioner,0335,489,293,782,1679,46.58%,172,498,25,33,728
Railroad Commissioner,0336,2496,689,3185,4771,66.76%,291,2658,80,83,3112
Railroad Commissioner,0337,371,155,526,1108,47.47%,67,404,5,20,496
Railroad Commissioner,0338,1627,632,2259,5001,45.17%,541,1482,47,79,2149
Railroad Commissioner,0339,705,303,1008,1909,52.80%,165,688,42,58,953
Railroad Commissioner,0340,2042,654,2696,4012,67.20%,1764,624,157,63,2608
Office,Precinct,Early Ballots Cast,Election Ballots Cast,Total Ballots Cast,Registered Voters,Percent Turnout,REP Wayne Christian,DEM Grady Yarbrough,LIB Mark Miller,GRN Martina Salinas,Totals
Railroad Commissioner,0341,380,278,658,1372,47.96%,128,440,11,43,622
Railroad Commissioner,0342,312,225,537,1092,49.18%,107,380,15,15,517
Railroad Commissioner,0343,723,370,1093,2099,52.07%,175,739,34,85,1033
Railroad Commissioner,0344,381,207,588,1225,48.00%,20,523,11,11,565
Railroad Commissioner,0345,580,349,929,1945,47.76%,156,633,58,36,883
Railroad Commissioner,0346,1,0,1,1,100.00%,0,0,0,0,0
Railroad Commissioner,0347,1462,618,2080,3614,57.55%,1103,742,82,90,2017
Railroad Commissioner,0348,832,242,1074,1796,59.80%,691,283,45,27,1046
Railroad Commissioner,0349,459,369,828,1372,60.35%,453,282,50,23,808
Railroad Commissioner,0350,1590,582,2272,3269,69.50%,724,1123,219,83,2149
Railroad Commissioner,0351,2857,570,3427,4799,71.41%,2410,671,193,52,3326
Railroad Commissioner,0352,2025,538,2563,4278,59.91%,1689,640,91,75,2495
Railroad Commissioner,0353,1715,659,2374,4156,57.12%,355,1832,42,70,2299
Railroad Commissioner,0354,1572,429,2001,3520,56.85%,407,1393,44,75,1919
Railroad Commissioner,0355,821,239,1060,1714,61.84%,94,888,24,26,1032
Railroad Commissioner,0356,1544,582,2126,3126,68.01%,1048,759,190,54,2051
Railroad Commissioner,0357,1886,557,2443,3685,66.30%,1644,559,128,40,2371
Railroad Commissioner,0358,775,376,1151,2634,43.70%,109,955,17,32,1113
Railroad Commissioner,0359,805,496,1301,3320,39.19%,110,1075,32,46,1263
Railroad Commissioner,0360,1867,597,2464,3309,74.46%,1048,1002,224,67,2341
Railroad Commissioner,0361,332,688,1020,1808,56.42%,131,692,79,48,950
Railroad Commissioner,0362,2865,553,3418,5161,66.23%,2213,843,196,63,3315
Railroad Commissioner,0363,1826,635,2461,4160,59.16%,931,1329,75,73,2408
Railroad Commissioner,0364,1190,528,1718,2827,60.77%,707,778,77,81,1643
Railroad Commissioner,0365,828,174,1002,1348,74.33%,105,837,22,18,982
Railroad Commissioner,0366,989,524,1513,2887,52.41%,292,1053,39,75,1459
Railroad Commissioner,0367,455,204,659,1256,52.47%,132,449,29,25,635
Railroad Commissioner,0368,433,122,555,1024,54.20%,130,380,16,15,541
Railroad Commissioner,0369,136,29,165,678,24.34%,48,71,21,12,152
Railroad Commissioner,0370,2525,627,3152,4531,69.57%,2112,726,154,62,3054
Railroad Commissioner,0371,210,78,288,537,53.63%,9,267,6,2,284
Railroad Commissioner,0372,510,180,690,1274,54.16%,70,561,10,27,668
Railroad Commissioner,0373,61,13,74,163,45.40%,2,65,4,1,72
Railroad Commissioner,0374,175,165,341,720,47.36%,74,229,10,17,330
Office,Precinct,Early Ballots Cast,Election Ballots Cast,Total Ballots Cast,Registered Voters,Percent Turnout,REP Wayne Christian,DEM Grady Yarbrough,LIB Mark Miller,GRN Martina Salinas,Totals
Railroad Commissioner,0375,747,510,1257,2836,44.32%,390,725,39,52,1206
Railroad Commissioner,0376,755,344,1099,2060,53.35%,376,609,25,37,1047
Railroad Commissioner,0377,1382,643,2025,3137,64.55%,1407,394,124,41,1966
Railroad Commissioner,0378,622,447,1069,1856,57.60%,592,349,64,34,1039
Railroad Commissioner,0379,857,388,1245,2149,57.93%,96,1048,20,49,1213
Railroad Commissioner,0380,2736,551,3287,4380,75.05%,1613,1397,149,52,3211
Railroad Commissioner,0381,1185,432,1518,3141,51.51%,561,895,32,73,1561
Railroad Commissioner,0382,429,206,635,1035,61.35%,369,206,28,17,620
Railroad Commissioner,0383,723,458,1181,2373,49.77%,327,719,41,54,1141
Railroad Commissioner,0384,1153,444,1597,2725,58.61%,315,1148,48,31,1542
Railroad Commissioner,0385,1142,561,1703,2207,77.16%,1186,282,158,18,1644
Railroad Commissioner,0386,1658,419,2077,3105,66.89%,1412,500,72,46,2030
Railroad Commissioner,0387,1706,780,2486,4340,57.28%,1558,692,89,73,2412
Railroad Commissioner,0388,2899,711,3510,5413,66.69%,1621,1660,137,83,3501
Railroad Commissioner,0389,408,293,701,1359,51.58%,74,504,56,38,672
Railroad Commissioner,0390,708,271,979,1482,66.06%,102,754,62,37,955
Railroad Commissioner,0391,992,336,1328,1978,67.14%,716,443,87,41,1287
Railroad Commissioner,0392,653,145,798,1426,55.96%,11,746,11,14,782
Railroad Commissioner,0393,427,257,684,1274,53.69%,286,309,45,22,662
Railroad Commissioner,0394,236,125,352,914,39.61%,113,213,8,14,348
Railroad Commissioner,0395,1007,371,1378,1875,73.49%,833,329,154,21,1337
Railroad Commissioner,0396,1036,204,1240,2072,59.85%,31,1159,6,11,1207
Railroad Commissioner,0397,204,117,321,796,40.33%,102,171,13,19,305
Railroad Commissioner,0398,1762,654,2416,4200,57.52%,998,1165,92,69,2324
Railroad Commissioner,0399,1294,546,1840,3340,55.09%,645,1022,77,46,1790
Railroad Commissioner,0400,1467,372,1839,2661,69.11%,1092,513,141,39,1785
Railroad Commissioner,0401,703,257,960,1971,48.71%,42,859,6,17,924
Railroad Commissioner,0402,898,262,1160,1911,60.70%,60,1039,18,15,1132
Railroad Commissioner,0403,959,387,1346,1719,78.30%,618,453,172,28,1271
Railroad Commissioner,0404,1034,445,1479,2717,54.44%,641,691,51,51,1434
Railroad Commissioner,0405,1914,457,2371,3067,77.31%,1688,519,88,25,2320
Railroad Commissioner,0406,275,65,340,649,52.39%,6,316,4,4,330
Railroad Commissioner,0407,1704,860,2564,3969,64.60%,1380,836,167,73,2456
Railroad Commissioner,0408,521,313,834,1740,47.93%,236,489,28,42,795
Office,Precinct,Early Ballots Cast,Election Ballots Cast,Total Ballots Cast,Registered Voters,Percent Turnout,REP Wayne Christian,DEM Grady Yarbrough,LIB Mark Miller,GRN Martina Salinas,Totals
Railroad Commissioner,0409,501,280,781,1608,48.57%,210,473,25,41,749
Railroad Commissioner,0410,382,96,478,934,51.18%,74,364,8,15,461
Railroad Commissioner,0411,699,418,1117,2426,46.04%,250,735,27,57,1069
Railroad Commissioner,0412,156,80,236,478,49.37%,8,211,3,7,229
Railroad Commissioner,0413,1549,456,2005,3081,65.08%,696,1136,48,63,1943
Railroad Commissioner,0414,1577,514,2091,3586,58.31%,1432,476,83,42,2033
Railroad Commissioner,0415,1076,573,1649,2284,72.20%,1011,418,135,40,1604
Railroad Commissioner,0416,1444,845,2289,4009,57.10%,1004,950,161,91,2206
Railroad Commissioner,0417,1105,397,1502,2589,58.01%,586,752,66,53,1457
Railroad Commissioner,0418,1337,663,2000,3940,50.76%,594,1143,71,99,1907
Railroad Commissioner,0419,1166,477,1643,2702,60.81%,872,607,71,45,1595
Railroad Commissioner,0420,2690,731,3421,4946,69.17%,2646,523,123,53,3345
Railroad Commissioner,0421,1242,273,1515,2023,74.89%,650,711,73,38,1472
Railroad Commissioner,0422,1357,401,1768,3348,52.81%,56,1613,19,32,1720
Railroad Commissioner,0423,316,288,604,1423,42.45%,107,427,15,31,580
Railroad Commissioner,0424,548,158,706,1079,65.43%,343,264,56,25,688
Railroad Commissioner,0425,257,139,396,878,45.10%,101,249,18,11,379
Railroad Commissioner,0426,487,228,715,1266,56.48%,334,295,32,26,687
Railroad Commissioner,0427,439,155,594,1120,53.04%,177,350,18,10,555
Railroad Commissioner,0428,1689,865,2554,5151,49.58%,595,1707,47,61,2410
Railroad Commissioner,0429,948,649,1597,3311,48.23%,297,1117,49,51,1514
Railroad Commissioner,0430,527,291,818,1794,45.60%,115,601,25,32,773
Railroad Commissioner,0431,1222,604,1826,3860,47.31%,337,1246,52,99,1734
Railroad Commissioner,0432,458,249,707,1568,45.09%,188,404,44,32,668
Railroad Commissioner,0433,163,88,251,561,44.74%,43,169,15,11,238
Railroad Commissioner,0434,834,293,1127,1557,72.38%,567,362,111,31,1071
Railroad Commissioner,0435,1952,567,2519,3363,74.90%,1408,731,225,55,2419
Railroad Commissioner,0436,2013,678,2691,3809,70.65%,1339,927,230,76,2572
Railroad Commissioner,0437,1148,425,1573,2094,75.12%,939,397,172,24,1532
Railroad Commissioner,0438,2292,475,2767,3789,73.03%,1725,616,291,33,2665
Railroad Commissioner,0439,1856,749,2605,3701,70.39%,1581,651,231,51,2514
Railroad Commissioner,0440,1499,749,2248,2973,75.61%,1569,388,188,21,2166
Railroad Commissioner,0441,824,408,1232,1695,72.68%,780,287,105,19,1191
Railroad Commissioner,0442,2442,685,3127,4315,72.47%,2346,434,221,40,3041
Office,Precinct,Early Ballots Cast,Election Ballots Cast,Total Ballots Cast,Registered Voters,Percent Turnout,REP Wayne Christian,DEM Grady Yarbrough,LIB Mark Miller,GRN Martina Salinas,Totals
Railroad Commissioner,0443,415,83,498,642,77.57%,315,91,66,10,482
Railroad Commissioner,0444,1623,679,2302,3625,63.50%,1119,839,166,72,2196
Railroad Commissioner,0445,1036,382,1418,2134,66.45%,755,471,107,40,1373
Railroad Commissioner,0446,89,45,134,309,43.37%,47,73,6,3,129
Railroad Commissioner,0447,2416,464,2880,3727,77.27%,1766,827,141,55,2789
Railroad Commissioner,0448,1766,529,2295,3155,72.74%,1139,750,220,82,2191
Railroad Commissioner,0449,73,26,99,225,44.00%,9,87,1,1,98
Railroad Commissioner,0450,1106,394,1500,2890,51.90%,338,1004,66,48,1456
Railroad Commissioner,0451,1720,367,2087,2771,75.32%,1540,324,140,20,2024
Railroad Commissioner,0452,1875,662,2537,3789,66.96%,1569,688,129,65,2451
Railroad Commissioner,0453,663,417,1080,2039,52.97%,263,662,45,55,1025
Railroad Commissioner,0454,1043,288,1331,2509,53.05%,22,1255,8,9,1294
Railroad Commissioner,0455,669,173,842,1713,49.15%,27,770,8,11,816
Railroad Commissioner,0456,1407,553,1960,3793,51.67%,980,790,65,55,1890
Railroad Commissioner,0457,0,0,0,0,0.00%,0,0,0,0,0
Railroad Commissioner,0458,918,253,1171,2025,57.83%,66,1023,24,24,1137
Railroad Commissioner,0459,2362,432,2794,3942,70.88%,1967,525,191,41,2724
Railroad Commissioner,0460,1615,472,2087,3280,63.63%,459,1432,57,79,2027
Railroad Commissioner,0461,2244,669,2913,4054,71.85%,1621,848,267,42,2778
Railroad Commissioner,0462,1478,738,2216,3507,63.19%,658,1307,116,69,2150
Railroad Commissioner,0463,1575,564,2239,3773,59.34%,766,1234,101,85,2186
Railroad Commissioner,0464,967,582,1549,2343,66.11%,886,469,96,35,1486
Railroad Commissioner,0465,1629,594,2223,3778,58.84%,917,1055,120,49,2141
Railroad Commissioner,0466,2278,509,2787,4327,64.41%,1303,1227,125,58,2713
Railroad Commissioner,0467,502,225,727,1320,55.08%,141,521,21,18,701
Railroad Commissioner,0468,1380,747,2127,4040,52.65%,467,1418,59,94,2038
Railroad Commissioner,0469,1858,462,2330,3257,71.54%,1672,428,148,26,2274
Railroad Commissioner,0470,555,232,787,1358,57.95%,535,169,31,17,752
Railroad Commissioner,0471,1057,458,1515,2473,61.26%,1072,302,67,35,1476
Railroad Commissioner,0472,463,339,802,1131,70.91%,282,355,101,23,761
Railroad Commissioner,0473,944,390,1334,1787,74.65%,812,337,116,27,1292
Railroad Commissioner,0474,1421,624,2045,3127,65.40%,1211,594,131,45,1981
Railroad Commissioner,0475,791,251,1052,1936,54.34%,362,561,39,39,1001
Railroad Commissioner,0476,1078,405,1483,2458,60.33%,700,628,57,53,1438
Office,Precinct,Early Ballots Cast,Election Ballots Cast,Total Ballots Cast,Registered Voters,Percent Turnout,REP Wayne Christian,DEM Grady Yarbrough,LIB Mark Miller,GRN Martina Salinas,Totals
Railroad Commissioner,0477,2032,640,2672,4010,66.63%,1706,673,146,55,2580
Railroad Commissioner,0478,2273,683,2956,4696,62.95%,1695,937,144,81,2857
Railroad Commissioner,0479,1978,755,2733,3851,70.97%,1845,602,170,49,2666
Railroad Commissioner,0480,1448,538,1986,2978,66.69%,1250,556,89,33,1928
Railroad Commissioner,0481,1759,667,2426,3609,67.22%,1620,512,145,53,2330
Railroad Commissioner,0482,2260,618,2878,4405,65.33%,1799,791,144,64,2798
Railroad Commissioner,0483,2312,538,2850,4495,63.40%,1297,1140,225,87,2749
Railroad Commissioner,0484,2021,700,2721,3981,68.35%,1597,845,140,59,2641
Railroad Commissioner,0485,2121,567,2588,4051,66.35%,1768,651,136,48,2603
Railroad Commissioner,0486,2310,721,3031,4195,72.25%,2115,590,176,53,2934
Railroad Commissioner,0487,1407,527,1934,4142,46.69%,447,1239,48,55,1789
Railroad Commissioner,0488,843,511,1354,2382,56.84%,336,855,59,50,1300
Railroad Commissioner,0489,865,344,1209,1958,61.75%,295,783,40,50,1168
Railroad Commissioner,0490,982,346,1328,2105,63.09%,355,794,95,37,1281
Railroad Commissioner,0491,947,488,1435,2110,68.01%,702,527,108,46,1383
Railroad Commissioner,0492,1222,396,1618,2552,63.40%,734,672,122,44,1572
Railroad Commissioner,0493,1404,555,1959,3338,58.69%,639,1075,89,61,1864
Railroad Commissioner,0494,1079,419,1498,2787,53.75%,159,1200,25,65,1449
Railroad Commissioner,0495,1414,376,1790,2488,71.95%,1114,471,108,28,1721
Railroad Commissioner,0496,687,549,1236,2325,53.16%,375,723,42,48,1188
Railroad Commissioner,0497,915,281,1197,2148,55.73%,48,1093,12,8,1161
Railroad Commissioner,0498,1072,423,1495,2527,59.16%,455,859,77,47,1438
Railroad Commissioner,0499,1434,397,1831,2336,78.38%,1174,428,154,26,1782
Railroad Commissioner,0500,1870,651,2521,3698,68.17%,1446,800,140,65,2451
Railroad Commissioner,0501,1149,406,1555,2016,77.13%,563,683,195,48,1489
Railroad Commissioner,0502,1366,293,1659,2595,63.93%,1220,316,50,14,1600
Railroad Commissioner,0503,1398,306,1704,2236,76.21%,1186,358,84,26,1654
Railroad Commissioner,0504,1271,482,1753,2318,75.63%,1006,458,203,33,1700
Railroad Commissioner,0505,1755,735,2490,4076,61.09%,965,1149,180,99,2393
Railroad Commissioner,0506,1513,696,2209,3544,62.33%,283,1737,66,52,2138
Railroad Commissioner,0507,599,319,918,2562,35.83%,185,597,19,13,814
Railroad Commissioner,0508,1520,828,2348,4767,49.26%,606,1420,88,84,2198
Railroad Commissioner,0509,2507,669,3175,5153,61.63%,1845,989,190,60,3084
Railroad Commissioner,0510,1707,666,2373,3822,62.09%,897,1166,177,74,2314
Office,Precinct,Early Ballots Cast,Election Ballots Cast,Total Ballots Cast,Registered Voters,Percent Turnout,REP Wayne Christian,DEM Grady Yarbrough,LIB Mark Miller,GRN Martina Salinas,Totals
Railroad Commissioner,0511,2935,574,3509,4620,75.95%,1985,1219,148,61,3413
Railroad Commissioner,0512,1669,871,2540,4559,55.71%,869,1378,114,88,2449
Railroad Commissioner,0513,1758,413,2171,3003,72.29%,1440,510,144,20,2114
Railroad Commissioner,0514,2289,613,2902,4378,66.29%,1842,761,173,49,2825
Railroad Commissioner,0515,1838,468,2306,3182,72.47%,1726,367,128,28,2249
Railroad Commissioner,0516,1317,363,1680,2799,60.02%,742,752,95,42,1631
Railroad Commissioner,0517,1612,509,2121,3744,56.65%,818,1015,120,96,2049
Railroad Commissioner,0518,1887,676,2563,4049,63.30%,1370,907,131,62,2470
Railroad Commissioner,0519,1423,518,1941,3098,62.65%,1217,514,108,50,1889
Railroad Commissioner,0520,1798,670,2468,5202,47.44%,337,1947,65,61,2410
Railroad Commissioner,0521,1352,578,1930,3070,62.87%,816,919,86,52,1873
Railroad Commissioner,0522,1508,464,1972,2815,70.05%,1322,420,145,39,1926
Railroad Commissioner,0523,1978,537,2515,4027,62.45%,1417,780,161,67,2425
Railroad Commissioner,0524,1396,637,2033,3598,56.50%,490,1336,74,62,1962
Railroad Commissioner,0525,1442,574,2016,3260,61.84%,385,1437,67,38,1927
Railroad Commissioner,0526,236,157,393,820,47.93%,74,261,13,27,375
Railroad Commissioner,0527,156,38,194,580,33.45%,67,105,7,4,183
Railroad Commissioner,0528,17,8,25,78,32.05%,2,21,0,1,24
Railroad Commissioner,0529,2108,434,2542,3842,66.16%,1988,326,129,35,2478
Railroad Commissioner,0530,376,212,588,1236,47.57%,99,394,14,46,553
Railroad Commissioner,0531,1235,166,1401,2250,62.27%,996,286,32,24,1338
Railroad Commissioner,0532,478,140,618,1058,58.41%,392,180,18,16,606
Railroad Commissioner,0533,353,169,522,1164,44.85%,235,220,17,20,492
Railroad Commissioner,0534,1898,577,2475,3918,63.17%,1623,603,91,63,2380
Railroad Commissioner,0535,132,62,194,413,46.97%,52,115,4,11,182
Railroad Commissioner,0536,2107,1053,3150,5637,56.06%,903,1842,83,168,2996
Railroad Commissioner,0537,1959,464,2423,3174,76.34%,1623,614,99,21,2357
Railroad Commissioner,0538,372,203,575,1332,43.17%,9,536,11,8,564
Railroad Commissioner,0539,811,234,1045,1535,68.08%,523,417,36,29,1005
Railroad Commissioner,0540,1008,349,1357,1759,77.15%,402,662,190,33,1287
Railroad Commissioner,0541,2172,761,2933,5001,58.65%,412,2167,151,100,2830
Railroad Commissioner,0542,1156,406,1562,2654,58.85%,83,1336,25,69,1513
Railroad Commissioner,0543,554,321,875,1658,52.77%,180,573,26,64,843
Railroad Commissioner,0544,84,54,138,313,44.09%,13,117,3,2,135
Office,Precinct,Early Ballots Cast,Election Ballots Cast,Total Ballots Cast,Registered Voters,Percent Turnout,REP Wayne Christian,DEM Grady Yarbrough,LIB Mark Miller,GRN Martina Salinas,Totals
Railroad Commissioner,0545,2020,468,2488,3949,63.00%,1002,1198,102,81,2383
Railroad Commissioner,0546,1524,278,1802,2471,72.93%,1439,217,104,13,1773
Railroad Commissioner,0547,1414,270,1684,2534,66.46%,1038,474,77,38,1627
Railroad Commissioner,0548,882,395,1277,2339,54.60%,517,636,52,43,1248
Railroad Commissioner,0549,1106,447,1553,2786,55.74%,179,1258,31,50,1518
Railroad Commissioner,0550,1175,553,1728,3245,53.25%,664,881,83,55,1683
Railroad Commissioner,0551,2588,793,3381,4428,76.36%,2404,679,173,24,3280
Railroad Commissioner,0552,2093,784,2877,3762,76.48%,2183,452,131,37,2803
Railroad Commissioner,0553,964,317,1281,2193,58.41%,432,709,53,54,1248
Railroad Commissioner,0554,597,271,868,1774,48.93%,160,633,28,21,842
Railroad Commissioner,0555,642,390,1032,2286,45.14%,162,778,28,28,996
Railroad Commissioner,0556,760,435,1195,2491,47.97%,218,869,27,37,1151
Railroad Commissioner,0557,925,460,1385,2955,46.87%,345,824,47,61,1277
Railroad Commissioner,0558,1815,721,2536,4718,53.75%,698,1588,101,72,2459
Railroad Commissioner,0559,1917,701,2618,4984,52.53%,528,1791,119,89,2527
Railroad Commissioner,0560,290,247,537,1141,47.06%,75,364,12,58,509
Railroad Commissioner,0561,1025,624,1649,3138,52.55%,884,587,67,54,1592
Railroad Commissioner,0562,222,116,338,691,48.91%,36,253,4,16,309
Railroad Commissioner,0563,2075,337,2412,3468,69.55%,1746,443,137,25,2351
Railroad Commissioner,0554,1567,526,2093,3240,64.60%,482,1279,156,101,2018
Railroad Commissioner,0565,336,148,484,1414,34.23%,71,370,12,14,467
Railroad Commissioner,0566,1189,441,1630,3029,53.81%,354,1087,73,54,1568
Railroad Commissioner,0567,966,390,1356,2851,47.56%,314,868,55,29,1266
Railroad Commissioner,0568,1836,697,2533,3638,69.63%,1436,713,209,72,2430
Railroad Commissioner,0569,2036,747,2783,4125,67.47%,1177,1150,248,85,2660
Railroad Commissioner,0570,771,278,1049,1598,65.64%,334,531,91,45,1001
Railroad Commissioner,0571,521,314,835,1950,42.82%,206,490,25,70,791
Railroad Commissioner,0572,1531,444,1975,3308,59.70%,753,958,140,64,1915
Railroad Commissioner,0573,490,215,705,1625,43.38%,15,661,6,9,691
Railroad Commissioner,0574,112,74,186,391,47.57%,18,147,1,8,174
Railroad Commissioner,0575,1906,535,2441,3557,68.63%,1241,954,115,51,2361
Railroad Commissioner,0576,1110,375,1485,2830,52.47%,76,1305,28,38,1447
Railroad Commissioner,0577,887,205,1092,1586,68.85%,599,355,72,26,1052
Railroad Commissioner,0578,1026,405,1431,1862,76.85%,781,402,157,34,1374
Office,Precinct,Early Ballots Cast,Election Ballots Cast,Total Ballots Cast,Registered Voters,Percent Turnout,REP Wayne Christian,DEM Grady Yarbrough,LIB Mark Miller,GRN Martina Salinas,Totals
Railroad Commissioner,0579,287,181,468,1139,41.09%,70,342,10,22,444
Railroad Commissioner,0580,366,108,474,985,48.12%,16,440,8,5,469
Railroad Commissioner,0581,457,137,594,1033,57.50%,16,545,6,11,578
Railroad Commissioner,0582,543,232,775,1607,48.23%,41,680,8,18,747
Railroad Commissioner,0583,434,155,589,1286,45.80%,15,550,5,7,577
Railroad Commissioner,0584,367,120,487,1062,45.86%,31,422,8,10,471
Railroad Commissioner,0585,830,280,1110,2346,47.31%,50,998,13,18,1079
Railroad Commissioner,0586,1793,790,2583,4521,57.13%,1356,955,109,78,2498
Railroad Commissioner,0587,1208,431,1639,2870,57.11%,490,1008,45,46,1589
Railroad Commissioner,0588,1941,606,2547,3780,67.38%,1546,735,131,60,2472
Railroad Commissioner,0589,1540,545,2085,3780,55.16%,904,953,91,77,2025
Railroad Commissioner,0590,1230,400,1630,2176,74.91%,1150,275,129,21,1575
Railroad Commissioner,0591,652,462,1114,2274,48.99%,236,738,19,64,1057
Railroad Commissioner,0592,449,272,721,1446,49.86%,125,502,25,31,683
Railroad Commissioner,0593,1561,755,2316,4179,55.42%,830,1214,86,109,2239
Railroad Commissioner,0594,1244,316,1560,2578,60.51%,381,1032,64,54,1531
Railroad Commissioner,0595,601,299,900,1833,49.10%,112,694,28,40,874
Railroad Commissioner,0596,1380,501,1881,3574,52.63%,753,884,97,79,1813
Railroad Commissioner,0597,1205,609,1814,3587,50.57%,566,1050,59,49,1724
Railroad Commissioner,0598,2389,731,3120,5253,59.39%,944,1822,141,104,3011
Railroad Commissioner,0599,1380,493,1873,3005,62.33%,582,1104,73,67,1826
Railroad Commissioner,0600,1603,776,2379,4204,56.59%,724,1396,93,68,2281
Railroad Commissioner,0601,2223,670,2893,4151,69.69%,1923,682,171,44,2820
Railroad Commissioner,0602,756,234,990,1441,68.70%,627,272,47,19,965
Railroad Commissioner,0603,2344,725,3069,4666,65.77%,1599,1135,153,89,2976
Railroad Commissioner,0604,1818,375,2193,3189,68.77%,1747,281,75,23,2126
Railroad Commissioner,0605,1714,599,2313,4217,54.85%,459,1580,67,116,2222
Railroad Commissioner,0606,319,111,430,970,44.33%,8,407,2,3,420
Railroad Commissioner,0607,163,51,214,712,30.06%,23,174,6,6,209
Railroad Commissioner,0608,156,77,233,570,40.88%,65,130,10,20,225
Railroad Commissioner,0609,2040,729,2769,4305,64.32%,1466,985,150,77,2678
Railroad Commissioner,0610,666,343,1009,2086,48.37%,369,497,49,49,964
Railroad Commissioner,0611,980,229,1209,2527,47.84%,39,1119,9,16,1183
Railroad Commissioner,0612,1930,431,2361,3388,69.69%,1639,439,166,47,2291
Office,Precinct,Early Ballots Cast,Election Ballots Cast,Total Ballots Cast,Registered Voters,Percent Turnout,REP Wayne Christian,DEM Grady Yarbrough,LIB Mark Miller,GRN Martina Salinas,Totals
Railroad Commissioner,0613,938,339,1277,2368,53.93%,181,984,22,49,1236
Railroad Commissioner,0614,1950,645,2595,4566,56.83%,695,1667,71,74,2507
Railroad Commissioner,0615,1075,301,1377,2086,66.01%,652,570,72,40,1334
Railroad Commissioner,0616,1811,611,2422,3516,68.89%,1471,654,150,64,2339
Railroad Commissioner,0617,1708,650,2358,4179,56.42%,700,1417,84,85,2286
Railroad Commissioner,0618,1701,545,2246,3801,59.09%,839,1184,87,75,2185
Railroad Commissioner,0619,2793,663,3456,4916,70.30%,2285,785,256,59,3385
Railroad Commissioner,0620,1749,333,2082,3318,62.75%,976,854,130,42,2002
Railroad Commissioner,0621,536,200,736,1272,57.86%,272,355,42,29,698
Railroad Commissioner,0622,2133,591,2724,4562,59.71%,1322,1064,145,81,2612
Railroad Commissioner,0623,1962,461,2423,3919,61.83%,1405,760,126,59,2350
Railroad Commissioner,0624,298,59,357,456,78.29%,259,68,17,6,350
Railroad Commissioner,0625,925,372,1297,1864,69.58%,626,479,115,34,1254
Railroad Commissioner,0626,2285,784,3089,4816,63.73%,1426,1205,248,87,2966
Railroad Commissioner,0627,935,649,1584,3235,48.96%,360,1040,46,62,1508
Railroad Commissioner,0628,717,545,1262,2420,52.15%,406,712,24,55,1197
Railroad Commissioner,0629,162,96,258,750,34.40%,24,215,6,8,253
Railroad Commissioner,0630,2680,541,3221,4738,67.98%,290,2674,96,80,3140
Railroad Commissioner,0631,1844,398,2242,3263,68.71%,1373,628,128,33,2162
Railroad Commissioner,0632,4,1,5,241,2.07%,0,5,0,0,5
Railroad Commissioner,0633,2287,601,2888,3912,73.82%,1826,770,165,47,2808
Railroad Commissioner,0634,1439,499,1938,3259,59.47%,1002,739,86,50,1877
Railroad Commissioner,0635,1647,520,2167,3512,61.70%,1468,440,146,41,2095
Railroad Commissioner,0636,2303,922,3225,4569,70.58%,2661,343,117,21,3142
Railroad Commissioner,0637,1098,423,1521,2591,58.70%,282,996,51,100,1429
Railroad Commissioner,0638,850,348,1198,2310,51.86%,84,1028,26,29,1167
Railroad Commissioner,0639,1387,284,1671,2560,65.27%,1201,312,79,29,1621
Railroad Commissioner,0640,1619,615,2234,3927,56.89%,1146,845,110,74,2175
Railroad Commissioner,0641,1637,683,2320,3840,60.42%,1255,835,103,54,2247
Railroad Commissioner,0642,1030,270,1300,1783,72.91%,940,237,75,15,1267
Railroad Commissioner,0643,1951,593,2544,4189,60.73%,1077,1193,116,83,2469
Railroad Commissioner,0644,2090,689,2779,4446,62.51%,1467,1001,141,87,2696
Railroad Commissioner,0645,2156,769,2925,4517,64.76%,1077,1437,221,102,2837
Railroad Commissioner,0646,925,399,1324,2422,54.67%,302,893,40,35,1270
Office,Precinct,Early Ballots Cast,Election Ballots Cast,Total Ballots Cast,Registered Voters,Percent Turnout,REP Wayne Christian,DEM Grady Yarbrough,LIB Mark Miller,GRN Martina Salinas,Totals
Railroad Commissioner,0647,1373,526,1899,4349,43.67%,394,1311,42,28,1775
Railroad Commissioner,0648,1863,500,2363,3487,67.77%,1529,607,126,39,2301
Railroad Commissioner,0649,1554,775,2329,4755,48.98%,515,1580,67,74,2236
Railroad Commissioner,0650,2035,819,2854,4039,70.66%,1765,780,174,55,2774
Railroad Commissioner,0651,1734,551,2285,3873,59.00%,1102,915,120,69,2206
Railroad Commissioner,0652,1167,545,1712,2979,57.47%,254,1340,39,31,1664
Railroad Commissioner,0653,187,110,297,604,49.17%,59,208,8,13,288
Railroad Commissioner,0654,2387,698,3085,5063,60.93%,1428,1308,125,122,2983
Railroad Commissioner,0655,1953,761,2724,4495,60.60%,1338,1047,169,73,2627
Railroad Commissioner,0656,1107,401,1508,2737,55.10%,61,1370,13,18,1462
Railroad Commissioner,0657,684,276,960,1487,64.56%,301,553,35,37,926
Railroad Commissioner,0658,1299,494,1793,2901,61.81%,996,598,105,47,1746
Railroad Commissioner,0659,2810,733,3543,5161,68.65%,2280,930,168,60,3438
Railroad Commissioner,0660,1575,345,1920,3087,62.20%,162,1626,41,34,1863
Railroad Commissioner,0661,1951,774,2725,4363,62.46%,1221,1187,140,91,2639
Railroad Commissioner,0662,2268,571,2839,4002,70.94%,2167,458,103,50,2778
Railroad Commissioner,0663,1339,448,1787,2340,76.37%,790,663,198,54,1705
Railroad Commissioner,0664,909,513,1422,2992,47.53%,242,1008,32,83,1365
Railroad Commissioner,0665,1327,360,1687,2354,71.67%,1268,275,60,39,1642
Railroad Commissioner,0666,0,0,0,0,0.00%,0,0,0,0,0
Railroad Commissioner,0667,1112,400,1512,2175,69.52%,1051,305,94,23,1473
Railroad Commissioner,0668,1557,719,2276,3669,62.03%,1239,761,141,65,2206
Railroad Commissioner,0669,1896,702,2598,3585,72.47%,1631,690,163,39,2523
Railroad Commissioner,0670,1996,416,2412,3335,72.32%,1752,372,188,47,2359
Railroad Commissioner,0671,1401,588,1989,3198,62.20%,967,800,109,47,1923
Railroad Commissioner,0672,1727,489,221,5,3433,64.55%,1434,595,96,43,2168
Railroad Commissioner,0673,1525,467,2092,3051,68.57%,1577,359,78,30,2044
Railroad Commissioner,0674,2358,610,2968,4228,70.20%,2023,686,129,53,2891
Railroad Commissioner,0675,1,0,1,0,0.00%,1,0,0,0,1
Railroad Commissioner,0676,1088,465,1553,2976,52.18%,520,824,84,62,1490
Railroad Commissioner,0677,423,259,682,1300,52.46%,138,442,21,40,641
Railroad Commissioner,0678,1169,294,1463,2660,55.00%,132,1239,16,26,1413
Railroad Commissioner,0679,1719,529,2248,3542,63.47%,1476,563,76,60,2175
Railroad Commissioner,0680,100,17,117,179,65.36%,40,50,19,6,115
Office,Precinct,Early Ballots Cast,Election Ballots Cast,Total Ballots Cast,Registered Voters,Percent Turnout,REP Wayne Christian,DEM Grady Yarbrough,LIB Mark Miller,GRN Martina Salinas,Totals
Railroad Commissioner,0681,6,0,6,4,150.00%,4,2,0,0,6
Railroad Commissioner,0682,2114,690,2804,4313,65.01%,1884,667,109,66,2726
Railroad Commissioner,0683,82,5,87,302,28.81%,19,56,5,4,84
Railroad Commissioner,0684,1684,640,2324,3559,65.30%,1319,765,105,55,2244
Railroad Commissioner,0685,139,28,167,285,58.60%,75,66,9,5,155
Railroad Commissioner,0686,53,5,58,221,26.24%,14,36,4,2,56
Railroad Commissioner,0687,1512,400,1912,2713,70.48%,1166,540,91,48,1845
Railroad Commissioner,0688,2333,594,2927,3922,74.63%,2148,497,155,51,2851
Railroad Commissioner,0689,728,604,1332,2449,54.39%,503,650,56,53,1262
Railroad Commissioner,0690,1973,553,2526,3614,69.89%,1816,463,142,36,2457
Railroad Commissioner,0691,2132,551,2683,3690,72.71%,1935,526,122,30,2613
Railroad Commissioner,0692,1280,678,1958,3118,62.80%,1276,432,136,56,1900
Railroad Commissioner,0693,309,110,419,681,61.53%,91,278,22,10,401
Railroad Commissioner,0694,1006,319,1325,2478,53.47%,484,709,49,43,1285
Railroad Commissioner,0695,630,315,945,1842,51.30%,515,321,42,27,905
Railroad Commissioner,0696,727,312,1039,2027,51.26%,574,362,40,43,1019
Railroad Commissioner,0697,1299,552,1851,3238,57.16%,407,1266,54,64,1791
Railroad Commissioner,0698,1276,520,1796,3339,53.79%,180,1477,30,50,1737
Railroad Commissioner,0699,1277,398,1675,2387,70.17%,942,462,144,40,1588
Railroad Commissioner,0700,726,247,973,1536,63.35%,782,130,24,13,949
Railroad Commissioner,0701,210,73,283,614,46.09%,114,129,3,18,264
Railroad Commissioner,0702,183,69,252,550,45.82%,25,196,8,18,247
Railroad Commissioner,0703,899,528,1427,1943,73.44%,937,329,108,20,1394
Railroad Commissioner,0704,1699,512,2211,3121,70.84%,1701,342,83,34,2160
Railroad Commissioner,0705,331,206,537,1513,35.49%,46,459,5,12,522
Railroad Commissioner,0706,1252,372,1624,2821,57.57%,531,871,83,62,1547
Railroad Commissioner,0707,378,69,447,757,59.05%,244,146,26,14,430
Railroad Commissioner,0708,162,98,260,592,43.92%,76,160,2,11,249
Railroad Commissioner,0709,2258,528,2786,4136,67.36%,1362,1121,156,63,2702
Railroad Commissioner,0710,1136,450,1586,2096,75.67%,787,508,184,27,1506
Railroad Commissioner,0711,1981,599,2580,3820,67.54%,1199,1036,178,70,2483
Railroad Commissioner,0712,1720,627,2347,4002,58.65%,753,1359,90,96,2298
Railroad Commissioner,0713,770,365,1135,2006,56.58%,498,525,47,39,1109
Railroad Commissioner,0714,102,28,130,306,42.48%,52,60,1,9,122
Office,Precinct,Early Ballots Cast,Election Ballots Cast,Total Ballots Cast,Registered Voters,Percent Turnout,REP Wayne Christian,DEM Grady Yarbrough,LIB Mark Miller,GRN Martina Salinas,Totals
Railroad Commissioner,0715,553,239,792,1549,51.13%,352,359,25,27,763
Railroad Commissioner,0716,1218,419,1637,2720,60.18%,1085,403,63,40,1591
Railroad Commissioner,0717,976,232,1208,2082,58.02%,139,955,23,43,1160
Railroad Commissioner,0718,2244,872,3116,4412,70.63%,1868,872,192,55,2987
Railroad Commissioner,0719,624,223,847,1644,51.52%,385,370,29,26,810
Railroad Commissioner,0720,2498,709,3207,4709,68.10%,1989,878,179,61,3107
Railroad Commissioner,0721,1457,503,2070,2926,70.75%,1194,566,188,51,1999
Railroad Commissioner,0722,1930,609,2539,4638,54.74%,139,2187,53,79,2458
Railroad Commissioner,0723,898,261,1159,1959,59.16%,203,858,34,29,1124
Railroad Commissioner,0724,395,146,541,800,67.63%,328,139,42,14,523
Railroad Commissioner,0725,976,294,1270,2336,54.37%,462,674,31,41,1208
Railroad Commissioner,0726,1271,321,1592,2207,72.13%,1315,160,62,16,1553
Railroad Commissioner,0727,983,415,1398,2708,51.62%,310,912,85,51,1358
Railroad Commissioner,0728,399,198,597,942,63.38%,317,192,51,17,577
Railroad Commissioner,0729,235,49,284,471,60.30%,147,111,9,8,275
Railroad Commissioner,0730,1368,406,1774,2435,72.85%,1039,525,118,26,1708
Railroad Commissioner,0731,2090,624,2714,4834,56.14%,1019,1398,93,111,2621
Railroad Commissioner,0732,793,449,1242,1943,63.92%,643,413,95,40,1191
Railroad Commissioner,0733,55,25,80,303,26.40%,24,47,2,3,76
Railroad Commissioner,0734,2309,555,2855,4294,66.72%,1751,879,107,49,2786
Railroad Commissioner,0735,158,61,219,251,87.25%,112,89,11,4,216
Railroad Commissioner,0736,14,3,17,42,40.48%,1,13,0,1,15
Railroad Commissioner,0737,21,6,27,56,48.21%,20,6,1,0,27
Railroad Commissioner,0738,435,214,649,1497,43.35%,95,512,19,15,641
Railroad Commissioner,0739,980,440,1420,2971,47.80%,556,702,47,57,1362
Railroad Commissioner,0740,281,169,450,1005,44.78%,216,186,10,15,427
Railroad Commissioner,0741,924,262,1186,1895,62.59%,260,793,23,63,1139
Railroad Commissioner,0742,1538,498,2036,2859,71.21%,1185,654,91,33,1963
Railroad Commissioner,0743,54,60,114,234,48.72%,33,61,8,6,108
Railroad Commissioner,0744,1010,444,1454,2103,69.14%,779,465,107,53,1404
Railroad Commissioner,0745,1215,446,1661,2543,65.32%,913,525,126,45,1609
Railroad Commissioner,0746,245,121,366,732,50.00%,161,154,17,13,345
Railroad Commissioner,0747,1746,693,2439,4096,59.55%,965,1231,82,84,2362
Railroad Commissioner,0748,565,245,810,1556,52.06%,334,345,67,39,785
Office,Precinct,Early Ballots Cast,Election Ballots Cast,Total Ballots Cast,Registered Voters,Percent Turnout,REP Wayne Christian,DEM Grady Yarbrough,LIB Mark Miller,GRN Martina Salinas,Totals
Railroad Commissioner,0749,115,1,116,432,26.85%,18,89,3,2,112
Railroad Commissioner,0750,294,122,416,809,51.42%,211,152,24,16,403
Railroad Commissioner,0751,2944,1013,3957,5893,67.15%,2266,1295,195,83,3839
Railroad Commissioner,0752,660,227,887,1484,59.77%,545,250,30,22,847
Railroad Commissioner,0753,259,53,312,512,60.94%,113,169,16,7,305
Railroad Commissioner,0754,388,262,650,1590,40.88%,28,580,11,13,632
Railroad Commissioner,0755,1785,955,2740,5015,54.64%,829,1541,106,147,2623
Railroad Commissioner,0756,688,309,997,1723,57.86%,294,605,25,38,962
Railroad Commissioner,0757,1867,601,2468,4792,51.50%,353,1899,67,66,2385
Railroad Commissioner,0758,2106,595,2701,3803,71.02%,1930,514,131,39,2614
Railroad Commissioner,0759,1389,375,1764,2779,63.48%,952,630,77,43,1702
Railroad Commissioner,0760,1219,268,1487,2162,68.78%,1124,212,98,15,1449
Railroad Commissioner,0761,1090,167,1257,1598,78.66%,825,276,99,13,1213
Railroad Commissioner,0762,930,303,1233,1828,67.45%,511,575,33,62,1181
Railroad Commissioner,0763,370,264,634,1249,50.76%,162,390,20,39,611
Railroad Commissioner,0764,2473,677,3150,4827,65.26%,1757,1092,126,72,3047
Railroad Commissioner,0765,2060,874,2934,5742,51.10%,700,1922,129,87,2838
Railroad Commissioner,0766,126,59,185,428,43.22%,25,122,9,14,170
Railroad Commissioner,0767,31,15,46,92,50.00%,16,21,2,5,44
Railroad Commissioner,0768,1479,387,1866,2643,70.60%,1340,332,123,28,1823
Railroad Commissioner,0769,85,14,99,184,53.80%,6,90,0,1,97
Railroad Commissioner,0770,103,42,145,388,37.37%,44,82,3,9,138
Railroad Commissioner,0771,572,210,782,1588,49.24%,308,379,34,30,751
Railroad Commissioner,0772,2808,477,3285,4606,71.32%,2245,671,242,37,3195
Railroad Commissioner,0773,1696,638,2334,4414,52.88%,528,1548,61,57,2194
Railroad Commissioner,0774,154,55,220,426,51.64%,51,151,7,7,216
Railroad Commissioner,0775,50,1,51,102,50.00%,1,49,0,0,50
Railroad Commissioner,0776,1436,538,1974,3276,60.26%,1027,746,85,60,1918
Railroad Commissioner,0777,202,105,307,767,40.03%,64,206,9,17,296
Railroad Commissioner,0778,0,3,3,0,0.00%,0,2,0,1,3
Railroad Commissioner,0779,263,160,423,1019,41.51%,92,259,14,28,393
Railroad Commissioner,0780,170,130,300,666,45.05%,80,177,6,14,277
Railroad Commissioner,0781,1236,612,1848,3782,48.86%,517,1070,69,60,1716
Railroad Commissioner,0782,1048,368,1416,2355,60.13%,793,449,78,41,1361
Office,Precinct,Early Ballots Cast,Election Ballots Cast,Total Ballots Cast,Registered Voters,Percent Turnout,REP Wayne Christian,DEM Grady Yarbrough,LIB Mark Miller,GRN Martina Salinas,Totals
Railroad Commissioner,0783,197,90,287,520,55.19%,20,250,6,2,278
Railroad Commissioner,0784,408,119,527,1062,49.62%,11,487,5,11,514
Railroad Commissioner,0785,1234,357,1591,1896,83.91%,758,659,81,47,1545
Railroad Commissioner,0786,397,177,574,1258,45.63%,157,342,18,37,554
Railroad Commissioner,0787,180,83,263,542,48.52%,66,159,7,17,249
Railroad Commissioner,0788,2,0,2,13,15.38%,2,0,0,0,2
Railroad Commissioner,0789,1377,420,1797,2998,59.94%,959,642,98,37,1736
Railroad Commissioner,0790,1143,329,1472,2523,58.34%,456,861,68,44,1429
Railroad Commissioner,0791,9,3,12,29,41.38%,1,7,1,3,12
Railroad Commissioner,0792,648,415,1063,1954,54.40%,220,720,16,60,1016
Railroad Commissioner,0793,985,416,1401,2620,53.47%,650,582,52,60,1344
Railroad Commissioner,0794,626,411,1037,3208,32.33%,91,863,30,24,1008
Railroad Commissioner,0795,396,2,398,1281,31.07%,103,244,12,20,379
Railroad Commissioner,0796,1372,455,1537,3041,60.41%,697,975,69,47,1788
Railroad Commissioner,0797,0,0,0,0,0.00%,0,0,0,0,0
Railroad Commissioner,0798,222,142,364,521,69.87%,124,183,22,25,354
Railroad Commissioner,0799,55,26,84,171,49.12%,13,63,2,6,84
Railroad Commissioner,0800,1935,730,2665,4216,63.21%,1490,842,168,85,2585
Railroad Commissioner,0801,90,44,134,261,51.34%,40,85,2,6,133
Railroad Commissioner,0802,54,21,75,224,33.48%,16,47,6,2,71
Railroad Commissioner,0803,2557,547,3214,4514,71.20%,2070,849,165,42,3126
Railroad Commissioner,0804,2703,682,3385,5303,63.83%,1645,1382,168,103,3298
Railroad Commissioner,0805,1599,454,2053,2874,71.43%,1485,344,124,32,1985
Railroad Commissioner,0806,1003,324,1327,1889,70.25%,756,446,57,31,1290
Railroad Commissioner,0807,797,349,1146,2163,52.98%,172,839,52,48,1111
Railroad Commissioner,0808,143,57,200,232,86.21%,70,94,24,6,194
Railroad Commissioner,0809,19,7,25,98,26.53%,11,12,2,0,25
Railroad Commissioner,0810,47,31,78,197,39.59%,9,56,1,7,73
Railroad Commissioner,0811,52,68,150,277,54.15%,26,97,3,19,145
Railroad Commissioner,0812,0,0,0,0,0.00%,0,0,0,0,0
Railroad Commissioner,0813,1742,434,2176,3488,62.39%,856,1090,83,80,2109
Railroad Commissioner,0814,1975,827,2803,5483,51.12%,498,2022,93,97,2710
Railroad Commissioner,0815,0,0,0,0,0.00%,0,0,0,0,0
Railroad Commissioner,0816,23,10,33,64,51.56%,4,20,2,4,30
Office,Precinct,Early Ballots Cast,Election Ballots Cast,Total Ballots Cast,Registered Voters,Percent Turnout,REP Wayne Christian,DEM Grady Yarbrough,LIB Mark Miller,GRN Martina Salinas,Totals
Railroad Commissioner,0817,2791,550,3341,4700,71.09%,2219,847,145,59,3270
Railroad Commissioner,0818,209,104,313,737,42.47%,59,227,7,8,301
Railroad Commissioner,0819,108,31,139,228,60.96%,62,57,7,2,128
Railroad Commissioner,0820,0,0,0,0,0.00%,0,0,0,0,0
Railroad Commissioner,0821,362,188,550,1295,42.47%,64,425,17,25,531
Railroad Commissioner,0822,571,185,756,1574,48.03%,24,690,9,8,731
Railroad Commissioner,0823,1339,410,1749,3017,57.97%,847,697,88,57,1689
Railroad Commissioner,0824,1059,410,1469,2762,53.19%,281,1036,44,65,1426
Railroad Commissioner,0825,9,7,16,21,76.19%,4,10,2,0,16
Railroad Commissioner,0826,177,70,247,355,69.58%,119,86,20,7,232
Railroad Commissioner,0827,218,234,452,1042,43.38%,125,273,15,25,438
Railroad Commissioner,0828,1174,281,1455,1965,74.05%,1049,241,102,20,1412
Railroad Commissioner,0829,101,19,120,235,51.06%,32,76,5,4,117
Railroad Commissioner,0830,2,2,4,2,200.00%,4,0,0,0,4
Railroad Commissioner,0831,8,5,13,36,36.11%,6,5,0,1,12
Railroad Commissioner,0832,125,50,175,364,48.08%,41,109,8,10,168
Railroad Commissioner,0833,3,2,5,20,25.00%,1,4,0,0,5
Railroad Commissioner,0834,142,61,203,388,52.32%,19,177,3,1,200
Railroad Commissioner,0835,87,71,158,311,50.80%,38,99,2,14,153
Railroad Commissioner,0836,128,0,128,248,51.61%,8,106,3,3,120
Railroad Commissioner,0837,0,0,0,0,0.00%,0,0,0,0,0
Railroad Commissioner,0838,0,0,0,0,0.00%,0,0,0,0,0
Railroad Commissioner,0839,419,174,593,1190,49.83%,109,394,36,36,575
Railroad Commissioner,0840,831,228,1059,1780,59.49%,331,635,26,30,1022
Railroad Commissioner,0841,1475,475,1950,3431,56.83%,405,1378,47,59,1889
Railroad Commissioner,0842,1340,513,1853,3390,54.66%,651,963,85,78,1777
Railroad Commissioner,0843,595,298,893,1387,64.38%,145,669,23,33,870
Railroad Commissioner,0844,4,0,4,10,40.00%,0,4,0,0,4
Railroad Commissioner,0845,152,13,165,218,75.69%,96,56,6,3,161
Railroad Commissioner,0846,61,22,83,229,36.24%,1,72,0,7,80
Railroad Commissioner,0847,993,330,1323,2310,57.27%,320,892,34,41,1287
Railroad Commissioner,0848,1014,201,1215,1875,64.80%,341,736,59,39,1175
Railroad Commissioner,0849,731,455,1186,2272,52.20%,273,716,42,88,1119
Railroad Commissioner,0850,129,19,148,208,71.15%,51,76,4,10,141
Office,Precinct,Early Ballots Cast,Election Ballots Cast,Total Ballots Cast,Registered Voters,Percent Turnout,REP Wayne Christian,DEM Grady Yarbrough,LIB Mark Miller,GRN Martina Salinas,Totals
Railroad Commissioner,0851,1886,441,2327,3597,64.69%,1409,667,124,51,2251
Railroad Commissioner,0852,0,0,0,1,0.00%,0,0,0,0,0
Railroad Commissioner,0853,1538,487,2125,2986,71.17%,1457,435,154,37,2083
Railroad Commissioner,0854,40,19,59,175,33.71%,7,48,0,3,58
Railroad Commissioner,0855,7,2,9,21,42.86%,4,3,1,1,9
Railroad Commissioner,0856,0,3,3,0,0.00%,1,0,0,0,1
Railroad Commissioner,0857,0,0,0,1,0.00%,0,0,0,0,0
Railroad Commissioner,0858,122,35,157,334,47.01%,4,143,2,0,149
Railroad Commissioner,0859,391,143,534,945,56.51%,99,383,14,18,514
Railroad Commissioner,0860,1,1,2,0,0.00%,0,2,0,0,2
Railroad Commissioner,0861,777,272,1049,1941,54.04%,149,819,24,28,1020
Railroad Commissioner,0862,1989,508,2497,3739,66.78%,1374,891,92,62,2419
Railroad Commissioner,0863,192,64,256,581,44.06%,14,233,2,1,250
Railroad Commissioner,0864,693,574,1267,2708,46.79%,253,865,30,63,1211
Railroad Commissioner,0865,9,2,11,21,52.38%,0,10,0,1,11
Railroad Commissioner,0866,0,0,0,0,0.00%,0,0,0,0,0
Railroad Commissioner,0867,0,0,0,0,0.00%,0,0,0,0,0
Railroad Commissioner,0868,737,495,1232,2446,50.37%,279,823,30,48,1180
Railroad Commissioner,0869,166,55,221,480,46.04%,24,177,8,3,212
Railroad Commissioner,0870,0,2,2,0,0.00%,2,0,0,0,2
Railroad Commissioner,0871,2,1,3,3,100.00%,0,2,1,0,3
Railroad Commissioner,0872,16,6,22,68,32.35%,11,10,1,0,22
Railroad Commissioner,0873,296,111,407,778,52.31%,94,283,7,16,400
Railroad Commissioner,0874,1682,670,2352,3294,71.40%,1583,539,126,35,2283
Railroad Commissioner,0875,1950,501,2451,3592,68.23%,1058,1143,97,80,2378
Railroad Commissioner,0876,1947,577,2524,3485,72.42%,1660,652,105,34,2451
Railroad Commissioner,0877,1805,528,2334,3651,63.93%,800,1310,95,70,2275
Railroad Commissioner,0878,685,110,795,1039,76.52%,607,117,37,9,770
Railroad Commissioner,0879,1217,413,1630,2843,57.33%,625,830,71,56,1582
Railroad Commissioner,0880,1357,471,1828,2467,74.10%,1304,376,88,22,1790
Railroad Commissioner,0881,2467,927,3394,5638,60.20%,831,2253,122,95,3301
Railroad Commissioner,0882,1954,595,2549,4317,59.05%,694,1597,83,83,2457
Railroad Commissioner,0883,2253,928,3181,5613,56.67%,482,2397,70,137,3086
Railroad Commissioner,0884,149,55,204,396,51.52%,27,165,3,6,201
Office,Precinct,Early Ballots Cast,Election Ballots Cast,Total Ballots Cast,Registered Voters,Percent Turnout,REP Wayne Christian,DEM Grady Yarbrough,LIB Mark Miller,GRN Martina Salinas,Totals
Railroad Commissioner,0885,1573,323,1896,2811,67.45%,1012,753,53,41,1859
Railroad Commissioner,0886,498,152,650,906,71.74%,311,201,95,19,626
Railroad Commissioner,0887,235,95,330,492,67.07%,162,105,44,3,314
Railroad Commissioner,0888,820,289,1109,1867,59.40%,325,670,30,41,1066
Railroad Commissioner,0889,114,28,142,238,59.66%,35,78,17,6,136
Railroad Commissioner,0890,449,98,547,1214,45.06%,190,246,69,15,520
Railroad Commissioner,0891,753,194,947,1376,68.82%,303,484,104,29,920
Railroad Commissioner,0892,428,123,551,900,61.22%,162,273,70,21,526
Railroad Commissioner,0893,1,4,5,9,55.56%,2,3,0,0,5
Railroad Commissioner,0894,805,305,1110,2087,53.19%,133,883,34,31,1081
Railroad Commissioner,0895,419,252,671,834,80.46%,230,278,119,13,640
Railroad Commissioner,0896,841,254,1095,1467,74.64%,313,552,149,36,1050
Railroad Commissioner,0897,814,365,1179,1766,66.76%,565,480,61,32,1138
Railroad Commissioner,0898,792,301,1093,1821,60.02%,404,575,37,47,1063
Railroad Commissioner,0899,747,165,912,1264,72.15%,530,286,64,18,898
Railroad Commissioner,0900,7,0,7,12,58.33%,1,6,0,0,7
Railroad Commissioner,0901,0,0,0,0,0.00%,0,0,0,0,0
Railroad Commissioner,0902,1311,361,1672,2217,75.42%,774,596,187,55,1612
Railroad Commissioner,0903,1315,354,1669,2558,65.25%,1137,375,84,29,1625
Railroad Commissioner,0904,2,0,2,8,25.00%,0,1,1,0,2
Railroad Commissioner,0905,390,136,526,946,55.60%,179,299,8,25,511
Railroad Commissioner,0906,19,3,22,28,78.57%,10,6,5,1,22
Railroad Commissioner,0907,53,37,90,201,44.78%,8,77,2,2,89
Railroad Commissioner,0908,0,0,0,0,0.00%,0,0,0,0,0
Railroad Commissioner,0909,7,1,8,21,38.10%,2,5,0,1,8
Railroad Commissioner,0910,78,37,115,236,48.73%,31,62,7,8,108
Railroad Commissioner,0911,237,63,300,576,52.08%,177,98,12,9,296
Railroad Commissioner,0912,712,167,879,1341,65.55%,476,318,32,28,854
Railroad Commissioner,0913,102,12,114,241,47.30%,20,85,1,3,109
Railroad Commissioner,0914,42,0,42,124,33.87%,9,28,2,1,40
Railroad Commissioner,0915,0,0,0,0,0.00%,0,0,0,0,0
Railroad Commissioner,0916,1474,308,1782,2205,80.82%,1267,340,91,22,1720
Railroad Commissioner,0917,34,9,43,147,29.25%,3,33,0,1,37
Railroad Commissioner,0918,3,1,4,7,57.14%,2,2,0,0,4
Office,Precinct,Early Ballots Cast,Election Ballots Cast,Total Ballots Cast,Registered Voters,Percent Turnout,REP Wayne Christian,DEM Grady Yarbrough,LIB Mark Miller,GRN Martina Salinas,Totals
Railroad Commissioner,0919,1,0,1,1,100.00%,0,0,1,0,1
Railroad Commissioner,0920,41,13,54,79,68.35%,29,20,4,0,53
Railroad Commissioner,0921,27,6,33,61,54.10%,6,25,1,1,33
Railroad Commissioner,0922,0,0,0,0,0.00%,0,0,0,0,0
Railroad Commissioner,0923,2334,350,2684,3536,75.90%,1903,586,118,24,2631
Railroad Commissioner,0924,0,0,0,0,0.00%,0,0,0,0,0
Railroad Commissioner,0925,0,0,0,0,0.00%,0,0,0,0,0
Railroad Commissioner,0926,550,149,699,967,72.29%,456,171,39,12,678
Railroad Commissioner,0927,970,173,1143,1771,64.54%,507,441,99,40,1087
Railroad Commissioner,0928,4,1,5,7,71.43%,0,5,0,0,5
Railroad Commissioner,0929,0,0,0,0,0.00%,0,0,0,0,0
Railroad Commissioner,0930,217,83,300,606,49.50%,14,264,5,4,287
Railroad Commissioner,0931,87,28,115,141,81.56%,47,51,9,1,108
Railroad Commissioner,0932,0,1,1,0,0.00%,0,1,0,0,1
Railroad Commissioner,0933,297,93,390,668,58.38%,108,226,29,12,375
Railroad Commissioner,0934,9,4,13,37,35.14%,7,6,0,0,13
Railroad Commissioner,0935,12,9,21,55,38.18%,8,11,0,1,20
Railroad Commissioner,0936,23,9,32,76,42.11%,8,18,1,2,29
Railroad Commissioner,0937,0,0,0,0,0.00%,0,0,0,0,0
Railroad Commissioner,0938,72,19,91,255,35.69%,25,59,4,1,89
Railroad Commissioner,0939,1,1,2,4,50.00%,1,1,0,0,2
Railroad Commissioner,0940,9,3,12,28,42.86%,1,11,0,0,12
Railroad Commissioner,0941,286,144,430,870,49.43%,180,185,30,16,411
Railroad Commissioner,0942,102,16,118,152,77.63%,75,31,10,1,117
Railroad Commissioner,0943,192,28,220,774,28.42%,45,149,6,7,207
Railroad Commissioner,0944,1,0,1,1,100.00%,0,1,0,0,1
Railroad Commissioner,0945,8,6,14,21,66.67%,1,7,3,2,13
Railroad Commissioner,0946,4,2,6,14,42.86%,1,5,0,0,6
Railroad Commissioner,0947,428,198,626,820,76.34%,275,228,81,16,600
Railroad Commissioner,0948,0,0,0,1,0.00%,0,0,0,0,0
Railroad Commissioner,0949,84,61,145,210,69.05%,59,53,16,10,138
Railroad Commissioner,0950,0,0,0,0,0.00%,0,0,0,0,0
Railroad Commissioner,0951,114,62,176,304,57.89%,38,120,3,7,168
Railroad Commissioner,0952,32,15,47,65,72.31%,23,14,10,0,47
Office,Precinct,Early Ballots Cast,Election Ballots Cast,Total Ballots Cast,Registered Voters,Percent Turnout,REP Wayne Christian,DEM Grady Yarbrough,LIB Mark Miller,GRN Martina Salinas,Totals
Railroad Commissioner,0953,4,0,4,8,50.00%,0,3,0,1,4
Railroad Commissioner,0954,0,0,0,0,0.00%,0,0,0,0,0
Railroad Commissioner,0955,3541,572,4113,5108,80.52%,2735,981,216,42,3974
Railroad Commissioner,0956,0,0,0,0,0.00%,0,0,0,0,0
Railroad Commissioner,0957,284,39,323,585,55.21%,33,261,7,8,309
Railroad Commissioner,0958,431,231,662,1202,55.07%,107,481,21,33,642
Railroad Commissioner,0959,0,0,0,0,0.00%,0,0,0,0,0
Railroad Commissioner,0960,831,235,1066,1471,72.47%,201,793,23,21,1038
Railroad Commissioner,0961,821,318,1139,2369,48.08%,158,881,22,38,1099
Railroad Commissioner,0962,33,12,45,88,51.14%,6,30,4,4,44
Railroad Commissioner,0963,225,91,316,528,59.85%,119,153,10,21,303
Railroad Commissioner,0964,2148,325,2473,3179,77.79%,1351,918,92,42,2403
Railroad Commissioner,0965,102,35,137,345,39.71%,81,33,10,8,132
Railroad Commissioner,0966,368,189,557,1332,41.82%,114,372,26,21,533
Railroad Commissioner,0967,82,24,106,186,56.99%,32,59,6,4,101
Railroad Commissioner,0968,455,127,582,906,64.24%,113,418,14,19,564
Railroad Commissioner,0969,299,71,370,624,59.29%,5,346,4,7,362
Railroad Commissioner,0970,224,102,326,810,40.25%,29,271,2,6,308
Railroad Commissioner,0971,0,0,0,0,0.00%,0,0,0,0,0
Railroad Commissioner,0972,0,0,0,0,0.00%,0,0,0,0,0
Railroad Commissioner,0973,505,138,643,999,64.36%,387,174,50,16,627
Railroad Commissioner,0974,0,1,1,0,0.00%,1,0,0,0,1
Railroad Commissioner,0975,104,26,130,190,68.42%,54,54,11,3,122
Railroad Commissioner,0976,190,152,342,712,48.03%,151,144,10,20,325
Railroad Commissioner,0977,160,108,268,617,43.44%,89,150,5,15,259
Railroad Commissioner,0978,0,0,0,0,0.00%,0,0,0,0,0
Railroad Commissioner,0979,0,0,0,0,0.00%,0,0,0,0,0
Railroad Commissioner,0980,686,333,1019,1412,72.17%,669,238,62,16,985
Railroad Commissioner,0981,12,2,14,31,45.16%,1,12,0,0,13
Railroad Commissioner,0982,1900,501,2401,2916,82.34%,1713,466,116,47,2342
Railroad Commissioner,0983,55,17,82,198,41.41,%,37,35,6,2,80
Railroad Commissioner,0984,76,57,133,341,39.00%,11,116,2,3,132
Railroad Commissioner,0985,222,56,278,355,78.31%,114,129,18,9,270
Railroad Commissioner,0986,154,78,232,537,43.20%,21,191,4,10,226
Office,Precinct,Early Ballots Cast,Election Ballots Cast,Total Ballots Cast,Registered Voters,Percent Turnout,REP Wayne Christian,DEM Grady Yarbrough,LIB Mark Miller,GRN Martina Salinas,Totals
Railroad Commissioner,0987,477,130,607,1183,51.31%,35,531,4,16,586
Railroad Commissioner,0988,52,15,77,117,65.81%,66,5,3,1,75
Railroad Commissioner,0989,0,0,0,0,0.00%,0,0,0,0,0
Railroad Commissioner,0990,5,6,11,66,16.67%,4,6,1,0,11
Railroad Commissioner,0991,0,1,1,2,50.00%,0,1,0,0,1
Railroad Commissioner,0992,456,106,562,1075,52.28%,241,255,29,13,538
Railroad Commissioner,0993,0,0,0,0,0.00%,0,0,0,0,0
Railroad Commissioner,0994,55,12,68,75,90.67%,18,39,5,5,67
Railroad Commissioner,0995,754,193,947,1576,60.09%,92,771,21,34,918
Railroad Commissioner,0996,403,70,473,708,66.81%,228,182,24,19,453
Railroad Commissioner,0997,525,283,808,1909,42.33%,128,625,21,15,789
Railroad Commissioner,0998,24,12,36,68,52.94%,21,11,3,0,35
Railroad Commissioner,0999,0,0,0,0,0.00%,0,0,0,0,0
Railroad Commissioner,1000,123,22,145,428,33.88%,20,111,2,9,142
Railroad Commissioner,1001,519,280,799,1654,48.31%,140,578,21,20,759
Railroad Commissioner,1002,481,270,751,1804,41.63%,93,584,20,18,715
Railroad Commissioner,1003,0,0,0,0,0.00%,0,0,0,0,0
Railroad Commissioner,1004,351,114,465,691,67.29%,200,189,45,16,450
Railroad Commissioner,1005,0,0,0,0,0.00%,0,0,0,0,0
Railroad Commissioner,1006,0,0,0,0,0.00%,0,0,0,0,0
Railroad Commissioner,1007,595,306,1002,1775,56.45%,190,705,30,48,973
Railroad Commissioner,1008,520,107,727,1011,71.91%,543,128,23,10,704
Railroad Commissioner,1009,0,0,0,0,0.00%,0,0,0,0,0
Railroad Commissioner,1010,293,96,389,647,60.12%,64,279,13,15,371
Railroad Commissioner,1011,9,6,15,31,48.39%,8,7,0,0,15
Railroad Commissioner,1012,545,362,907,1633,55.54%,197,611,30,32,870
Railroad Commissioner,Totals;,983140,353327,1336467,2182980,567961,610648,72618,38504,1289731
