Office,Precinct,Early Ballots Cast,Election Ballots Cast,Total Ballots Cast,Registered Voters,Percent Turnout,REP Ron Hickman,DEM Ed Gonzalez,Totals
Sheriff,0001,1416,496,1912,2682,71.29%,628,1183,1811
Sheriff,0002,1000,370,1370,2099,65.27%,542,760,1302
Sheriff,0003,875,336,1211,1625,74.52%,419,747,1166
Sheriff,0004,954,369,1323,1709,77.41%,423,843,1266
Sheriff,0005,759,380,1139,1470,77.48%,388,710,1098
Sheriff,0006,1840,628,2468,4084,60.43%,1204,1189,2393
Sheriff,0007,430,125,555,1002,55.39%,19,520,539
Sheriff,0008,889,351,1240,1848,67.10%,568,629,1197
Sheriff,0009,658,312,970,1861,52.12%,212,706,918
Sheriff,0010,701,232,933,1830,50.98%,155,718,873
Sheriff,0011,617,258,875,1748,50.06%,145,690,835
Sheriff,0012,230,65,295,731,40.36%,145,138,283
Sheriff,0013,1230,382,1612,2751,58.60%,1051,499,1550
Sheriff,0014,989,429,1418,1924,73.70%,675,683,1358
Sheriff,0015,1489,849,2338,2852,81.98%,1248,969,2217
Sheriff,0016,676,189,865,1284,67.37%,385,438,823
Sheriff,0017,451,293,744,1198,62.10%,289,415,704
Sheriff,0018,743,367,1110,1456,76.24%,493,574,1067
Sheriff,0019,547,293,940,1288,72.98%,300,594,894
Sheriff,0020,1007,335,1342,2780,48.27%,405,876,1281
Sheriff,0021,539,207,746,1229,60.70%,153,557,710
Sheriff,0022,935,419,1354,2501,54.14%,221,1086,1307
Sheriff,0023,132,74,206,551,37.39%,32,166,198
Sheriff,0024,292,36,328,712,46.07%,60,257,317
Sheriff,0025,239,292,531,1105,48.05%,30,487,517
Sheriff,0026,834,313,1147,1969,58.25%,222,877,1099
Sheriff,0027,1391,508,1899,3271,58.06%,352,1453,1805
Sheriff,0028,1513,446,1959,3307,59.24%,1081,819,1900
Sheriff,0029,548,490,1138,2722,41.81%,310,769,1079
Sheriff,0030,1285,546,1831,2818,64.98%,517,1213,1730
Sheriff,0031,784,453,1237,2656,46.57%,49,1142,1191
Sheriff,0032,1245,504,1749,2728,64.11%,722,923,1645
Sheriff,0033,2072,554,2525,3907,67.21%,909,1543,2452
Sheriff,0034,1511,517,2128,3044,69.91%,450,1596,2046
Office,Precinct,Early Ballots Cast,Election Ballots Cast,Total Ballots Cast,Registered Voters,Percent Turnout,REP Ron Hickman,DEM Ed Gonzalez,Totals
Sheriff,0035,5,0,5,14,35.71%,3,2,5
Sheriff,0036,1032,516,1548,3100,49.94%,323,1159,1482
Sheriff,0037,1521,409,1930,2467,78.23%,621,1196,1817
Sheriff,0038,1876,436,2312,3081,75.04%,731,1476,2207
Sheriff,0039,1703,492,2195,3070,71.50%,544,1530,2074
Sheriff,0040,275,107,382,527,72.49%,153,207,360
Sheriff,0041,712,264,976,1518,64.30%,429,519,948
Sheriff,0042,438,109,547,1062,51.51%,19,519,538
Sheriff,0043,815,300,1115,1972,56.54%,450,607,1057
Sheriff,0044,726,310,1036,2126,48.73%,170,806,976
Sheriff,0045,2263,1021,3284,5740,57.21%,648,2494,3142
Sheriff,0046,875,341,1216,2568,47.35%,158,1014,1172
Sheriff,0047,505,268,773,1618,47.78%,44,709,753
Sheriff,0048,348,168,516,967,53.36%,60,433,493
Sheriff,0049,1546,731,2277,3709,61.39%,1496,712,2208
Sheriff,0050,1836,680,2516,4314,58.32%,1203,1240,2443
Sheriff,0051,828,271,1099,1734,63.38%,797,266,1063
Sheriff,0052,1400,456,1856,2581,71.91%,821,942,1763
Sheriff,0053,1675,613,2288,3083,74.21%,904,1257,2161
Sheriff,0054,1052,211,1263,1619,78.01%,583,608,1191
Sheriff,0055,1262,410,1672,2094,79.85%,671,901,1572
Sheriff,0056,698,283,981,1393,70.42%,559,384,943
Sheriff,0057,2043,567,2610,3325,78.50%,979,1492,2471
Sheriff,0058,1716,484,2200,3031,72.58%,938,1153,2091
Sheriff,0059,1589,439,2028,2671,75.93%,803,1145,1948
Sheriff,0060,1473,537,2010,2766,72.67%,515,1387,1902
Sheriff,0061,519,423,942,1847,51.00%,239,652,891
Sheriff,0062,689,452,1141,2195,51.98%,179,911,1090
Sheriff,0063,767,391,1158,1903,60.85%,919,209,1128
Sheriff,0064,678,368,1046,2220,47.12%,165,822,987
Sheriff,0065,638,435,1073,2178,49.27%,144,888,1032
Sheriff,0066,247,255,502,1135,44.23%,78,399,477
Sheriff,0067,942,521,1463,3019,48.46%,260,1114,1374
Sheriff,0068,1171,430,1601,3096,51.71%,58,1487,1545
Office,Precinct,Early Ballots Cast,Election Ballots Cast,Total Ballots Cast,Registered Voters,Percent Turnout,REP Ron Hickman,DEM Ed Gonzalez,Totals
Sheriff,0069,375,222,597,1309,45.61%,78,485,563
Sheriff,0070,2288,670,2958,3815,77.54%,1566,1258,2824
Sheriff,0071,2703,947,3650,5016,72.77%,1730,1740,3470
Sheriff,0072,736,418,1154,2029,56.88%,243,868,1111
Sheriff,0073,813,282,1095,1621,67.55%,524,522,1046
Sheriff,0074,2503,268,2771,3578,77.45%,2056,635,2691
Sheriff,0075,1000,286,1286,1684,76.37%,538,687,1225
Sheriff,0076,1015,427,1442,2441,59.07%,670,717,1387
Sheriff,0077,2,5,7,17,41.18%,1,6,7
Sheriff,0078,618,254,872,1608,54.23%,177,647,824
Sheriff,0079,831,602,1433,2963,48.36%,209,1164,1373
Sheriff,0080,1174,466,1640,2840,57.75%,337,1235,1572
Sheriff,0081,776,273,1049,1964,53.41%,291,715,1006
Sheriff,0082,1585,756,2341,3539,66.15%,1691,585,2276
Sheriff,0083,1829,540,2369,4174,56.76%,884,1405,2289
Sheriff,0084,573,257,830,1421,58.41%,571,234,805
Sheriff,0085,587,329,916,2169,42.23%,42,834,876
Sheriff,0086,2032,493,2525,3449,73.21%,1129,1285,2414
Sheriff,0087,1451,719,2170,2839,76.44%,1234,835,2069
Sheriff,0088,338,141,479,784,61.10%,312,151,463
Sheriff,0089,398,424,822,1094,75.14%,421,350,771
Sheriff,0090,1856,890,2746,3883,70.72%,1964,690,2654
Sheriff,0091,673,339,1012,1724,58.70%,555,403,958
Sheriff,0092,1263,474,1737,2260,76.86%,1100,578,1678
Sheriff,0093,1048,619,1667,3536,47.14%,453,1146,1599
Sheriff,0094,202,53,255,580,45.69%,39,218,257
Sheriff,0095,2022,534,2556,3394,75.31%,1606,868,2474
Sheriff,0096,828,306,1134,2060,55.05%,171,932,1103
Sheriff,0097,2511,467,2978,4414,67.47%,2235,657,2892
Sheriff,0098,1385,594,1979,3161,62.61%,1621,312,1933
Sheriff,0099,681,295,976,2192,44.53%,395,546,941
Sheriff,0100,529,276,805,1825,44.11%,313,467,780
Sheriff,0101,221,129,350,988,35.43%,84,255,339
Sheriff,0102,580,227,807,1907,42.32%,187,582,769
Office,Precinct,Early Ballots Cast,Election Ballots Cast,Total Ballots Cast,Registered Voters,Percent Turnout,REP Ron Hickman,DEM Ed Gonzalez,Totals
Sheriff,0103,2140,985,3125,5097,61.31%,1486,1574,3060
Sheriff,0104,913,211,1124,1920,58.54%,35,1062,1097
Sheriff,0105,709,433,1142,2304,49.57%,266,823,1089
Sheriff,0106,73,59,132,299,44.15%,43,87,130
Sheriff,0107,592,403,995,2230,44.62%,139,816,955
Sheriff,0108,1461,448,1909,3674,51.96%,927,894,1821
Sheriff,0109,1098,278,1376,2909,47.30%,52,1289,1341
Sheriff,0110,1661,481,2142,3222,66.48%,1241,849,2090
Sheriff,0111,2699,866,3565,4792,74.39%,2459,998,3457
Sheriff,0112,1507,598,2105,3188,66.03%,1387,659,2046
Sheriff,0113,1307,418,1725,2718,63.47%,904,780,1684
Sheriff,0114,2290,506,2796,3885,71.97%,2025,690,2715
Sheriff,0115,609,272,881,1843,47.80%,80,762,842
Sheriff,0116,1898,599,2497,3194,78.18%,1826,587,2413
Sheriff,0117,573,379,952,1900,50.11%,303,608,911
Sheriff,0118,1823,530,2353,3181,73.97%,1234,1055,2289
Sheriff,0119,2755,409,3164,4682,67.58%,2452,621,3073
Sheriff,0120,1804,588,2392,3732,64.09%,1368,931,2299
Sheriff,0121,354,221,575,966,59.52%,356,204,560
Sheriff,0122,732,284,1016,1904,53.36%,48,932,980
Sheriff,0123,749,287,1036,1585,65.36%,247,741,988
Sheriff,0124,3136,888,4024,5393,74.62%,3144,806,3950
Sheriff,0125,1207,400,1607,2593,61.97%,868,693,1561
Sheriff,0126,2017,427,2444,3380,72.31%,2058,317,2375
Sheriff,0127,978,214,1192,2091,57.01%,832,320,1152
Sheriff,0128,1107,612,1719,2322,74.03%,981,644,1625
Sheriff,0129,2540,1052,3592,5172,69.45%,2013,1444,3457
Sheriff,0130,1310,433,1743,2289,76.15%,1202,480,1682
Sheriff,0131,798,371,1169,2147,54.45%,230,911,1141
Sheriff,0132,1028,322,1350,2378,56.77%,46,1279,1325
Sheriff,0133,1411,746,2157,2690,80.19%,1118,923,2041
Sheriff,0134,593,345,938,1513,62.00%,347,554,901
Sheriff,0135,1614,551,2165,2777,77.96%,1292,761,2053
Sheriff,0136,982,352,1334,2116,63.04%,78,1212,1290
Office,Precinct,Early Ballots Cast,Election Ballots Cast,Total Ballots Cast,Registered Voters,Percent Turnout,REP Ron Hickman,DEM Ed Gonzalez,Totals
Sheriff,0137,993,259,1252,1986,63.04%,821,389,1210
Sheriff,0138,600,228,828,1723,48.06%,44,766,810
Sheriff,0139,1939,601,2540,3435,73.94%,1105,1303,2408
Sheriff,0140,1513,510,2023,3270,61.87%,322,1613,1935
Sheriff,0141,217,153,370,904,40.93%,196,152,348
Sheriff,0142,293,140,433,933,46.41%,76,331,407
Sheriff,0143,1868,267,2135,2582,82.69%,1370,718,2088
Sheriff,0144,442,125,567,1086,52.21%,24,523,547
Sheriff,0145,560,256,816,1564,52.17%,16,773,789
Sheriff,0146,1000,494,1494,2073,72.07%,607,826,1433
Sheriff,0147,1411,354,1765,3211,54.97%,214,1505,1719
Sheriff,0148,1265,652,1917,2571,74.56%,685,1132,1817
Sheriff,0149,2938,573,3511,4756,73.82%,1936,1489,3425
Sheriff,0150,582,223,805,1574,51.14%,34,743,777
Sheriff,0151,282,107,389,826,47.09%,20,353,373
Sheriff,0152,838,524,1362,3059,44.52%,250,1045,1295
Sheriff,0153,544,399,943,1873,50.35%,191,722,913
Sheriff,0154,913,289,1202,2293,52.42%,206,929,1135
Sheriff,0155,2275,576,2851,4065,70.14%,1713,1032,2745
Sheriff,0156,1413,403,1816,3223,56.35%,107,1652,1759
Sheriff,0157,880,278,1158,2265,51.13%,74,1052,1126
Sheriff,0158,1143,365,1508,3049,49.46%,42,1431,1473
Sheriff,0159,348,147,495,997,49.65%,75,406,481
Sheriff,0160,286,67,353,717,49.23%,14,325,339
Sheriff,0161,378,173,551,992,55.54%,23,509,532
Sheriff,0162,364,267,631,1312,48.09%,151,441,592
Sheriff,0163,1080,524,1604,3075,52.16%,444,1044,1488
Sheriff,0164,441,258,699,1407,49.68%,32,647,679
Sheriff,0165,1169,469,1638,2460,66.59%,909,663,1572
Sheriff,0166,562,261,823,1171,70.28%,252,538,790
Sheriff,0167,5,2,7,24,29.17%,0,7,7
Sheriff,0168,196,59,255,512,49.80%,10,240,250
Sheriff,0169,985,247,1232,2548,48.35%,61,1133,1194
Sheriff,0170,663,262,925,1958,47.24%,393,473,866
Office,Precinct,Early Ballots Cast,Election Ballots Cast,Total Ballots Cast,Registered Voters,Percent Turnout,REP Ron Hickman,DEM Ed Gonzalez,Totals
Sheriff,0171,482,283,765,1648,46.42%,47,689,736
Sheriff,0172,245,103,348,661,52.65%,82,255,337
Sheriff,0173,2259,683,2942,3966,74.18%,2190,673,2863
Sheriff,0174,1716,707,2423,3389,71.50%,1543,778,2321
Sheriff,0175,1402,691,2093,2711,77.20%,980,1006,1986
Sheriff,0176,767,375,1142,1533,74.49%,536,540,1076
Sheriff,0177,937,333,1270,1715,74.05%,645,553,1198
Sheriff,0178,1116,273,1389,1795,77.38%,881,443,1324
Sheriff,0179,771,244,1015,1673,60.67%,452,509,961
Sheriff,0180,928,463,1391,2914,47.74%,62,1277,1339
Sheriff,0181,697,439,1136,2195,51.75%,228,856,1084
Sheriff,0182,1943,994,2937,4071,72.14%,1477,1280,2757
Sheriff,0183,1286,715,2001,2535,78.93%,1185,705,1890
Sheriff,0184,278,219,497,1048,47.42%,118,353,471
Sheriff,0185,709,444,1153,2054,56.13%,281,820,1101
Sheriff,0186,252,150,402,798,50.38%,28,363,391
Sheriff,0187,96,51,147,309,47.57%,23,114,137
Sheriff,0188,499,306,805,1711,47.05%,236,537,773
Sheriff,0189,804,279,1083,1505,71.96%,578,465,1043
Sheriff,0190,571,326,897,1849,48.51%,243,607,850
Sheriff,0191,327,259,586,1408,41.62%,160,403,563
Sheriff,0192,757,259,1016,1959,51.86%,74,905,979
Sheriff,0193,375,211,586,1099,53.32%,25,541,566
Sheriff,0194,1138,449,1587,2172,73.07%,417,1092,1509
Sheriff,0195,606,344,950,1739,54.63%,48,863,911
Sheriff,0196,132,37,169,313,53.99%,13,150,163
Sheriff,0197,996,372,1368,2969,46.08%,56,1279,1335
Sheriff,0198,161,82,243,619,39.26%,9,224,233
Sheriff,0199,1929,815,2744,4063,67.54%,2040,617,2657
Sheriff,0200,2307,377,2684,3692,72.70%,1148,1414,2562
Sheriff,0201,221,105,326,773,42.17%,13,306,319
Sheriff,0202,421,233,654,1410,46.38%,30,595,625
Sheriff,0203,298,111,409,988,41.40%,55,334,389
Sheriff,0204,2099,577,2676,3568,75.00%,1371,1169,2540
Office,Precinct,Early Ballots Cast,Election Ballots Cast,Total Ballots Cast,Registered Voters,Percent Turnout,REP Ron Hickman,DEM Ed Gonzalez,Totals
Sheriff,0205,771,171,942,1724,54.64%,33,887,920
Sheriff,0206,1277,494,1771,2965,59.73%,463,1231,1694
Sheriff,0207,605,212,817,1166,70.07%,216,575,791
Sheriff,0208,909,338,1247,2256,55.27%,290,895,1185
Sheriff,0209,0,0,0,0,0.00%,0,0,0
Sheriff,0210,1259,489,1748,2781,62.86%,269,1419,1688
Sheriff,0211,964,595,1559,3130,49.81%,399,1079,1478
Sheriff,0212,309,323,632,1370,46.13%,90,510,600
Sheriff,0213,1782,795,2577,3406,75.66%,1907,583,2490
Sheriff,0214,1016,418,1434,1911,75.04%,814,546,1360
Sheriff,0215,1096,636,1732,2286,75.77%,927,716,1643
Sheriff,0216,778,244,1022,1966,51.98%,61,922,983
Sheriff,0217,1545,618,2163,2736,79.06%,1247,815,2062
Sheriff,0218,1099,457,1555,2467,63.07%,337,1126,1463
Sheriff,0219,1117,515,1632,2868,56.90%,146,1409,1555
Sheriff,0220,832,306,1138,2362,48.18%,721,374,1095
Sheriff,0221,1032,473,1505,2598,57.93%,453,989,1442
Sheriff,0222,1460,671,2131,2728,78.12%,883,1126,2009
Sheriff,0223,1750,517,2267,3664,61.87%,567,1578,2145
Sheriff,0224,1155,495,1551,2313,71.81%,694,883,1577
Sheriff,0225,1353,596,1949,3689,52.83%,828,1063,1891
Sheriff,0226,840,421,1261,2554,49.37%,207,1002,1209
Sheriff,0227,1071,359,1430,1810,79.01%,965,404,1369
Sheriff,0228,625,159,784,1175,66.72%,48,725,773
Sheriff,0229,227,168,395,828,47.71%,100,275,375
Sheriff,0230,353,165,518,1094,47.35%,30,474,504
Sheriff,0231,801,445,1246,2376,52.44%,225,979,1204
Sheriff,0232,941,438,1379,1826,75.52%,691,623,1314
Sheriff,0233,2571,703,3274,4713,69.47%,1412,1692,3104
Sheriff,0234,2419,728,3147,4042,77.86%,2200,810,3010
Sheriff,0235,461,203,664,1421,46.73%,30,608,638
Sheriff,0236,555,308,964,2104,45.82%,49,888,937
Sheriff,0237,739,312,1051,2146,48.97%,38,985,1023
Sheriff,0238,606,317,923,1948,47.38%,34,858,892
Office,Precinct,Early Ballots Cast,Election Ballots Cast,Total Ballots Cast,Registered Voters,Percent Turnout,REP Ron Hickman,DEM Ed Gonzalez,Totals
Sheriff,0239,694,334,1028,1984,51.81,%,40,968,1008
Sheriff,0240,1007,292,1299,2601,49.94%,38,1234,1272
Sheriff,0241,651,383,1034,2466,41.93%,319,678,997
Sheriff,0242,506,314,820,1744,47.02%,348,420,768
Sheriff,0243,244,42,286,475,60.21%,9,272,281
Sheriff,0244,1409,538,1947,3296,59.07%,910,977,1887
Sheriff,0245,2100,811,2911,4679,62.21%,1823,991,2814
Sheriff,0246,2209,482,2691,3971,67.77%,1687,949,2636
Sheriff,0247,440,376,816,1595,51.16%,24,776,800
Sheriff,0248,453,347,800,2147,37.26%,166,600,766
Sheriff,0249,1124,365,1489,2825,52.71%,912,547,1459
Sheriff,0250,288,183,471,925,50.92%,24,437,461
Sheriff,0251,806,378,1184,2132,55.53%,86,1062,1148
Sheriff,0252,925,309,1235,2292,53.88%,35,1173,1208
Sheriff,0253,759,311,1070,2154,49.68%,43,1009,1052
Sheriff,0254,411,280,691,1675,41.25%,138,520,658
Sheriff,0255,1253,586,1839,2489,73.89%,767,989,1756
Sheriff,0256,1398,583,1981,3321,59.65%,635,1249,1884
Sheriff,0257,997,622,1619,3497,46.30%,348,1207,1555
Sheriff,0258,1948,608,2555,3346,76.39%,1768,687,2455
Sheriff,0259,1030,414,1444,2312,62.46%,46,1369,1415
Sheriff,0260,547,227,774,1300,59.54%,365,375,740
Sheriff,0261,442,531,973,1457,66.78%,237,697,934
Sheriff,0262,1847,676,2523,4397,57.38%,1280,1121,2401
Sheriff,0263,2208,665,2873,4016,71.54%,2050,748,2798
Sheriff,0264,1110,627,1737,3101,56.01%,854,810,1664
Sheriff,0265,1991,608,2599,3582,72.56%,1787,700,2487
Sheriff,0266,737,443,1180,2147,54.96%,436,700,1136
Sheriff,0267,421,293,714,1433,49.83%,240,437,677
Sheriff,0268,1174,689,1863,2528,73.69%,970,776,1746
Sheriff,0269,1305,365,1670,2114,79.00%,1197,398,1595
Sheriff,0270,1816,688,2504,3985,62.84%,1231,1182,2413
Sheriff,0271,1150,346,1496,2558,58.48%,53,1422,1475
Sheriff,0272,870,415,1285,2334,55.06%,441,783,1224
Office,Precinct,Early Ballots Cast,Election Ballots Cast,Total Ballots Cast,Registered Voters,Percent Turnout,REP Ron Hickman,DEM Ed Gonzalez,Totals
Sheriff,0273,1175,647,1822,2485,73.32%,1371,385,1756
Sheriff,0274,1251,311,1572,2223,70.72%,929,565,1494
Sheriff,0275,585,334,919,2059,44.63%,150,743,893
Sheriff,0276,1027,255,1282,2458,52.16%,34,1219,1253
Sheriff,0277,573,338,911,1898,48.00%,307,575,882
Sheriff,0278,1059,469,1528,2602,58.72%,597,871,1468
Sheriff,0279,789,314,1103,2073,53.21%,611,451,1062
Sheriff,0280,444,362,806,1656,48.67%,200,568,768
Sheriff,0281,1287,590,1877,2507,74.87%,823,943,1766
Sheriff,0282,773,604,1377,2144,64.23%,744,585,1329
Sheriff,0283,2351,1143,3494,6365,54.89%,499,2899,3398
Sheriff,0284,1585,574,2159,4079,52.93%,694,1370,2064
Sheriff,0285,1077,431,1508,2680,56.27%,118,1340,1458
Sheriff,0286,1708,545,2253,3757,59.97%,188,2005,2193
Sheriff,0287,851,408,1259,1658,75.93%,550,647,1197
Sheriff,0288,881,314,1195,2208,54.12%,44,1123,1167
Sheriff,0289,481,352,833,1584,52.59%,279,510,789
Sheriff,0290,705,332,1037,1623,63.89%,737,274,1011
Sheriff,0291,503,233,836,1218,68.64%,332,470,802
Sheriff,0292,549,178,727,1379,52.72%,79,625,704
Sheriff,0293,778,475,1253,1811,69.19%,515,675,1190
Sheriff,0294,852,198,1050,2054,51.12%,22,1011,1033
Sheriff,0295,270,111,381,894,42.62%,16,357,373
Sheriff,0296,701,385,1086,1705,63.70%,533,491,1024
Sheriff,0297,729,341,1070,2055,52.07%,368,658,1026
Sheriff,0298,1095,387,1482,2236,66.28%,710,714,1424
Sheriff,0299,499,236,735,1506,48.80%,215,477,692
Sheriff,0300,3385,728,4113,5480,75.05%,3072,921,3993
Sheriff,0301,737,392,1129,2337,48.31%,355,722,1077
Sheriff,0302,1197,591,1788,3277,54.56%,875,849,1724
Sheriff,0303,1896,692,2588,3375,76.68%,1897,592,2489
Sheriff,0304,1190,474,1664,2326,71.54%,859,722,1581
Sheriff,0305,2154,645,2799,4838,57.85%,893,1806,2699
Sheriff,0306,1095,299,1395,1896,73.58%,945,397,1342
Office,Precinct,Early Ballots Cast,Election Ballots Cast,Total Ballots Cast,Registered Voters,Percent Turnout,REP Ron Hickman,DEM Ed Gonzalez,Totals
Sheriff,0307,1456,801,2257,3270,69.02%,1453,713,2166
Sheriff,0308,526,225,751,1457,51.54%,166,542,708
Sheriff,0309,2160,591,2751,3495,78.71%,2042,621,2663
Sheriff,0310,709,326,1035,1464,70.70%,612,381,993
Sheriff,0311,930,643,1573,3222,48.82%,688,794,1482
Sheriff,0312,1705,552,2257,3724,60.61%,1127,1034,2161
Sheriff,0313,23,8,31,61,50.82%,14,11,25
Sheriff,0314,2997,817,3814,5606,68.03%,2193,1538,3731
Sheriff,0315,801,353,1154,1636,70.54%,618,488,1106
Sheriff,0316,739,340,1079,1513,71.32%,537,492,1029
Sheriff,0317,593,252,845,1661,50.87%,210,598,808
Sheriff,0318,1726,529,2255,3776,59.72%,154,2038,2192
Sheriff,0319,994,271,1265,2199,57.53%,74,1159,1233
Sheriff,0320,554,238,792,1570,50.45%,274,486,760
Sheriff,0321,867,363,1230,2483,49.54%,306,842,1148
Sheriff,0322,426,124,550,1210,45.45%,162,374,536
Sheriff,0323,700,296,996,1793,55.55%,366,595,961
Sheriff,0324,1444,560,2004,2607,76.87%,1175,755,1930
Sheriff,0325,802,257,1059,2176,48.67%,185,827,1012
Sheriff,0326,271,129,400,736,54.35%,134,245,379
Sheriff,0327,738,141,879,1758,50.00%,27,828,855
Sheriff,0328,425,286,711,1631,43.59%,204,473,677
Sheriff,0329,589,260,849,1621,52.38%,229,584,813
Sheriff,0330,863,326,1189,2146,55.41%,510,636,1146
Sheriff,0331,884,234,1118,1612,69.35%,682,393,1075
Sheriff,0332,1355,503,1858,2926,63.50%,179,1615,1794
Sheriff,0333,1385,942,2327,3296,70.60%,1601,625,2226
Sheriff,0334,246,104,350,786,44.53%,60,278,338
Sheriff,0335,489,293,782,1679,46.58%,186,546,732
Sheriff,0336,2489,689,3178,4771,66.61%,320,2788,3108
Sheriff,0337,367,155,522,1108,47.11%,70,426,496
Sheriff,0338,1626,632,2258,5001,45.15%,567,1594,2161
Sheriff,0339,704,303,1007,1909,52.75%,162,805,967
Sheriff,0340,2040,654,2694,4012,67.15%,1896,713,2609
Office,Precinct,Early Ballots Cast,Election Ballots Cast,Total Ballots Cast,Registered Voters,Percent Turnout,REP Ron Hickman,DEM Ed Gonzalez,Totals
Sheriff,0341,380,278,658,1372,47.96%,131,501,632
Sheriff,0342,311,225,536,1092,49.08%,116,398,514
Sheriff,0343,722,370,1092,2099,52.02%,186,861,1047
Sheriff,0344,381,207,588,1225,48.00%,21,540,561
Sheriff,0345,575,349,924,1945,47.51%,165,704,869
Sheriff,0346,1,0,1,1,100.00%,0,0,0
Sheriff,0347,1461,618,2079,3614,57.53%,1174,842,2016
Sheriff,0348,830,242,1072,1796,59.69%,713,328,1041
Sheriff,0349,458,369,827,1372,60.28%,490,318,808
Sheriff,0350,1674,582,2256,3269,69.01%,765,1343,2108
Sheriff,0351,2855,570,3425,4799,71.37%,2560,773,3333
Sheriff,0352,2023,538,2561,4278,59.86%,1747,727,2474
Sheriff,0353,1715,659,2374,4156,57.12%,411,1905,2316
Sheriff,0354,1569,429,1998,3520,56.76%,484,1449,1933
Sheriff,0355,821,239,1060,1714,61.84%,110,922,1032
Sheriff,0356,1542,582,2124,3126,67.95%,1128,906,2034
Sheriff,0357,1882,557,2439,3685,66.19%,1744,610,2354
Sheriff,0358,775,376,1151,2634,43.70%,139,978,1117
Sheriff,0359,803,496,1299,3320,39.13%,127,1139,1266
Sheriff,0360,1858,597,2455,3309,74.19%,1076,1239,2315
Sheriff,0361,323,688,1011,1808,55.92%,133,793,926
Sheriff,0362,2865,553,3418,5161,66.23%,2326,986,3312
Sheriff,0363,1826,635,2461,4160,59.16%,1008,1405,2413
Sheriff,0364,1190,528,1718,2827,60.77%,777,871,1648
Sheriff,0365,827,174,1001,1348,74.26%,119,863,982
Sheriff,0366,988,524,1512,2887,52.37%,310,1143,1453
Sheriff,0367,453,204,657,1256,52.31%,144,488,632
Sheriff,0368,433,122,555,1024,54.20%,146,393,539
Sheriff,0369,132,29,161,678,23.75%,52,99,151
Sheriff,0370,2525,627,3152,4531,69.57%,2240,832,3072
Sheriff,0371,210,78,288,537,53.63%,15,268,283
Sheriff,0372,509,180,689,1274,54.08%,78,584,662
Sheriff,0373,61,13,74,163,45.40%,0,72,72
Sheriff,0374,176,165,341,720,47.36%,73,261,334
Office,Precinct,Early Ballots Cast,Election Ballots Cast,Total Ballots Cast,Registered Voters,Percent Turnout,REP Ron Hickman,DEM Ed Gonzalez,Totals
Sheriff,0375,745,510,1255,2836,44.25%,437,763,1200
Sheriff,0376,753,344,1097,2060,53.25%,413,636,1049
Sheriff,0377,1381,643,2024,3137,64.52%,1514,442,1956
Sheriff,0378,621,447,1068,1856,57.54%,641,394,1035
Sheriff,0379,857,388,1245,2149,57.93%,103,1110,1213
Sheriff,0380,2732,551,3283,4380,74.95%,1693,1495,3188
Sheriff,0381,1185,432,1517,3141,51.48%,622,943,1565
Sheriff,0382,429,206,635,1035,61.35%,393,220,613
Sheriff,0383,722,458,1180,2373,49.73%,349,780,1129
Sheriff,0384,1152,444,1596,2725,58.57%,349,1194,1543
Sheriff,0385,1141,561,1702,2207,77.12%,1247,391,1638
Sheriff,0386,1658,419,2077,3105,66.89%,1466,559,2025
Sheriff,0387,1702,780,2482,4340,57.19%,1657,755,2412
Sheriff,0388,2899,711,3510,5413,66.69%,1683,1817,3500
Sheriff,0389,397,293,690,1359,50.77%,88,566,654
Sheriff,0390,698,271,969,1482,65.38%,123,812,935
Sheriff,0391,986,336,1322,1978,66.84%,765,509,1274
Sheriff,0392,652,145,797,1426,55.89%,19,757,776
Sheriff,0393,427,257,684,1274,53.69%,313,345,658
Sheriff,0394,236,126,362,914,39.61%,118,225,343
Sheriff,0395,1007,371,1378,1875,73.49%,894,433,1327
Sheriff,0396,1035,204,1239,2072,59.80%,50,1153,1203
Sheriff,0397,204,117,321,796,40.33%,117,188,305
Sheriff,0398,1761,654,2415,4200,57.50%,1077,1255,2332
Sheriff,0399,1291,546,1837,3340,55.00%,707,1083,1790
Sheriff,0400,1457,372,1839,2661,69.11%,1172,617,1789
Sheriff,0401,703,257,960,1971,48.71%,51,871,922
Sheriff,0402,897,262,1159,1911,60.65%,78,1049,1127
Sheriff,0403,959,387,1346,1719,78.30%,660,618,1278
Sheriff,0404,1033,445,1478,2717,54.40%,675,757,1432
Sheriff,0405,1910,457,2367,3067,77.18%,1761,571,2332
Sheriff,0406,275,65,340,649,52.39%,11,319,330
Sheriff,0407,1703,860,2563,3969,64.58%,1470,990,2460
Sheriff,0408,520,313,833,1740,47.87%,250,539,789
Office,Precinct,Early Ballots Cast,Election Ballots Cast,Total Ballots Cast,Registered Voters,Percent Turnout,REP Ron Hickman,DEM Ed Gonzalez,Totals
Sheriff,0409,501,280,781,1608,48.57%,218,523,741
Sheriff,0410,381,96,477,934,51.07%,91,372,463
Sheriff,0411,699,418,1117,2426,46.04%,258,807,1065
Sheriff,0412,156,80,236,478,49.37%,15,215,230
Sheriff,0413,1546,456,2002,3081,64.98%,760,1179,1939
Sheriff,0414,1573,514,2087,3586,58.20%,1501,521,2022
Sheriff,0415,1076,573,1649,2284,72.20%,1072,514,1586
Sheriff,0416,1443,845,2288,4009,57.07%,1085,1114,2199
Sheriff,0417,1104,397,1501,2589,57.98%,609,841,1450
Sheriff,0418,1336,663,1999,3940,50.74%,617,1276,1893
Sheriff,0419,1166,477,1643,2702,60.81%,933,662,1595
Sheriff,0420,2687,731,3418,4946,69.11%,2746,582,3328
Sheriff,0421,1240,273,1513,2023,74.79%,705,762,1467
Sheriff,0422,1357,401,1768,3348,52.81%,78,1645,1723
Sheriff,0423,316,288,604,1423,42.45%,121,461,582
Sheriff,0424,548,158,706,1079,65.43%,357,324,681
Sheriff,0425,257,139,396,878,45.10%,111,270,381
Sheriff,0426,485,228,713,1266,56.32%,347,337,684
Sheriff,0427,437,155,592,1120,52.86%,188,371,559
Sheriff,0428,1588,865,2553,5151,49.56%,614,1802,2416
Sheriff,0429,947,649,1596,3311,48.20%,333,1197,1530
Sheriff,0430,524,291,815,1794,45.43%,131,637,768
Sheriff,0431,1218,604,1822,3860,47.20%,362,1379,1741
Sheriff,0432,456,249,705,1568,44.96%,200,465,665
Sheriff,0433,163,88,251,561,44.74%,50,192,242
Sheriff,0434,831,293,1124,1557,72.19%,592,463,1055
Sheriff,0435,1951,567,2518,3363,74.87%,1485,917,2402
Sheriff,0436,2008,678,2686,3809,70.52%,1407,1149,2556
Sheriff,0437,1148,425,1573,2094,75.12%,989,530,1519
Sheriff,0438,2288,475,2763,3789,72.92%,1825,833,2658
Sheriff,0439,1854,749,2603,3701,70.33%,1671,818,2489
Sheriff,0440,1498,749,2247,2973,75.58%,1643,518,2161
Sheriff,0441,824,408,1232,1695,72.68%,824,359,1183
Sheriff,0442,2441,685,3126,4315,72.44%,2508,537,3045
Office,Precinct,Early Ballots Cast,Election Ballots Cast,Total Ballots Cast,Registered Voters,Percent Turnout,REP Ron Hickman,DEM Ed Gonzalez,Totals
Sheriff,0443,415,83,498,642,77.57%,342,136,478
Sheriff,0444,1620,679,2299,3625,63.42%,1182,1008,2190
Sheriff,0445,1036,382,1418,2134,66.45%,800,569,1369
Sheriff,0446,89,45,134,309,43.37%,48,82,130
Sheriff,0447,2411,464,2875,3727,77.14%,1855,926,2781
Sheriff,0448,1763,529,2292,3155,72.65%,1217,959,2176
Sheriff,0449,73,26,99,225,44.00%,11,86,97
Sheriff,0450,1104,394,1498,2890,51.83%,375,1072,1447
Sheriff,0451,1719,367,2086,2771,75.28%,1662,377,2039
Sheriff,0452,1871,662,2533,3789,66.85%,1689,777,2466
Sheriff,0453,661,417,1078,2039,52.87%,288,742,1030
Sheriff,0454,1043,288,1331,2509,53.05%,42,1250,1292
Sheriff,0455,669,173,842,1713,49.15%,41,770,811
Sheriff,0456,1,1404,553,1957,3793,51.60%,1026,860,1886
Sheriff,0457,0,0,0,0,0.00%,0,0,0
Sheriff,0458,914,253,1167,2025,57.63%,84,1045,1129
Sheriff,0459,2362,432,2794,3942,70.88%,2081,635,2716
Sheriff,0460,1613,472,2085,3280,63.57%,507,1512,2019
Sheriff,0461,2242,669,2911,4054,71.81%,1698,1074,2772
Sheriff,0462,1474,738,2212,3507,63.07%,729,1417,2146
Sheriff,0463,1573,564,2237,3773,59.29%,837,1346,2183
Sheriff,0464,967,582,1549,2343,66.11%,968,528,1496
Sheriff,0465,1628,594,2222,3778,58.81%,1021,1129,2150
Sheriff,0466,2274,509,2783,4327,64.32%,1432,1280,2712
Sheriff,0467,501,225,726,1320,55.00%,160,535,695
Sheriff,0468,1379,747,2125,4040,52.62%,521,1528,2049
Sheriff,0469,1857,462,2329,3257,71.51%,1754,512,2266
Sheriff,0470,555,232,787,1358,57.95%,562,199,761
Sheriff,0471,1057,458,1515,2473,61.26%,1124,345,1469
Sheriff,0472,463,339,802,1131,70.91%,316,429,745
Sheriff,0473,944,390,1334,1787,74.65%,895,392,1287
Sheriff,0474,1417,624,2041,3127,65.27%,1296,678,1974
Sheriff,0475,791,261,1052,1936,54.34%,397,609,1006
Sheriff,0476,1077,405,1482,2458,60.29%,737,692,1429
Office,Precinct,Early Ballots Cast,Election Ballots Cast,Total Ballots Cast,Registered Voters,Percent Turnout,REP Ron Hickman,DEM Ed Gonzalez,Totals
Sheriff,0477,2027,640,2667,4010,66.51%,1848,751,2599
Sheriff,0478,2271,683,2954,4696,62.90%,1835,1033,2868
Sheriff,0479,1978,755,2733,3851,70.97%,1986,690,2676
Sheriff,0480,1445,538,1983,2978,66.59%,1333,615,1948
Sheriff,0481,1756,667,2423,3609,67.14%,1732,614,2346
Sheriff,0482,2259,618,2877,4405,65.31%,1938,865,2803
Sheriff,0483,2305,538,2843,4495,63.25%,1406,1319,2725
Sheriff,0484,2020,700,2720,3981,68.32%,1720,925,2645
Sheriff,0485,2118,567,2685,4051,66.28%,1892,728,2620
Sheriff,0486,2310,721,3031,4195,72.25%,2297,653,2950
Sheriff,0487,1405,527,1932,4142,46.64%,456,1340,1796
Sheriff,0488,842,511,1353,2382,56.80%,363,938,1301
Sheriff,0489,865,344,1209,1958,61.75%,319,844,1163
Sheriff,0490,980,346,1326,2105,62.99%,386,890,1276
Sheriff,0491,937,488,1425,2110,67.54%,732,627,1359
Sheriff,0492,1217,396,1613,2552,63.21%,790,767,1557
Sheriff,0493,1404,555,1959,3338,58.69%,739,1144,1883
Sheriff,0494,1079,419,1498,2787,53.75%,190,1264,1454
Sheriff,0495,1414,376,1790,2488,71.95%,1189,541,1730
Sheriff,0496,687,549,1235,2325,53.16%,399,792,1191
Sheriff,0497,915,281,1197,2148,55.73%,61,1094,1155
Sheriff,0498,1069,423,1492,2527,59.04%,503,928,1431
Sheriff,0499,1433,397,1830,2336,78.34%,1246,526,1772
Sheriff,0500,1869,651,2520,3698,68.14%,1584,866,2450
Sheriff,0501,1146,406,1552,2016,76.98%,608,870,1478
Sheriff,0502,1355,293,1559,2595,63.93%,1269,340,1609
Sheriff,0503,1397,306,1703,2236,76.16%,1248,401,1649
Sheriff,0504,1270,482,1752,2318,75.58%,1079,611,1690
Sheriff,0505,1750,735,2485,4076,60.97%,1066,1310,2376
Sheriff,0506,1513,696,2209,3544,62.33%,327,1814,2141
Sheriff,0507,599,319,918,2562,35.83%,207,620,827
Sheriff,0508,1519,828,2347,4767,49.23%,613,1575,2188
Sheriff,0509,2504,669,3173,5153,61.58%,1954,1122,3076
Sheriff,0510,1701,666,2367,3822,61.93%,964,1341,2305
Office,Precinct,Early Ballots Cast,Election Ballots Cast,Total Ballots Cast,Registered Voters,Percent Turnout,REP Ron Hickman,DEM Ed Gonzalez,Totals
Sheriff,0511,2933,574,3507,4620,75.91%,2086,1332,3418
Sheriff,0512,1668,871,2539,4559,55.69%,943,1512,2455
Sheriff,0513,1754,413,2187,3003,72.16%,1559,560,2119
Sheriff,0514,2288,613,2899,4378,66.22%,1992,830,2822
Sheriff,0515,1836,468,2304,3182,72.41%,1822,430,2252
Sheriff,0516,1316,363,1679,2799,59.99%,810,830,1640
Sheriff,0517,1610,509,2119,3744,56.60%,904,1135,2039
Sheriff,0518,1886,676,2562,4049,63.27%,1479,1003,2482
Sheriff,0519,1421,518,1939,3098,62.59%,1310,570,1880
Sheriff,0520,1788,670,2456,5202,47.21%,410,2006,2416
Sheriff,0521,1350,578,1928,3070,62.80%,884,988,1872
Sheriff,0522,1508,464,1972,2815,70.05%,1416,512,1928
Sheriff,0523,1978,537,2515,4027,62.45%,1501,915,2416
Sheriff,0524,1392,637,2029,3598,56.39%,528,1438,1966
Sheriff,0525,1440,574,2014,3260,61.78%,435,1501,1936
Sheriff,0526,235,157,392,820,47.80%,76,298,374
Sheriff,0527,156,38,194,580,33.45%,71,113,184
Sheriff,0528,17,8,25,78,32.05%,3,21,24
Sheriff,0529,2107,434,2541,3842,66.14%,2076,376,2452
Sheriff,0530,375,212,587,1236,47.49%,102,447,549
Sheriff,0531,1234,166,1400,2250,62.22%,1018,324,1342
Sheriff,0532,478,140,618,1058,58.41%,398,209,607
Sheriff,0533,352,169,521,1164,44.76%,249,247,496
Sheriff,0534,1895,577,2472,3918,63.09%,1681,704,2385
Sheriff,0535,132,62,194,413,46.97%,53,130,183
Sheriff,0536,2104,1053,3157,5637,56.00%,968,2041,3009
Sheriff,0537,1958,464,2422,3174,76.31%,1672,676,2348
Sheriff,0538,371,203,574,1332,43.09%,20,539,559
Sheriff,0539,811,234,1045,1535,68.08%,575,443,1018
Sheriff,0540,997,349,1346,1759,76.52%,448,837,1285
Sheriff,0541,2157,761,2918,5001,58.35%,451,2348,2799
Sheriff,0542,1156,406,1562,2654,58.85%,102,1412,1514
Sheriff,0543,553,321,874,1658,52.71%,189,651,840
Sheriff,0544,84,54,138,313,44.09%,15,118,133
Office,Precinct,Early Ballots Cast,Election Ballots Cast,Total Ballots Cast,Registered Voters,Percent Turnout,REP Ron Hickman,DEM Ed Gonzalez,Totals
Sheriff,0545,2015,468,2483,3949,62.88%,1030,1357,2387
Sheriff,0546,1524,278,1802,2471,72.93%,1501,270,1771
Sheriff,0547,1413,270,1683,2534,66.42%,1093,532,1625
Sheriff,0548,882,395,1277,2339,54.60%,568,685,1253
Sheriff,0549,1105,447,1552,2786,55.71%,219,1302,1521
Sheriff,0550,1171,553,1724,3245,53.13%,734,959,1693
Sheriff,0551,2586,793,3379,4428,76.31%,2554,734,3288
Sheriff,0552,2090,784,2874,3762,76.40%,2310,498,2808
Sheriff,0553,962,317,1279,2193,58.32%,463,785,1248
Sheriff,0554,597,271,868,1774,48.93%,164,670,834
Sheriff,0555,639,390,1029,2286,45.01%,166,826,992
Sheriff,0556,759,435,1194,2491,47.93%,239,907,1146
Sheriff,0557,925,460,1385,2955,46.87%,365,922,1287
Sheriff,0558,1812,721,2533,4718,53.69%,736,1717,2453
Sheriff,0559,1901,701,2602,4984,52.21%,572,1937,2509
Sheriff,0560,290,247,537,1141,47.06%,77,433,510
Sheriff,0561,1023,624,1647,3138,52.49%,936,642,1578
Sheriff,0562,222,116,338,691,48.91%,35,279,314
Sheriff,0563,2069,337,2406,3468,69.38%,1819,526,2345
Sheriff,0564,1551,526,2077,3240,64.10%,535,1454,1989
Sheriff,0565,336,148,484,1414,34.23%,76,389,465
Sheriff,0566,1183,441,1624,3029,53.62%,394,1167,1561
Sheriff,0567,965,390,1355,2851,47.53%,334,935,1269
Sheriff,0568,1833,697,2530,3638,69.54%,1538,871,2409
Sheriff,0569,2027,747,2774,4125,67.25%,1278,1362,2640
Sheriff,0570,766,278,1044,1598,65.33%,372,623,995
Sheriff,0571,521,314,835,1950,42.82%,238,560,798
Sheriff,0572,1522,444,1966,3308,59.43%,810,1079,1889
Sheriff,0573,489,215,704,1625,43.32%,17,675,692
Sheriff,0574,112,74,186,391,47.57%,19,159,178
Sheriff,0575,1905,535,2440,3557,68.60%,1373,993,2366
Sheriff,0576,1107,375,1482,2830,52.37%,91,1351,1442
Sheriff,0577,885,205,1090,1586,68.73%,621,428,1049
Sheriff,0578,1026,405,1431,1862,76.85%,839,537,1376
Office,Precinct,Early Ballots Cast,Election Ballots Cast,Total Ballots Cast,Registered Voters,Percent Turnout,REP Ron Hickman,DEM Ed Gonzalez,Totals
Sheriff,0579,287,181,468,1139,41.09%,72,377,449
Sheriff,0580,366,108,474,985,48.12%,23,444,467
Sheriff,0581,456,137,593,1033,57.41%,24,549,573
Sheriff,0582,543,232,775,1607,48.23%,54,691,745
Sheriff,0583,433,155,588,1286,45.72%,28,547,575
Sheriff,0584,367,120,487,1062,45.86%,37,435,472
Sheriff,0585,829,280,1109,2346,47.27%,59,1016,1075
Sheriff,0586,1790,790,2580,4521,57.07%,1464,1028,2492
Sheriff,0587,1204,431,1635,2870,56.97%,533,1051,1584
Sheriff,0588,1940,606,2546,3780,67.35%,1669,827,2496
Sheriff,0589,1539,545,2084,3780,55.13%,974,1046,2020
Sheriff,0590,1230,400,1630,2176,74.91%,1227,355,1582
Sheriff,0591,651,462,1113,2274,48.94%,239,827,1066
Sheriff,0592,449,272,721,1446,49.86%,161,532,693
Sheriff,0593,1581,755,2316,4179,55.42%,902,1338,2240
Sheriff,0594,1243,316,1559,2578,60.47%,412,1116,1528
Sheriff,0595,600,299,899,1833,49.05%,145,730,875
Sheriff,0596,1377,501,1878,3574,52.55%,856,947,1803
Sheriff,0597,1204,609,1813,3587,50.54%,632,1107,1739
Sheriff,0598,2389,731,3120,5253,59.39%,1041,1965,3006
Sheriff,0599,1378,493,1871,3005,62.26%,654,1171,1825
Sheriff,0600,1602,776,2378,4204,56.57%,765,1513,2278
Sheriff,0601,2220,670,2890,4151,69.62%,2079,750,2829
Sheriff,0602,754,234,988,1441,68.56%,648,312,960
Sheriff,0603,2335,725,3060,4666,65.58%,1712,1258,2970
Sheriff,0604,1816,375,2191,3189,68.70%,1820,301,2121
Sheriff,0605,1711,599,2310,4217,54.78%,534,1682,2216
Sheriff,0606,319,111,430,970,44.33%,9,407,416
Sheriff,0607,163,51,214,712,30.06%,22,186,208
Sheriff,0608,156,77,233,570,40.88%,68,154,222
Sheriff,0609,2037,729,2766,4305,64.25%,1551,1116,2667
Sheriff,0610,665,343,1008,2086,48.32%,387,573,960
Sheriff,0611,980,229,1209,2527,47.84%,58,1128,1186
Sheriff,0612,1927,431,2358,3388,69.60%,1746,534,2280
Office,Precinct,Early Ballots Cast,Election Ballots Cast,Total Ballots Cast,Registered Voters,Percent Turnout,REP Ron Hickman,DEM Ed Gonzalez,Totals
Sheriff,0613,937,339,1276,2368,53.89%,227,1008,1235
Sheriff,0614,1949,645,2594,4566,56.81%,782,1725,2507
Sheriff,0615,1075,301,1376,2086,65.96%,721,617,1338
Sheriff,0616,1809,611,2420,3516,68.83%,1578,766,2344
Sheriff,0617,1704,650,2354,4179,56.33%,758,1523,2281
Sheriff,0618,1698,545,2243,3801,59.01%,905,1269,2174
Sheriff,0619,2792,663,3455,4916,70.28%,2463,921,3384
Sheriff,0620,1747,333,2080,3318,62.69%,1035,961,1996
Sheriff,0621,536,200,736,1272,57.86%,295,407,702
Sheriff,0622,2129,591,2720,4562,59.62%,1425,1209,2634
Sheriff,0623,1960,461,2421,3919,61.78%,1543,819,2362
Sheriff,0624,297,59,356,456,78.07%,268,80,348
Sheriff,0625,924,372,1296,1864,69.53%,670,577,1247
Sheriff,0626,2280,784,3054,4816,63.62%,1554,1399,2953
Sheriff,0627,935,649,1584,3235,48.96%,401,1117,1518
Sheriff,0628,716,545,1261,2420,52.11%,402,786,1188
Sheriff,0629,162,96,258,750,34.40%,30,222,252
Sheriff,0630,2662,541,3203,4738,67.60%,322,2805,3127
Sheriff,0631,1841,398,2239,3263,68.62%,1481,690,2171
Sheriff,0632,4,1,5,241,2.07%,0,5,5
Sheriff,0633,2285,601,2887,3912,73.80%,1975,846,2821
Sheriff,0634,1435,499,1934,3259,59.34%,1104,783,1887
Sheriff,0635,1645,520,2165,3512,61.65%,1559,536,2095
Sheriff,0636,2303,922,3225,4569,70.58%,2805,351,3156
Sheriff,0637,1095,423,1518,2591,58.59%,280,1165,1445
Sheriff,0638,850,348,1198,2310,51.86%,99,1069,1168
Sheriff,0639,1385,284,1670,2560,65.23%,1251,363,1614
Sheriff,0640,1619,615,2234,3927,56.89%,1235,942,2177
Sheriff,0641,1637,683,2320,3840,60.42%,1330,912,2242
Sheriff,0642,1030,270,1300,1783,72.91%,1008,265,1273
Sheriff,0643,1948,593,2541,4189,60.66%,1183,1289,2472
Sheriff,0644,2087,689,2776,4446,62.44%,1578,1112,2690
Sheriff,0645,2145,769,2914,4517,64.51%,1152,1649,2801
Sheriff,0646,925,399,1324,2422,54.67%,334,935,1269
Office,Precinct,Early Ballots Cast,Election Ballots Cast,Total Ballots Cast,Registered Voters,Percent Turnout,REP Ron Hickman,DEM Ed Gonzalez,Totals
Sheriff,0647,1372,526,1898,4349,43.64%,395,1386,1781
Sheriff,0648,1859,500,2359,3487,67.65%,1648,662,2310
Sheriff,0649,1549,775,2324,4755,48.87%,558,1671,2229
Sheriff,0650,2033,819,2852,4039,70.61%,1877,899,2776
Sheriff,0651,1734,551,2285,3873,59.00%,1193,1018,2211
Sheriff,0652,1165,545,1710,2979,57.40%,256,1413,1669
Sheriff,0653,185,110,295,604,48.84%,59,226,285
Sheriff,0654,2381,698,3079,5063,60.81%,1491,1492,2983
Sheriff,0655,1959,761,2720,4495,60.51%,1426,1182,2608
Sheriff,0656,1106,401,1507,2737,55.06%,85,1378,1463
Sheriff,0657,683,276,959,1487,64.49%,322,607,929
Sheriff,0658,1299,494,1793,2901,61.81%,1077,670,1747
Sheriff,0659,2806,733,3539,5161,68.57%,2394,1043,3437
Sheriff,0660,1575,345,1920,3087,62.20%,232,1635,1867
Sheriff,0661,1945,774,2720,4363,62.34%,1321,1307,2628
Sheriff,0662,2267,571,2838,4002,70.91%,2263,514,2777
Sheriff,0663,1338,448,1786,2340,76.32%,856,847,1703
Sheriff,0664,909,513,1422,2992,47.53%,255,1111,1366
Sheriff,0665,1327,360,1687,2354,71.67%,1341,304,1645
Sheriff,0666,0,0,0,0,0.00%,0,0,0
Sheriff,0667,1109,400,1509,2175,69.38%,1115,358,1473
Sheriff,0668,1552,719,2271,3669,61.90%,1344,862,2206
Sheriff,0669,1889,702,2591,3585,72.27%,1752,774,2526
Sheriff,0670,1996,416,2412,3335,72.32%,1856,489,2345
Sheriff,0671,1398,588,1986,3198,62.10%,1046,870,1916
Sheriff,0672,1724,489,2213,3433,64.46%,1514,654,2168
Sheriff,0673,1525,467,2092,3051,68.57%,1666,369,2035
Sheriff,0674,2354,610,2964,4228,70.10%,2119,765,2884
Sheriff,0675,0,0,0,0,0.00%,0,0,0
Sheriff,0676,1087,465,1552,2976,52.15%,572,915,1487
Sheriff,0677,423,259,682,1300,52.46%,152,492,644
Sheriff,0678,1164,294,1458,2660,54.81%,192,1225,1417
Sheriff,0679,1718,529,2247,3542,63.44%,1530,637,2167
Sheriff,0680,98,17,115,179,64.25%,41,71,112
Office,Precinct,Early Ballots Cast,Election Ballots Cast,Total Ballots Cast,Registered Voters,Percent Turnout,REP Ron Hickman,DEM Ed Gonzalez,Totals
Sheriff,0681,e,0,6,4,150.00%,3,3,6
Sheriff,0682,2112,690,2802,4313,64.97%,1979,742,2721
Sheriff,0683,82,5,87,302,28.81%,16,67,83
Sheriff,0684,1580,640,2320,3559,65.19%,1397,842,2239
Sheriff,0685,139,28,167,285,58.60%,81,77,158
Sheriff,0686,53,5,58,221,26.24%,13,43,56
Sheriff,0687,1510,400,1910,2713,70.40%,1215,634,1849
Sheriff,0688,2333,594,2927,3922,74.63%,2278,587,2865
Sheriff,0689,725,604,1330,2449,54.31%,527,732,1259
Sheriff,0690,1957,553,2520,3614,69.73%,1904,535,2439
Sheriff,0691,2131,551,2682,3690,72.68%,2033,585,2618
Sheriff,0692,1278,678,1956,3118,62.73%,1347,534,1881
Sheriff,0693,309,110,419,681,61.53%,110,295,405
Sheriff,0694,1005,319,1324,2478,53.43%,535,747,1282
Sheriff,0695,628,315,943,1842,51.19%,548,355,903
Sheriff,0696,723,312,1035,2027,51.06%,602,410,1012
Sheriff,0697,1299,552,1851,3238,57.16%,453,1336,1789
Sheriff,0698,1275,520,1795,3339,53.76%,219,1518,1737
Sheriff,0699,1276,398,1674,2387,70.13%,1031,564,1595
Sheriff,0700,726,247,973,1536,63.35%,804,148,952
Sheriff,0701,208,73,281,614,45.77%,116,143,259
Sheriff,0702,183,69,252,550,45.82%,30,211,241
Sheriff,0703,899,528,1427,1943,73.44%,974,404,1378
Sheriff,0704,1698,512,2210,3121,70.81%,1763,394,2157
Sheriff,0705,331,206,537,1513,35.49%,54,472,526
Sheriff,0706,1248,372,1620,2821,57.43%,564,965,1529
Sheriff,0707,377,69,446,757,58.92%,253,172,425
Sheriff,0708,162,98,260,592,43.92%,82,172,254
Sheriff,0709,2257,528,2785,4136,67.34%,1466,1249,2715
Sheriff,0710,1132,450,1582,2096,75.48%,800,691,1491
Sheriff,0711,1978,599,2577,3820,67.46%,1284,1196,2480
Sheriff,0712,1720,627,2347,4002,58.65%,819,1469,2288
Sheriff,0713,770,365,1135,2006,56.58%,529,578,1107
Sheriff,0714,102,28,130,306,42.48%,52,73,125
Office,Precinct,Early Ballots Cast,Election Ballots Cast,Total Ballots Cast,Registered Voters,Percent Turnout,REP Ron Hickman,DEM Ed Gonzalez,Totals
Sheriff,0715,553,239,792,1549,51.13%,360,404,764
Sheriff,0716,1215,419,1635,2720,60.11%,1126,456,1582
Sheriff,0717,974,232,1206,2082,57.93%,179,992,1171
Sheriff,0718,2243,872,3115,4412,70.60%,1960,1024,2984
Sheriff,0719,624,223,847,1644,51.52%,410,404,814
Sheriff,0720,2498,709,3207,4709,68.10%,2108,999,3107
Sheriff,0721,1455,803,2059,2926,70.71%,1272,709,1981
Sheriff,0722,1929,609,2538,4638,54.72%,163,2302,2465
Sheriff,0723,897,261,1158,1959,59.11%,227,890,1117
Sheriff,0724,395,146,541,800,67.63%,348,173,521
Sheriff,0725,976,294,1270,2336,54.37%,508,712,1220
Sheriff,0726,1271,321,1592,2207,72.13%,1363,195,1558
Sheriff,0727,981,415,1396,2708,51.55%,360,999,1359
Sheriff,0728,399,198,597,942,63.38%,341,233,574
Sheriff,0729,235,49,284,471,60.30%,160,119,279
Sheriff,0730,1360,406,1766,2435,72.53%,1087,602,1689
Sheriff,0731,2087,624,2711,4834,56.08%,1130,1503,2633
Sheriff,0732,791,449,1240,1943,63.82%,708,481,1189
Sheriff,0733,55,25,80,303,26.40%,24,54,78
Sheriff,0734,2307,556,2863,4294,66.67%,1861,926,2787
Sheriff,0735,157,61,218,251,86.85%,116,98,214
Sheriff,0736,14,3,17,42,40.48%,0,15,15
Sheriff,0737,21,6,27,56,48.21%,20,7,27
Sheriff,0738,435,214,649,1497,43.35%,104,529,633
Sheriff,0739,978,440,1418,2971,47.73%,594,773,1367
Sheriff,0740,280,189,449,1005,44.68%,221,205,426
Sheriff,0741,923,262,1185,1895,62.53%,283,854,1137
Sheriff,0742,1532,498,2030,2859,71.00%,1220,733,1953
Sheriff,0743,54,60,114,234,48.72%,37,71,108
Sheriff,0744,1009,444,1453,2103,69.09%,828,576,1404
Sheriff,0745,1213,446,1659,2543,65.24%,984,622,1606
Sheriff,0746,244,121,365,732,49.86%,169,172,341
Sheriff,0747,1746,693,2439,4096,59.55%,1056,1306,2362
Sheriff,0748,563,245,808,1556,51.93%,374,408,782
Office,Precinct,Early Ballots Cast,Election Ballots Cast,Total Ballots Cast,Registered Voters,Percent Turnout,REP Ron Hickman,DEM Ed Gonzalez,Totals
Sheriff,0749,115,1,116,432,26.85%,16,96,112
Sheriff,0750,294,122,416,809,51.42%,217,176,393
Sheriff,0751,2931,1013,3944,5893,66.93%,2366,1463,3829
Sheriff,0752,659,227,886,1484,59.70%,570,281,851
Sheriff,0753,258,53,311,512,60.74%,127,172,299
Sheriff,0754,386,262,648,1590,40.75%,36,594,630
Sheriff,0755,1782,955,2737,5015,54.58%,880,1742,2622
Sheriff,0756,687,309,996,1723,57.81%,319,644,963
Sheriff,0757,1867,601,2468,4792,51.50%,470,1929,2399
Sheriff,0758,2104,595,2699,3803,70.97%,2035,576,2611
Sheriff,0759,1389,375,1764,2779,63.48%,1007,706,1713
Sheriff,0760,1219,268,1487,2162,68.78%,1190,267,1457
Sheriff,0761,1088,167,1255,1598,78.54%,846,363,1209
Sheriff,0762,924,303,1227,1828,67.12%,520,659,1179
Sheriff,0763,370,264,634,1249,50.76%,176,432,608
Sheriff,0764,2472,677,3149,4827,65.24%,1903,1152,3055
Sheriff,0765,2051,874,2925,5742,50.94%,784,2052,2836
Sheriff,0766,126,59,185,428,43.22%,21,149,170
Sheriff,0767,31,15,46,92,50.00%,16,28,44
Sheriff,0768,1479,387,1866,2643,70.60%,1427,396,1823
Sheriff,0769,85,14,99,184,53.80%,7,90,97
Sheriff,0770,103,42,145,388,37.37%,47,95,142
Sheriff,0771,572,210,782,1588,49.24%,336,425,761
Sheriff,0772,2805,477,3282,4606,71.25%,2384,798,3182
Sheriff,0773,1693,638,2331,4414,52.81%,542,1653,2195
Sheriff,0774,150,66,216,426,50.70%,53,158,211
Sheriff,0775,50,1,51,102,50.00%,1,49,50
Sheriff,0776,1432,538,1970,3276,60.13%,1106,803,1909
Sheriff,0777,201,105,306,767,39.90%,73,224,297
Sheriff,0778,0,3,3,0,0.00%,0,3,3
Sheriff,0779,263,160,423,1019,41.51%,86,306,392
Sheriff,0780,170,130,300,666,45.05%,97,181,278
Sheriff,0781,1235,612,1847,3782,48.84%,558,1161,1719
Sheriff,0782,1048,368,1416,2355,60.13%,841,526,1367
Office,Precinct,Early Ballots Cast,Election Ballots Cast,Total Ballots Cast,Registered Voters,Percent Turnout,REP Ron Hickman,DEM Ed Gonzalez,Totals
Sheriff,0783,197,90,287,520,55.19%,20,257,277
Sheriff,0784,408,119,527,1062,49.62%,21,490,511
Sheriff,0785,1229,357,1586,1896,83.65%,807,724,1531
Sheriff,0786,396,177,573,1258,45.55%,170,376,546
Sheriff,0787,180,83,263,542,48.52%,72,177,249
Sheriff,0788,2,0,2,13,15.38%,2,0,2
Sheriff,0789,1377,420,1797,2998,59.94%,1029,713,1742
Sheriff,0790,1143,329,1472,2523,58.34%,487,942,1429
Sheriff,0791,9,3,12,29,41.38%,2,10,12
Sheriff,0792,648,415,1063,1954,54.40%,234,789,1023
Sheriff,0793,984,416,1400,2620,53.44%,690,656,1346
Sheriff,0794,626,411,1037,3208,32.33%,107,899,1006
Sheriff,0795,396,2,398,1281,31.07%,106,268,374
Sheriff,0796,1371,465,1836,3041,60.37%,735,1051,1786
Sheriff,0797,0,0,0,0,0.00%,0,0,0
Sheriff,0798,222,142,364,521,69.87%,125,230,355
Sheriff,0799,58,26,84,171,49.12%,15,68,83
Sheriff,0800,1934,730,2664,4216,63.19%,1613,975,2588
Sheriff,0801,90,44,134,261,51.34%,39,90,129
Sheriff,0802,54,21,75,224,33.48%,19,52,71
Sheriff,0803,2665,547,3212,4514,71.16%,2214,924,3138
Sheriff,0804,2703,682,3385,5303,63.83%,1777,1527,3304
Sheriff,0805,1597,454,2051,2874,71.36%,1590,412,2002
Sheriff,0806,1001,324,1325,1889,70.14%,801,495,1296
Sheriff,0807,792,349,1141,2163,52.75%,188,917,1105
Sheriff,0808,142,57,199,232,85.78%,71,119,190
Sheriff,0809,19,7,26,98,26.53%,11,14,25
Sheriff,0810,47,31,78,197,39.59%,8,64,72
Sheriff,0811,82,68,150,277,54.15%,25,122,147
Sheriff,0812,0,0,0,0,0.00%,0,0,0
Sheriff,0813,1742,434,2176,3488,62.39%,960,1164,2124
Sheriff,0814,1968,827,2795,5483,50.98%,542,2163,2705
Sheriff,0815,0,0,0,0,0.00%,0,0,0
Sheriff,0816,23,10,33,64,51.56%,4,26,30
Office,Precinct,Early Ballots Cast,Election Ballots Cast,Total Ballots Cast,Registered Voters,Percent Turnout,REP Ron Hickman,DEM Ed Gonzalez,Totals
Sheriff,0817,2787,550,3337,4700,71.00%,2334,930,3264
Sheriff,0818,208,104,312,737,42.33%,65,236,301
Sheriff,0819,108,31,139,228,60.96%,66,63,129
Sheriff,0820,0,0,0,0,0.00%,0,0,0
Sheriff,0821,362,188,550,1295,42.47%,69,461,530
Sheriff,0822,571,185,756,1574,48.03%,33,694,727
Sheriff,0823,1339,410,1749,3017,57.97%,920,768,1688
Sheriff,0824,1057,410,1467,2762,53.11%,313,1105,1418
Sheriff,0825,9,7,15,21,76.19%,4,12,16
Sheriff,0826,177,70,247,355,69.58%,121,113,234
Sheriff,0827,218,234,452,1042,43.38%,135,306,441
Sheriff,0828,1174,281,1455,1965,74.05%,1120,299,1419
Sheriff,0829,101,19,120,235,51.06%,33,82,115
Sheriff,0830,2,2,4,2,200.00%,4,0,4
Sheriff,0831,8,5,13,36,36.11%,6,6,12
Sheriff,0832,124,50,174,364,47.80%,45,119,164
Sheriff,0833,3,2,5,20,25.00%,2,3,5
Sheriff,0834,142,61,203,388,52.32%,20,181,201
Sheriff,0835,87,71,158,311,50.80%,35,121,156
Sheriff,0836,128,0,128,248,51.61%,10,110,120
Sheriff,0837,0,0,0,0,0.00%,0,0,0
Sheriff,0838,0,0,0,0,0.00%,0,0,0
Sheriff,0839,419,174,593,1190,49.83%,123,452,575
Sheriff,0840,829,228,1057,1780,59.38%,346,678,1024
Sheriff,0841,1473,475,1948,3431,56.78%,460,1438,1898
Sheriff,0842,1338,513,1851,3390,54.60%,689,1092,1781
Sheriff,0843,595,298,893,1387,64.38%,154,706,860
Sheriff,0844,4,0,4,10,40.00%,0,4,4
Sheriff,0845,151,13,164,218,75.23%,105,54,159
Sheriff,0846,61,22,83,229,36.24%,3,79,82
Sheriff,0847,993,330,1323,2310,57.27%,348,933,1281
Sheriff,0848,1011,201,1212,1875,64.64%,383,793,1176
Sheriff,0849,731,455,1186,2272,52.20%,282,832,1114
Sheriff,0850,129,19,148,208,71.15%,48,97,145
Office,Precinct,Early Ballots Cast,Election Ballots Cast,Total Ballots Cast,Registered Voters,Percent Turnout,REP Ron Hickman,DEM Ed Gonzalez,Totals
Sheriff,0851,1885,441,2326,3597,64.66%,1568,711,2279
Sheriff,0852,0,0,0,1,0.00%,0,0,0
Sheriff,0853,1637,487,2124,2986,71.13%,1593,491,2084
Sheriff,0854,40,19,59,175,33.71%,9,48,57
Sheriff,0855,7,2,9,21,42.86%,4,4,8
Sheriff,0856,0,3,3,0,0.00%,0,1,1
Sheriff,0857,0,0,0,1,0.00%,0,0,0
Sheriff,0858,121,35,156,334,46.71%,4,145,149
Sheriff,0859,391,143,534,945,56.51%,111,405,516
Sheriff,0860,1,1,2,0,0.00%,0,2,2
Sheriff,0861,777,272,1049,1941,54.04%,171,844,1015
Sheriff,0862,1989,508,2497,3739,66.78%,1441,992,2433
Sheriff,0863,192,64,256,581,44.06%,12,239,251
Sheriff,0864,693,574,1267,2708,46.79%,263,949,1212
Sheriff,0865,9,2,11,21,52.38%,1,9,10
Sheriff,0866,0,0,0,0,0.00%,0,0,0
Sheriff,0867,0,0,0,0,0.00%,0,0,0
Sheriff,0868,736,495,1231,2446,50.33%,309,872,1181
Sheriff,0869,165,55,220,480,45.83%,29,188,217
Sheriff,0870,0,2,2,0,0.00%,1,1,2
Sheriff,0871,2,1,3,3,100.00%,1,2,3
Sheriff,0872,16,6,22,68,32.35%,13,9,22
Sheriff,0873,296,111,407,778,52.31%,103,293,396
Sheriff,0874,1681,670,2351,3294,71.37%,1712,587,2299
Sheriff,0875,1947,501,2448,3592,68.15%,1129,1247,2376
Sheriff,0876,1945,577,2522,3485,72.37%,1769,687,2456
Sheriff,0877,1803,528,2331,3651,63.85%,875,1400,2275
Sheriff,0878,685,110,795,1039,76.52%,643,134,777
Sheriff,0879,1215,413,1628,2843,57.26%,676,895,1571
Sheriff,0880,1354,471,1825,2467,73.98%,1371,421,1792
Sheriff,0881,2465,927,3392,5638,60.16%,886,2424,3310
Sheriff,0882,1952,595,2547,4317,59.00%,761,1709,2470
Sheriff,0883,2252,928,3180,5613,56.65%,560,2523,3083
Sheriff,0884,149,55,204,396,51.52%,30,169,199
Office,Precinct,Early Ballots Cast,Election Ballots Cast,Total Ballots Cast,Registered Voters,Percent Turnout,REP Ron Hickman,DEM Ed Gonzalez,Totals
Sheriff,0885,1570,323,1893,2811,67.34%,1054,793,1847
Sheriff,0886,495,152,647,906,71.41%,323,291,614
Sheriff,0887,234,95,329,492,66.87%,159,146,305
Sheriff,0888,817,289,1106,1867,59.24%,351,724,1075
Sheriff,0889,113,28,141,238,59.24%,35,102,137
Sheriff,0890,445,98,543,1214,44.73%,208,305,513
Sheriff,0891,753,194,947,1376,68.82%,321,588,909
Sheriff,0892,420,123,543,900,60.33%,178,333,511
Sheriff,0893,1,4,5,9,55.56%,2,3,5
Sheriff,0894,801,305,1106,2087,52.99%,169,907,1076
Sheriff,0895,417,252,669,834,80.22%,251,377,628
Sheriff,0896,838,254,1092,1467,74.44%,344,702,1046
Sheriff,0897,812,365,1177,1766,66.65%,629,516,1145
Sheriff,0898,792,301,1093,1821,60.02%,435,630,1065
Sheriff,0899,745,165,911,1264,72.07%,562,332,894
Sheriff,0900,7,0,7,12,58.33%,1,6,7
Sheriff,0901,0,0,0,0,0.00%,0,0,0
Sheriff,0902,1310,361,1671,2217,75.37%,807,775,1582
Sheriff,0903,1314,354,1668,2558,65.21%,1220,417,1637
Sheriff,0904,2,0,2,8,25.00%,1,1,2
Sheriff,0905,390,136,526,946,55.60%,194,321,515
Sheriff,0906,19,3,22,28,78.57%,12,10,22
Sheriff,0907,53,37,90,201,44.78%,7,81,88
Sheriff,0908,0,0,0,0,0.00%,0,0,0
Sheriff,0909,7,1,8,21,38.10%,2,6,8
Sheriff,0910,78,37,115,236,48.73%,33,73,106
Sheriff,0911,237,63,300,576,52.08%,190,105,295
Sheriff,0912,712,167,879,1341,65.55%,522,336,858
Sheriff,0913,102,12,114,241,47.30%,20,90,110
Sheriff,0914,42,0,42,124,33.87%,9,32,41
Sheriff,0915,0,0,0,0,0.00%,0,0,0
Sheriff,0916,1472,308,1780,2205,80.73%,1344,378,1722
Sheriff,0917,33,9,42,147,28.57%,4,34,38
Sheriff,0918,3,1,4,7,57.14%,1,3,4
Office,Precinct,Early Ballots Cast,Election Ballots Cast,Total Ballots Cast,Registered Voters,Percent Turnout,REP Ron Hickman,DEM Ed Gonzalez,Totals
Sheriff,0919,1,0,1,1,100.00%,0,1,1
Sheriff,0920,41,13,54,79,68.35%,31,21,52
Sheriff,0921,27,6,33,61,54.10%,7,26,33
Sheriff,0922,0,0,0,0,0.00%,0,0,0
Sheriff,0923,2331,350,2681,3536,75.82%,2002,644,2646
Sheriff,0924,0,0,0,0,0.00%,0,0,0
Sheriff,0925,0,0,0,0,0.00%,0,0,0
Sheriff,0926,550,149,699,967,72.29%,483,200,663
Sheriff,0927,966,173,1139,1771,64.31%,553,548,1101
Sheriff,0928,4,1,5,7,71.43%,0,5,5
Sheriff,0929,0,0,0,0,0.00%,0,0,0
Sheriff,0930,217,83,300,606,49.50%,20,271,291
Sheriff,0931,67,28,115,141,81.56%,47,58,105
Sheriff,0932,0,1,1,0,0.00%,0,1,1
Sheriff,0933,297,93,390,668,58.38%,115,261,376
Sheriff,0934,9,4,13,37,35.14%,7,6,13
Sheriff,0935,12,9,21,55,38.18%,9,11,20
Sheriff,0936,23,9,32,76,42.11%,8,22,30
Sheriff,0937,0,0,0,0,0.00%,0,0,0
Sheriff,0938,72,19,91,255,35.69%,29,61,90
Sheriff,0939,1,1,2,4,50.00%,1,1,2
Sheriff,0940,9,3,12,28,42.86%,1,11,12
Sheriff,0941,264,144,428,870,49.20%,202,203,405
Sheriff,0942,102,16,118,152,77.63%,76,40,116
Sheriff,0943,192,28,220,774,28.42%,47,159,206
Sheriff,0944,1,0,1,1,100.00%,0,1,1
Sheriff,0945,6,6,14,21,66.67%,0,14,14
Sheriff,0946,4,2,6,14,42.86%,2,4,6
Sheriff,0947,426,198,626,820,76.34%,303,299,602
Sheriff,0948,0,0,0,1,0.00%,0,0,0
Sheriff,0949,64,61,145,210,69.05%,67,73,140
Sheriff,0950,0,0,0,0,0.00%,0,0,0
Sheriff,0951,114,62,176,304,57.89%,39,129,168
Sheriff,0952,32,15,47,65,72.31%,26,20,46
Office,Precinct,Early Ballots Cast,Election Ballots Cast,Total Ballots Cast,Registered Voters,Percent Turnout,REP Ron Hickman,DEM Ed Gonzalez,Totals
Sheriff,0953,4,0,4,8,50.00%,0,4,4
Sheriff,0954,0,0,0,0,0.00%,0,0,0
Sheriff,0955,3528,572,4100,5108,80.27%,2855,1116,3971
Sheriff,0956,0,0,0,0,0.00%,0,0,0
Sheriff,0957,282,39,321,585,54.87%,44,266,310
Sheriff,0958,430,231,661,1202,54.99%,132,507,639
Sheriff,0959,0,0,0,0,0.00%,0,0,0
Sheriff,0960,829,235,1064,1471,72.33%,228,806,1034
Sheriff,0961,820,318,1138,2369,48.04%,183,916,1099
Sheriff,0962,33,12,45,88,51.14%,9,34,43
Sheriff,0963,225,91,316,528,59.85%,134,166,300
Sheriff,0964,2145,325,2470,3179,77.70%,1410,996,2406
Sheriff,0965,101,35,136,345,39.42%,95,37,132
Sheriff,0966,368,189,557,1332,41.82%,125,403,528
Sheriff,0967,82,24,106,186,56.99%,38,63,101
Sheriff,0968,455,127,582,906,64.24%,129,438,567
Sheriff,0969,299,71,370,624,59.29%,9,356,365
Sheriff,0970,223,102,325,810,40.12%,30,273,303
Sheriff,0971,0,0,0,0,0.00%,0,0,0
Sheriff,0972,0,0,0,0,0.00%,0,0,0
Sheriff,0973,504,138,642,999,64.26%,404,220,624
Sheriff,0974,0,1,1,0,0.00%,1,0,1
Sheriff,0975,104,26,130,190,68.42%,54,67,121
Sheriff,0976,190,152,342,712,48.03%,169,153,322
Sheriff,0977,160,108,268,617,43.44%,93,169,262
Sheriff,0978,0,0,0,0,0.00%,0,0,0
Sheriff,0979,0,0,0,0,0.00%,0,0,0
Sheriff,0980,686,333,1019,1412,72.17%,714,275,989
Sheriff,0981,12,2,14,31,45.16%,1,13,14
Sheriff,0982,1898,501,2399,2916,82.27%,1810,531,2341
Sheriff,0983,65,17,82,198,41.41,%,46,34,80
Sheriff,0984,76,57,133,341,39.00%,10,121,131
Sheriff,0985,222,56,278,355,78.31%,122,146,268
Sheriff,0986,153,78,231,537,43.02%,21,202,223
Office,Precinct,Early Ballots Cast,Election Ballots Cast,Total Ballots Cast,Registered Voters,Percent Turnout,REP Ron Hickman,DEM Ed Gonzalez,Totals
Sheriff,0987,476,130,606,1183,51.23%,43,542,585
Sheriff,0988,62,15,77,117,65.81%,66,8,74
Sheriff,0989,0,0,0,0,0.00%,0,0,0
Sheriff,0990,5,6,11,66,16.67%,5,6,11
Sheriff,0991,0,1,1,2,50.00%,0,1,1
Sheriff,0992,456,106,562,1075,52.28%,261,280,541
Sheriff,0993,0,0,0,0,0.00%,0,0,0
Sheriff,0994,56,12,68,75,90.67%,20,47,67
Sheriff,0995,753,193,946,1576,60.03%,96,823,919
Sheriff,0996,403,70,473,708,66.81%,244,212,456
Sheriff,0997,521,283,804,1909,42.12%,154,632,786
Sheriff,0998,24,12,36,68,52.94%,24,10,34
Sheriff,0999,0,0,0,0,0.00%,0,0,0
Sheriff,1000,122,22,144,428,33.64%,22,118,140
Sheriff,1001,519,280,799,1654,48.31%,148,615,763
Sheriff,1002,480,270,750,1804,41.57%,106,603,709
Sheriff,1003,0,0,0,0,0.00%,0,0,0
Sheriff,1004,349,114,463,691,67.00%,219,226,445
Sheriff,1005,0,0,0,0,0.00%,0,0,0
Sheriff,1006,0,0,0,0,0.00%,0,0,0
Sheriff,1007,694,306,1000,1775,56.34%,220,752,972
Sheriff,1008,620,107,727,1011,71.91%,579,136,715
Sheriff,1009,0,0,0,0,0.00%,0,0,0
Sheriff,1010,292,96,388,647,59.97%,69,309,378
Sheriff,1011,9,6,15,31,48.39%,8,7,15
Sheriff,1012,543,362,905,1633,55.42%,226,644,870
Sheriff,Totals:,981446,353327,1334773,2182980,607143,680134,1287277
