Office,Precinct,Early Ballots Cast,Election Ballots Cast,Total Ballots Cast,Registered Voters,Percent Turnout,REP Republican Party,DEM Democratic Party,LIB Libertarian Party,GRN Green Party,Totals
Straight Party,0001,1429,496,1925,2682,71.77%,350,617,20,6,993
Straight Party,0002,1011,370,1381,2099,65.79%,300,398,6,8,712
Straight Party,0003,577,335,1213,1625,74.65%,199,318,6,5,528
Straight Party,0004,950,369,1329,1709,77.76%,202,378,13,4,597
Straight Party,0005,762,380,1142,1470,77.69%,200,313,4,2,519
Straight Party,0006,1841,628,2469,4084,60.46%,784,829,19,11,1643
Straight Party,0007,430,125,555,1002,55.39%,11,426,0,0,437
Straight Party,0008,893,351,1244,1848,67.32%,369,383,6,6,764
Straight Party,0009,553,312,975,1861,52.39%,127,435,3,3,568
Straight Party,0010,703,232,935,1830,51,09%,92,466,7,7,572
Straight Party,0011,822,258,880,1748,50.34%,87,448,6,4,545
Straight Party,0012,230,65,295,731,40.36%,103,101,3,0,207
Straight Party,0013,1233,382,1615,2751,58.71%,657,317,9,5,988
Straight Party,0014,1006,429,1435,1924,74.58%,407,352,7,4,770
Straight Party,0015,1559,849,2355,2852,82.68%,683,446,10,2,1141
Straight Party,0016,895,189,884,1284,68.85%,216,230,4,3,453
Straight Party,0017,454,293,747,1198,62.35%,199,278,4,0,481
Straight Party,0018,745,367,1112,1456,76.37%,276,295,3,2,576
Straight Party,0019,852,293,945,1288,73.37%,147,276,8,3,434
Straight Party,0020,1019,335,1354,2780,48.71%,218,477,16,7,718
Straight Party,0021,542,207,749,1229,60.94%,65,300,7,5,377
Straight Party,0022,943,419,1362,2501,54.46%,132,844,6,9,991
Straight Party,0023,132,74,206,551,37.39%,25,108,4,0,137
Straight Party,0024,294,36,330,712,46.35%,33,168,0,3,204
Straight Party,0025,243,292,535,1105,48.42%,14,400,0,1,415
Straight Party,0026,839,313,1152,1969,58.51%,108,501,4,6,619
Straight Party,0027,1397,508,1905,3271,58.24%,200,886,6,17,1109
Straight Party,0028,1519,446,1965,3307,59.42%,740,563,8,3,1314
Straight Party,0029,648,490,1138,2722,41.81%,208,572,6,11,797
Straight Party,0030,1295,546,1841,2818,65.33%,275,769,18,6,1068
Straight Party,0031,786,453,1239,2656,46.65%,22,900,2,3,927
Straight Party,0032,1279,504,1783,2728,65.36%,379,487,30,4,900
Straight Party,0033,2599,554,2553,3907,67.90%,462,797,25,7,1291
Straight Party,0034,1531,517,2148,3044,70.57%,228,838,19,14,1099
Office,Precinct,Early Ballots Cast,Election Ballots Cast,Total Ballots Cast,Registered Voters,Percent Turnout,REP Republican Party,DEM Democratic Party,LIB Libertarian Party,GRN Green Party,Totals
Straight Party,0035,5,0,5,14,35.71%,2,2,0,0,4
Straight Party,0036,1035,516,1552,3100,50.06%,200,869,7,11,1087
Straight Party,0037,1553,409,1962,2467,79.53%,346,631,9,9,995
Straight Party,0038,1901,436,2337,3081,75.85%,377,778,15,9,1179
Straight Party,0039,1726,492,2218,3070,72.25%,296,787,12,8,1103
Straight Party,0040,281,107,388,527,73.62%,73,81,1,1,156
Straight Party,0041,712,264,976,1518,64.30%,267,354,9,4,634
Straight Party,0042,438,109,547,1062,51.51%,9,436,0,1,446
Straight Party,0043,817,300,1117,1972,56.64%,313,434,12,8,767
Straight Party,0044,731,310,1041,2126,48.97%,110,480,7,4,601
Straight Party,0045,2263,1021,3284,5740,57.21%,354,1893,23,8,2278
Straight Party,0046,877,341,1218,2568,47.43%,89,674,12,7,782
Straight Party,0047,507,268,775,1618,47.90%,19,576,1,1,597
Straight Party,0048,348,158,515,967,53.36%,26,333,0,2,361
Straight Party,0049,1548,731,2279,3709,61.45%,1099,499,12,6,1616
Straight Party,0050,1838,680,2518,4314,58.37%,821,920,13,10,1764
Straight Party,0051,830,271,1101,1734,63.49%,556,177,9,0,742
Straight Party,0052,1421,456,1877,2581,72.72%,440,493,12,8,953
Straight Party,0053,1691,613,2304,3083,74.73%,475,591,24,2,1092
Straight Party,0054,1050,211,1271,1619,78.51%,307,292,9,1,609
Straight Party,0055,1274,410,1684,2094,80.42%,336,482,19,4,841
Straight Party,0056,708,283,991,1393,71.14%,369,245,11,7,632
Straight Party,0057,2058,567,2625,3325,78.95%,465,628,15,7,1115
Straight Party,0058,1726,484,2210,3031,72.91%,488,584,22,7,1101
Straight Party,0059,1607,439,2046,2671,76.60%,418,545,10,3,976
Straight Party,0060,1491,537,2028,2766,73.32%,243,710,18,14,985
Straight Party,0061,519,423,942,1847,51.00%,150,511,10,4,675
Straight Party,0062,691,452,1143,2195,52.07%,119,610,5,7,741
Straight Party,0063,767,391,1158,1903,60.85%,614,143,8,0,765
Straight Party,0064,678,368,1046,2220,47.12%,112,612,4,6,734
Straight Party,0065,639,435,1074,2178,49.31%,102,625,4,11,742
Straight Party,0066,247,255,502,1135,44.23%,47,306,2,2,357
Straight Party,0067,944,521,1465,3019,48.53%,151,814,9,9,983
Straight Party,0068,1172,430,1602,3096,51.74%,16,1197,3,1,1217
Office,Precinct,Early Ballots Cast,Election Ballots Cast,Total Ballots Cast,Registered Voters,Percent Turnout,REP Republican Party,DEM Democratic Party,LIB Libertarian Party,GRN Green Party,Totals
Straight Party,0069,375,222,597,1309,45.61%,54,337,1,4,396
Straight Party,0070,2307,670,2977,3815,78.03%,953,597,20,9,1579
Straight Party,0071,2728,947,3675,5016,73.27%,974,994,54,7,2029
Straight Party,0072,737,418,1155,2029,56.92%,153,542,7,0,702
Straight Party,0073,813,282,1095,1621,67.55%,291,238,7,5,541
Straight Party,0074,2508,268,2776,3578,77.59%,1465,395,15,2,1877
Straight Party,0075,1004,286,1290,1684,76.60%,257,342,7,5,611
Straight Party,0076,1017,427,1444,2441,59.16%,472,470,12,3,957
Straight Party,0077,2,5,7,17,41.18%,1,4,0,0,5
Straight Party,0078,619,254,873,1608,54.29%,126,415,12,3,556
Straight Party,0079,832,602,1434,2963,48.40%,137,792,6,15,950
Straight Party,0080,1176,466,1642,2840,57.82%,218,929,7,6,1160
Straight Party,0081,776,273,1049,1964,53.41%,171,532,9,4,716
Straight Party,0082,1593,755,2349,3539,66.37%,1172,404,25,8,1609
Straight Party,0083,1835,540,2376,4174,56.92%,589,998,15,9,1611
Straight Party,0084,573,257,830,1421,58.41%,425,169,10,2,606
Straight Party,0085,604,329,933,2169,43.02%,22,575,5,6,608
Straight Party,0086,2046,493,2539,3449,73.62%,583,637,21,9,1250
Straight Party,0087,1471,719,2190,2839,77.14%,677,408,3,1,1089
Straight Party,0088,338,141,479,784,61.10%,226,103,2,0,331
Straight Party,0089,402,424,826,1094,75.50%,229,163,2,1,395
Straight Party,0090,1867,890,2757,3883,71.00%,1403,382,16,5,1806
Straight Party,0091,676,339,1015,1724,58.87%,370,242,15,5,632
Straight Party,0092,1270,474,1744,2260,77.17%,679,305,19,7,1010
Straight Party,0093,1049,619,1668,3536,47.17%,315,883,13,12,1223
Straight Party,0094,202,63,265,580,45.69%,24,161,4,1,190
Straight Party,0095,2039,534,2573,3394,75.81%,1077,524,21,8,1630
Straight Party,0096,828,306,1134,2060,55.05%,100,715,4,7,826
Straight Party,0097,2517,467,2984,4414,67.60%,1517,443,15,6,1981
Straight Party,0098,1386,594,1980,3161,62.64%,1174,201,9,4,1388
Straight Party,0099,683,295,978,2192,44.62%,279,421,8,7,715
Straight Party,0100,531,276,807,1825,44.22%,221,331,8,5,565
Straight Party,0101,221,129,350,988,35.43%,57,194,1,5,257
Straight Party,0102,581,227,808,1907,42.37%,138,476,6,6,626
Office,Precinct,Early Ballots Cast,Election Ballots Cast,Total Ballots Cast,Registered Voters,Percent Turnout,REP Republican Party,DEM Democratic Party,LIB Libertarian Party,GRN Green Party,Totals
Straight Party,0103,2152,985,3137,5097,61.55%,1008,1119,22,4,2153
Straight Party,0104,915,211,1126,1920,58.65%,13,867,1,1,882
Straight Party,0105,709,433,1142,2304,49.57%,180,609,12,5,806
Straight Party,0106,73,59,132,299,44.15%,28,66,0,3,97
Straight Party,0107,594,403,997,2230,44.71%,99,632,4,7,742
Straight Party,0108,1466,448,1914,3674,52.10%,625,679,18,8,1330
Straight Party,0109,1098,278,1376,2909,47.30%,20,1040,3,6,1069
Straight Party,0110,1664,481,2145,3222,66.57%,825,569,13,3,1410
Straight Party,0111,2704,866,3570,4792,74.50%,1671,652,21,9,2353
Straight Party,0112,1514,598,2112,3188,66.25%,910,429,21,5,1365
Straight Party,0113,1310,418,1728,2718,63.58%,603,535,13,8,1159
Straight Party,0114,2297,506,2803,3885,72.15%,1372,441,22,8,1843
Straight Party,0115,609,272,881,1843,47.80%,57,656,1,4,718
Straight Party,0116,1905,599,2504,3194,78.40%,1194,262,11,2,1469
Straight Party,0117,574,379,953,1900,50.16%,198,418,13,5,634
Straight Party,0118,1828,530,2358,3181,74.13%,728,621,21,6,1376
Straight Party,0119,2765,409,3174,4682,67.79%,1745,395,16,8,2164
Straight Party,0120,1848,588,2436,3732,65.27%,949,601,15,8,1573
Straight Party,0121,356,221,577,966,59.73%,259,142,7,1,409
Straight Party,0122,733,284,1017,1904,53.41%,29,714,3,3,749
Straight Party,0123,758,287,1045,1585,65.93%,131,409,6,9,555
Straight Party,0124,3140,888,4028,5393,74.69%,2220,489,21,10,2740
Straight Party,0125,1207,400,1607,2593,61.97%,574,485,19,6,1084
Straight Party,0126,2021,427,2448,3380,72.43%,1501,190,16,1,1708
Straight Party,0127,979,214,1193,2091,57.05%,606,217,9,5,837
Straight Party,0128,1112,612,1724,2322,74.25%,574,288,8,3,873
Straight Party,0129,2550,1052,3612,5172,69.84%,1265,836,32,17,2150
Straight Party,0130,1323,433,1756,2289,76.71%,849,295,5,0,1149
Straight Party,0131,801,371,1172,2147,54.59%,156,690,9,6,861
Straight Party,0132,1030,322,1352,2378,56.85%,20,1046,1,1,1068
Straight Party,0133,1426,746,2172,2690,80.74%,593,457,13,4,1067
Straight Party,0134,594,345,939,1513,62.06%,233,344,2,6,585
Straight Party,0135,1531,551,2182,2777,78.57%,790,385,14,1,1190
Straight Party,0136,986,352,1338,2116,63.23%,31,808,3,2,844
Office,Precinct,Early Ballots Cast,Election Ballots Cast,Total Ballots Cast,Registered Voters,Percent Turnout,REP Republican Party,DEM Democratic Party,LIB Libertarian Party,GRN Green Party,Totals
Straight Party,0137,994,259,1253,1986,63.09%,572,268,12,3,855
Straight Party,0138,601,228,829,1723,48.11%,20,628,3,1,652
Straight Party,0139,1953,501,2554,3435,74.64%,608,685,16,6,1315
Straight Party,0140,1528,510,2038,3270,62.32%,153,1014,14,5,1186
Straight Party,0141,217,153,370,904,40.93%,125,119,6,2,252
Straight Party,0142,294,140,434,933,46.52%,59,232,2,4,297
Straight Party,0143,1870,267,2137,2582,82.77%,976,488,15,3,1482
Straight Party,0144,442,125,567,1086,52.21%,8,431,1,3,443
Straight Party,0145,550,255,515,1564,52.17%,8,662,1,2,673
Straight Party,0146,1004,494,1498,2073,72.26%,333,459,15,5,812
Straight Party,0147,1412,354,1766,3211,55.00%,130,1115,6,6,1257
Straight Party,0148,1277,652,1929,2571,75.03%,370,563,9,3,945
Straight Party,0149,2945,573,3518,4756,73.97%,1320,1076,24,8,2428
Straight Party,0150,582,223,805,1574,51.14%,20,604,3,4,631
Straight Party,0151,282,107,389,826,47.09%,12,299,0,1,312
Straight Party,0152,839,524,1363,3059,44.56%,167,828,9,6,1010
Straight Party,0153,545,399,944,1873,50.40%,126,530,7,4,667
Straight Party,0154,916,289,1205,2293,52.55%,122,664,11,7,804
Straight Party,0155,2292,576,2868,4065,70.55%,1195,708,22,1,1926
Straight Party,0156,1420,403,1823,3223,56.56%,49,1204,3,6,1262
Straight Party,0157,880,278,1158,2265,51.13%,36,849,5,1,891
Straight Party,0158,1145,365,1510,3049,49.52%,16,1161,2,2,1181
Straight Party,0159,350,147,497,997,49.85%,34,300,0,1,335
Straight Party,0160,286,67,353,717,49.23%,8,264,3,3,278
Straight Party,0161,378,173,551,992,55.54%,10,408,1,2,421
Straight Party,0152,354,257,531,1312,48.09%,90,349,3,6,448
Straight Party,0163,1086,524,1610,3075,52.36%,255,769,10,8,1042
Straight Party,0164,441,258,699,1407,49.68%,11,540,0,1,552
Straight Party,0165,1176,469,1645,2460,66.87%,579,426,16,8,1029
Straight Party,0166,563,261,824,1171,70.37%,122,294,5,0,421
Straight Party,0167,5,2,7,24,29.17%,0,4,0,0,4
Straight Party,0168,196,59,255,512,49.80%,2,214,0,0,216
Straight Party,0169,985,247,1232,2548,48.35%,15,931,3,2,951
Straight Party,0170,554,262,926,1958,47.29%,289,347,12,4,652
Office,Precinct,Early Ballots Cast,Election Ballots Cast,Total Ballots Cast,Registered Voters,Percent Turnout,REP Republican Party,DEM Democratic Party,LIB Libertarian Party,GRN Green Party,Totals
Straight Party,0171,482,283,765,1648,46.42%,25,570,2,1,598
Straight Party,0172,245,103,348,661,52.65%,50,177,1,2,230
Straight Party,0173,2255,683,2948,3966,74.33%,1481,424,16,7,1928
Straight Party,0174,1723,707,2430,3389,71.70%,1019,425,16,4,1464
Straight Party,0175,1421,691,2112,2711,77.90%,540,489,6,1,1036
Straight Party,0176,770,375,1145,1533,74.69%,275,272,7,1,555
Straight Party,0177,946,333,1279,1715,74.58%,373,297,7,5,682
Straight Party,0178,1124,273,1397,1795,77.83%,544,196,11,4,755
Straight Party,0179,774,244,1018,1673,60.85%,271,335,9,2,617
Straight Party,0180,930,463,1393,2914,47.80%,27,995,4,4,1030
Straight Party,0181,698,439,1137,2195,51.80%,160,650,11,4,825
Straight Party,0182,1967,994,2961,4071,72.73%,826,634,16,5,1481
Straight Party,0183,1292,715,2007,2535,79.17%,648,333,8,5,994
Straight Party,0184,278,219,497,1048,47.42%,78,269,3,6,356
Straight Party,0185,710,444,1154,2054,56.18%,182,594,6,10,792
Straight Party,0186,252,150,402,798,50.38%,17,288,0,0,305
Straight Party,0187,96,51,147,309,47.57%,13,80,0,0,93
Straight Party,0188,500,306,806,1711,47.11%,151,407,7,3,568
Straight Party,0189,810,279,1089,1505,72.36%,333,233,7,2,575
Straight Party,0190,572,326,898,1849,48.57%,178,470,12,7,667
Straight Party,0191,327,259,586,1408,41.62%,115,306,5,6,432
Straight Party,0192,757,259,1016,1959,51.86%,34,703,3,4,744
Straight Party,0193,376,211,587,1099,53.41%,5,373,5,2,385
Straight Party,0194,1153,449,1602,2172,73.76%,213,597,6,9,825
Straight Party,0195,607,344,951,1739,54.69%,21,667,1,3,692
Straight Party,0196,133,37,170,313,54.31%,9,99,0,4,112
Straight Party,0197,995,372,1368,2969,46.08%,20,1037,2,6,1065
Straight Party,0198,161,82,243,619,39.26%,5,173,2,1,181
Straight Party,0199,1935,815,2750,4063,67.68%,1452,354,33,4,1843
Straight Party,0200,2334,377,2711,3692,73.43%,644,753,21,6,1424
Straight Party,0201,222,105,327,773,42.30%,7,249,0,0,256
Straight Party,0202,421,233,654,1410,46.38%,15,465,1,1,482
Straight Party,0203,298,111,409,988,41.40%,38,254,5,1,298
Straight Party,0204,2108,577,2685,3568,75.25%,796,582,26,7,1411
Office,Precinct,Early Ballots Cast,Election Ballots Cast,Total Ballots Cast,Registered Voters,Percent Turnout,REP Republican Party,DEM Democratic Party,LIB Libertarian Party,GRN Green Party,Totals
Straight Party,0205,772,171,943,1724,54.70%,14,743,1,3,761
Straight Party,0206,1280,494,1774,2965,59.83%,268,699,22,15,1004
Straight Party,0207,606,212,818,1166,70.15%,130,292,4,4,430
Straight Party,0208,911,338,1249,2256,55.36%,165,672,3,4,844
Straight Party,0209,0,0,0,0,0.00%,0,0,0,0,0
Straight Party,0210,1269,489,1758,2781,63.21%,142,893,5,5,1045
Straight Party,0211,969,595,1554,3130,49.97%,268,760,14,9,1051
Straight Party,0212,309,323,632,1370,46.13%,65,388,3,3,459
Straight Party,0213,1794,795,2589,3406,76.01%,1264,286,7,6,1563
Straight Party,0214,1018,418,1436,1911,75.14%,474,282,13,5,774
Straight Party,0215,1101,636,1737,2286,75.98%,529,361,8,6,904
Straight Party,0216,779,244,1023,1966,52.03%,39,721,6,3,769
Straight Party,0217,1565,618,2183,2736,79.79%,704,364,9,2,1079
Straight Party,0218,1101,457,1558,2467,63.15%,194,677,9,11,891
Straight Party,0219,1131,515,1646,2868,57.39%,72,1035,5,4,1116
Straight Party,0220,833,306,1139,2362,48.22%,475,267,6,2,750
Straight Party,0221,1033,473,1506,2598,57.97%,284,662,9,8,963
Straight Party,0222,1485,671,2156,2728,79.03%,493,553,6,3,1055
Straight Party,0223,1775,517,2292,3664,62.55%,299,955,20,8,1282
Straight Party,0224,1179,495,1574,2313,72.37%,418,482,8,4,912
Straight Party,0225,1358,596,1954,3689,52.97%,579,766,18,9,1372
Straight Party,0226,842,421,1263,2554,49.45%,142,717,6,4,869
Straight Party,0227,1075,359,1434,1810,79.23%,573,143,4,1,721
Straight Party,0228,630,159,789,1175,67.15%,20,478,2,0,500
Straight Party,0229,230,168,398,828,48.07%,66,206,1,1,274
Straight Party,0230,355,155,520,1094,47.53%,17,397,1,1,416
Straight Party,0231,806,445,1251,2376,52.65%,147,739,6,4,896
Straight Party,0232,947,438,1385,1826,75.85%,419,308,5,1,733
Straight Party,0233,2595,703,3298,4713,69.98%,826,924,34,14,1798
Straight Party,0234,2441,728,3169,4042,78.40%,1468,412,18,3,1901
Straight Party,0235,461,203,664,1421,46.73%,10,470,2,1,483
Straight Party,0236,555,308,964,2104,45.82%,27,732,0,5,764
Straight Party,0237,743,312,1055,2146,49.16%,12,807,4,3,826
Straight Party,0238,607,317,924,1948,47.43%,19,697,2,2,720
Office,Precinct,Early Ballots Cast,Election Ballots Cast,Total Ballots Cast,Registered Voters,Percent Turnout,REP Republican Party,DEM Democratic Party,LIB Libertarian Party,GRN Green Party,Totals
Straight Party,0239,694,334,1028,1984,51.81%,17,790,1,4,812
Straight Party,0240,1008,292,1300,2601,49.98%,15,1022,1,4,1042
Straight Party,0241,652,383,1035,2466,41.97%,221,503,2,3,729
Straight Party,0242,507,314,821,1744,47.08%,247,316,9,5,577
Straight Party,0243,245,42,287,475,60.42%,2,222,1,0,225
Straight Party,0244,1413,538,1951,3296,59.19%,567,661,13,9,1250
Straight Party,0245,2106,811,2917,4679,62.34%,1260,702,33,14,2009
Straight Party,0246,2217,482,2699,3971,67.97%,1100,649,16,12,1777
Straight Party,0247,441,376,817,1595,51.22%,11,634,1,6,652
Straight Party,0248,455,347,802,2147,37.35%,115,480,4,4,603
Straight Party,0249,1129,365,1494,2825,52.88%,656,400,7,6,1069
Straight Party,0250,289,183,472,925,51.03%,14,375,0,1,390
Straight Party,0251,806,378,1184,2132,55.53%,38,886,2,5,931
Straight Party,0252,927,309,1236,2292,53.93%,14,996,4,4,1018
Straight Party,0253,760,311,1071,2154,49.72%,22,854,4,2,882
Straight Party,0254,411,280,691,1675,41.25%,88,427,7,3,525
Straight Party,0255,1263,586,1849,2489,74.29%,457,532,7,2,998
Straight Party,0256,1402,583,1985,3321,59.77%,433,941,15,11,1400
Straight Party,0257,999,622,1621,3497,46.35%,242,897,9,8,1156
Straight Party,0258,1958,606,2566,3346,76.69%,1177,366,10,5,1558
Straight Party,0259,1031,414,1445,2312,62.50%,14,1080,6,7,1107
Straight Party,0260,549,227,776,1300,59.69%,248,263,6,5,522
Straight Party,0261,442,531,973,1457,66.78%,165,525,5,5,700
Straight Party,0262,1857,676,2533,4397,57.61%,885,714,22,11,1632
Straight Party,0263,2214,665,2879,4016,71.69%,1350,480,15,11,1856
Straight Party,0264,1116,627,1743,3101,56.21%,560,548,11,8,1127
Straight Party,0265,2002,608,2610,3582,72.86%,1189,398,9,6,1602
Straight Party,0266,738,443,1181,2147,55.01%,274,536,6,7,823
Straight Party,0267,421,293,714,1433,49.83%,163,329,8,4,504
Straight Party,0268,1187,689,1876,2528,74.21%,528,393,7,5,933
Straight Party,0269,1312,365,1677,2114,79.33%,789,204,2,2,997
Straight Party,0270,1819,688,2507,3985,62.91%,746,675,8,9,1438
Straight Party,0271,1150,346,1496,2558,58.48%,18,1123,2,4,1147
Straight Party,0272,873,415,1288,2334,55.18%,285,541,16,7,849
Office,Precinct,Early Ballots Cast,Election Ballots Cast,Total Ballots Cast,Registered Voters,Percent Turnout,REP Republican Party,DEM Democratic Party,LIB Libertarian Party,GRN Green Party,Totals
Straight Party,0273,1188,647,1833,2485,73.76%,953,210,8,4,1175
Straight Party,0274,1273,311,1584,2223,71.26%,584,304,13,7,908
Straight Party,0275,587,334,921,2059,44.73%,86,562,3,6,657
Straight Party,0276,1028,255,1283,2458,52.20%,11,1020,3,0,1034
Straight Party,0277,575,338,913,1898,48.10%,219,447,8,4,678
Straight Party,0278,1080,469,1529,2602,58.76%,401,618,13,13,1045
Straight Party,0279,791,314,1105,2073,53.30%,395,309,10,4,718
Straight Party,0280,444,362,806,1656,48.67%,125,421,5,4,555
Straight Party,0281,1298,590,1888,2507,75.31%,418,430,7,5,880
Straight Party,0282,783,604,1387,2144,64.69%,461,373,12,4,850
Straight Party,0283,2354,1143,3497,6365,54.94%,287,2176,22,22,2507
Straight Party,0284,1800,574,2174,4079,53.30%,463,1040,17,13,1533
Straight Party,0285,1080,431,1511,2680,56.38%,66,1054,5,6,1131
Straight Party,0288,1715,545,2280,3757,60.15%,101,1516,17,5,1639
Straight Party,0287,854,408,1282,1658,76.12%,347,325,7,6,685
Straight Party,0288,883,314,1197,2208,54.21%,17,924,2,0,943
Straight Party,0289,483,352,835,1584,52.71%,210,364,8,2,584
Straight Party,0290,705,332,1037,1623,63.89%,548,168,9,2,727
Straight Party,0291,808,233,841,1218,69.05%,203,268,5,1,477
Straight Party,0292,550,178,728,1379,52.79%,57,490,4,2,553
Straight Party,0293,780,475,1255,1811,69.30%,329,396,14,5,744
Straight Party,0294,852,198,1050,2054,51.12%,5,798,4,4,811
Straight Party,0295,270,111,381,894,42.62%,7,299,0,2,308
Straight Party,0296,704,385,1089,1705,63.87%,367,334,9,4,714
Straight Party,0297,738,341,1077,2055,52.41%,256,488,8,11,763
Straight Party,0298,1102,387,1489,2236,66.59%,469,462,14,10,955
Straight Party,0299,499,236,735,1506,48.80%,145,357,5,6,513
Straight Party,0300,3388,728,4116,5480,75.11%,2107,564,24,4,2699
Straight Party,0301,739,392,1131,2337,48.40%,243,546,14,3,806
Straight Party,0302,1201,591,1792,3277,54.68%,617,631,11,9,1268
Straight Party,0303,1923,692,2615,3375,77.48%,1321,332,5,3,1661
Straight Party,0304,1199,474,1673,2326,71.93%,527,375,13,4,919
Straight Party,0305,2159,845,2804,4838,57.96%,605,1475,24,10,2114
Straight Party,0306,1108,299,1405,1896,74.10%,618,197,10,1,826
Office,Precinct,Early Ballots Cast,Election Ballots Cast,Total Ballots Cast,Registered Voters,Percent Turnout,REP Republican Party,DEM Democratic Party,LIB Libertarian Party,GRN Green Party,Totals
Straight Party,0307,1463,801,2264,3270,69.24%,997,382,17,5,1401
Straight Party,0308,527,225,752,1457,51.61%,112,391,5,6,514
Straight Party,0309,2174,591,2765,3495,79.11%,1290,293,15,2,1600
Straight Party,0310,712,326,1038,1464,70.90%,427,224,9,3,663
Straight Party,0311,942,643,1585,3222,49.19%,510,567,9,8,1094
Straight Party,0312,1719,552,2271,3724,60.98%,744,712,18,12,1486
Straight Party,0313,23,8,31,61,50.82%,13,5,0,1,19
Straight Party,0314,3005,817,3822,5606,68.18%,1545,1099,28,13,2685
Straight Party,0315,812,353,1165,1636,71.21%,385,244,4,1,634
Straight Party,0316,747,340,1087,1513,71.84%,297,258,7,0,562
Straight Party,0317,596,252,848,1661,51.05%,130,405,6,7,548
Straight Party,0318,1730,529,2259,3776,59.83%,74,1523,7,6,1610
Straight Party,0319,996,271,1267,2199,57.62%,43,896,5,4,948
Straight Party,0320,557,238,795,1570,50.64%,173,354,6,3,536
Straight Party,0321,867,363,1230,2483,49.54%,208,618,5,10,841
Straight Party,0322,426,124,550,1210,45.45%,105,266,5,1,377
Straight Party,0323,702,296,998,1793,55.66%,195,390,8,2,595
Straight Party,0324,1454,560,2014,2607,77.25%,692,357,13,4,1066
Straight Party,0325,804,257,1061,2176,48.76%,105,621,4,4,734
Straight Party,0326,271,129,400,736,54.35%,85,168,0,1,254
Straight Party,0327,740,141,881,1758,50.11%,11,646,0,4,661
Straight Party,0328,425,286,711,1631,43.59%,144,362,5,5,516
Straight Party,0329,592,260,852,1621,52.56%,141,391,5,2,539
Straight Party,0330,865,326,1191,2146,55.50%,334,453,12,6,805
Straight Party,0331,889,234,1123,1612,69.67%,484,269,12,2,767
Straight Party,0332,1350,503,1863,2926,63.67%,110,1270,5,10,1395
Straight Party,0333,1392,942,2334,3296,70.81%,1137,380,23,9,1549
Straight Party,0334,247,104,351,786,44.66%,43,222,3,1,269
Straight Party,0335,494,293,787,1679,46.87%,130,439,5,5,579
Straight Party,0336,2496,689,3185,4771,66.76%,183,2094,11,8,2296
Straight Party,0337,371,155,526,1108,47.47%,47,332,0,1,380
Straight Party,0338,1628,632,2260,5001,45.19%,400,1321,22,12,1755
Straight Party,0339,705,303,1008,1909,52.80%,99,548,7,1,655
Straight Party,0340,2049,654,2703,4012,67.37%,1317,431,20,4,1772
Office,Precinct,Early Ballots Cast,Election Ballots Cast,Total Ballots Cast,Registered Voters,Percent Turnout,REP Republican Party,DEM Democratic Party,LIB Libertarian Party,GRN Green Party,Totals
Straight Party,0341,380,278,658,1372,47.96%,82,367,5,0,454
Straight Party,0342,312,225,537,1092,49.18%,79,297,3,4,383
Straight Party,0343,725,370,1095,2099,52.17%,120,631,5,11,767
Straight Party,0344,381,207,588,1225,48.00%,12,440,2,1,455
Straight Party,0345,582,349,931,1945,47.87%,105,547,13,4,669
Straight Party,0346,1,0,1,1,100.00%,0,0,0,0,0
Straight Party,0347,1463,618,2081,3614,57.58%,828,602,16,9,1455
Straight Party,0348,833,242,1075,1796,59.86%,528,221,14,1,764
Straight Party,0349,459,369,828,1372,60.35%,316,203,3,4,526
Straight Party,0350,1709,582,2291,3269,70.08%,433,770,21,11,1235
Straight Party,0351,2865,570,3435,4799,71.58%,1773,463,19,1,2256
Straight Party,0352,2025,538,2563,4278,59.91%,1277,485,22,7,1791
Straight Party,0353,1715,659,2374,4156,57.12%,246,1441,13,5,1705
Straight Party,0354,1575,429,2004,3520,56.93%,283,1025,12,9,1329
Straight Party,0355,823,239,1052,1714,61.96%,61,709,1,2,773
Straight Party,0356,1551,582,2133,3126,68.23%,709,601,18,10,1338
Straight Party,0357,1889,557,2446,3685,66.38%,1209,353,11,7,1580
Straight Party,0358,775,376,1151,2634,43.70%,71,787,3,3,864
Straight Party,0359,806,496,1302,3320,39.22%,80,940,6,7,1033
Straight Party,0360,1872,597,2469,3309,74.61%,628,716,11,7,1362
Straight Party,0361,339,688,1027,1808,56.80%,54,448,9,0,511
Straight Party,0362,2872,553,3425,5161,66.36%,1584,594,18,7,2203
Straight Party,0363,1826,635,2461,4160,59.16%,666,1021,17,6,1710
Straight Party,0364,1192,528,1720,2827,60.84%,499,595,14,10,1118
Straight Party,0365,829,174,1003,1348,74.41%,64,593,2,2,661
Straight Party,0366,989,524,1513,2887,52.41%,215,890,13,13,1131
Straight Party,0367,457,204,661,1256,52.63%,84,350,1,3,438
Straight Party,0368,433,122,555,1024,54.20%,92,285,1,0,378
Straight Party,0369,137,29,166,678,24.48%,35,51,4,3,93
Straight Party,0370,2526,627,3153,4531,69.59%,1534,521,19,8,2082
Straight Party,0371,210,78,288,537,53.63%,5,232,0,2,239
Straight Party,0372,511,180,691,1274,54.24%,52,446,2,2,502
Straight Party,0373,61,13,74,163,45.40%,0,50,0,0,50
Straight Party,0374,175,165,341,720,47.36%,42,186,0,0,228
Office,Precinct,Early Ballots Cast,Election Ballots Cast,Total Ballots Cast,Registered Voters,Percent Turnout,REP Republican Party,DEM Democratic Party,LIB Libertarian Party,GRN Green Party,Totals
Straight Party,0375,748,510,1258,2836,44.36%,253,598,8,5,864
Straight Party,0376,755,344,1099,2060,53.35%,258,465,7,1,731
Straight Party,0377,1384,643,2027,3137,64.62%,1079,252,21,4,1356
Straight Party,0378,623,447,1070,1856,57.65%,449,250,3,6,708
Straight Party,0379,858,388,1246,2149,57.98%,66,852,7,6,931
Straight Party,0380,2745,551,3296,4380,75.25%,1117,983,23,6,2129
Straight Party,0381,1187,432,1519,3141,51.54%,392,691,13,5,1101
Straight Party,0382,429,206,635,1035,61.35%,268,163,3,5,439
Straight Party,0383,723,458,1181,2373,49.77%,226,584,15,11,836
Straight Party,0384,1156,444,1600,2725,58.72%,207,889,6,1,1103
Straight Party,0385,1151,561,1712,2207,77.57%,823,211,3,4,1041
Straight Party,0386,1660,419,2079,3105,66.96%,1015,386,9,7,1417
Straight Party,0387,1707,780,2487,4340,57.30%,1082,521,17,10,1630
Straight Party,0388,2904,711,3615,5413,66.78%,1121,1266,21,8,2416
Straight Party,0389,408,293,701,1359,51.58%,38,373,7,6,424
Straight Party,0390,712,271,983,1482,66.33%,54,545,6,4,609
Straight Party,0391,994,336,1330,1978,67.24%,507,317,8,4,836
Straight Party,0392,653,145,798,1426,55.96%,8,608,1,1,618
Straight Party,0393,429,257,686,1274,53.85%,202,241,9,2,454
Straight Party,0394,236,125,352,914,39.61%,79,174,3,3,259
Straight Party,0395,1009,371,1380,1875,73.60%,595,222,13,2,832
Straight Party,0396,1036,204,1240,2072,59.85%,16,975,2,3,996
Straight Party,0397,204,117,321,796,40.33%,80,145,4,1,230
Straight Party,0398,1765,654,2419,4200,57.60%,722,891,9,8,1630
Straight Party,0399,1295,546,1841,3340,55.12%,453,785,7,10,1255
Straight Party,0400,1476,372,1848,2661,69.45%,810,389,13,6,1218
Straight Party,0401,703,257,960,1971,48.71%,29,712,2,1,744
Straight Party,0402,898,262,1160,1911,60.70%,44,842,3,3,892
Straight Party,0403,966,387,1353,1719,78.71%,381,288,7,4,680
Straight Party,0404,1035,445,1480,2717,54.47%,481,570,16,6,1073
Straight Party,0405,1914,457,2371,3067,77.31%,1261,368,9,1,1639
Straight Party,0406,275,65,340,649,52.39%,4,271,1,2,278
Straight Party,0407,1705,860,2565,3969,64.63%,946,602,27,12,1587
Straight Party,0408,522,313,835,1740,47.99%,175,417,6,2,600
Office,Precinct,Early Ballots Cast,Election Ballots Cast,Total Ballots Cast,Registered Voters,Percent Turnout,REP Republican Party,DEM Democratic Party,LIB Libertarian Party,GRN Green Party,Totals
Straight Party,0409,501,280,781,1608,48.57%,152,404,13,3,572
Straight Party,0410,382,96,478,934,51.18%,53,286,3,0,342
Straight Party,0411,699,418,1117,2426,46.04%,172,606,11,5,794
Straight Party,0412,156,80,236,478,49.37%,7,162,0,1,170
Straight Party,0413,1552,456,2008,3081,65.17%,457,809,14,4,1284
Straight Party,0414,1581,514,2095,3586,58.42%,1013,368,8,5,1394
Straight Party,0415,1081,573,1654,2284,72.42%,764,279,9,3,1055
Straight Party,0416,1447,845,2292,4009,57.17%,740,748,20,12,1520
Straight Party,0417,1108,397,1505,2589,58.13%,420,606,13,10,1049
Straight Party,0418,1338,663,2001,3940,50.79%,414,917,16,11,1358
Straight Party,0419,1172,477,1649,2702,61.03%,653,480,12,5,1150
Straight Party,0420,2692,731,3423,4946,69.21%,2034,347,17,6,2404
Straight Party,0421,1242,273,1515,2023,74.89%,444,497,13,4,958
Straight Party,0422,1358,401,1769,3348,52.84%,42,1303,4,9,1358
Straight Party,0423,316,288,604,1423,42.45%,64,370,2,5,441
Straight Party,0424,549,158,707,1079,65.52%,221,199,3,2,425
Straight Party,0425,259,139,398,878,45.33%,77,204,3,2,286
Straight Party,0426,490,228,718,1266,56.71%,243,242,1,4,490
Straight Party,0427,440,155,595,1120,53.13%,144,298,2,2,446
Straight Party,0428,1591,865,2556,5151,49.62%,479,1529,13,7,2028
Straight Party,0429,949,649,1598,3311,48.26%,238,977,15,8,1238
Straight Party,0430,529,291,820,1794,45.71%,79,531,5,9,624
Straight Party,0431,1223,604,1827,3860,47.33%,264,1111,17,13,1405
Straight Party,0432,459,249,708,1568,45.15%,126,323,9,3,461
Straight Party,0433,163,88,251,561,44.74%,29,141,3,2,175
Straight Party,0434,836,293,1129,1557,72.51%,374,263,5,7,649
Straight Party,0435,1971,567,2538,3363,75.47%,970,518,15,7,1510
Straight Party,0436,2022,678,2700,3809,70.88%,898,663,16,14,1591
Straight Party,0437,1161,425,1586,2094,75.74%,675,287,7,2,971
Straight Party,0438,2306,475,2781,3789,73.40%,1217,479,14,6,1716
Straight Party,0439,1861,749,2610,3701,70.52%,1124,481,16,5,1626
Straight Party,0440,1506,749,2255,2973,75.85%,1084,275,8,4,1371
Straight Party,0441,830,408,1238,1695,73.04%,555,207,7,1,770
Straight Party,0442,2447,685,3132,4315,72.58%,1730,287,31,4,2052
Office,Precinct,Early Ballots Cast,Election Ballots Cast,Total Ballots Cast,Registered Voters,Percent Turnout,REP Republican Party,DEM Democratic Party,LIB Libertarian Party,GRN Green Party,Totals
Straight Party,0443,416,83,499,642,77.73%,230,71,2,2,305
Straight Party,0444,1627,679,2306,3625,63.61%,759,659,20,12,1450
Straight Party,0445,1038,382,1420,2134,66.54%,518,330,9,3,860
Straight Party,0446,89,45,134,309,43.37%,30,66,1,0,97
Straight Party,0447,2416,464,2880,3727,77.27%,1205,561,22,6,1794
Straight Party,0448,1770,529,2299,3155,72.87%,703,457,24,2,1186
Straight Party,0449,73,26,99,225,44.00%,7,74,0,0,81
Straight Party,0450,1106,394,1500,2890,51.90%,213,772,9,4,998
Straight Party,0451,1724,367,2091,2771,75.46%,1154,230,4,1,1389
Straight Party,0452,1876,662,2538,3789,66.98%,1132,532,17,13,1694
Straight Party,0453,666,417,1083,2039,53.11%,189,557,6,9,761
Straight Party,0454,1043,288,1331,2509,53.05%,13,1091,1,2,1107
Straight Party,0455,669,173,842,1713,49.15%,22,632,4,2,660
Straight Party,0456,1407,553,1960,3793,51.67%,703,645,17,8,1373
Straight Party,0457,0,0,0,0,0.00%,0,0,0,0,0
Straight Party,0458,918,253,1171,2025,57.83%,49,811,5,5,870
Straight Party,0459,2372,432,2804,3942,71.13%,1446,358,23,3,1830
Straight Party,0460,1617,472,2089,3280,63.69%,301,1064,14,11,1390
Straight Party,0461,2261,669,2930,4054,72.27%,1183,656,11,6,1856
Straight Party,0462,1483,738,2221,3507,63.33%,458,963,10,8,1439
Straight Party,0463,1680,564,2244,3773,59.48%,550,1005,15,4,1574
Straight Party,0464,972,582,1554,2343,66.33%,617,344,21,5,987
Straight Party,0465,1633,594,2227,3778,58.95%,658,785,11,10,1464
Straight Party,0466,2282,509,2791,4327,64.50%,958,890,8,11,1867
Straight Party,0467,502,225,727,1320,55.08%,91,381,4,1,477
Straight Party,0468,1385,747,2132,4040,52.77%,352,1181,15,11,1559
Straight Party,0469,1881,462,2343,3257,71.94%,1269,305,20,6,1600
Straight Party,0470,556,232,788,1358,58.03%,393,122,8,3,526
Straight Party,0471,1057,458,1515,2473,61.26%,849,236,14,7,1106
Straight Party,0472,472,339,811,1131,71.71%,155,219,5,1,380
Straight Party,0473,945,390,1335,1787,74.71%,599,208,9,2,818
Straight Party,0474,1424,624,2048,3127,65.49%,887,445,17,4,1353
Straight Party,0475,791,261,1052,1936,54.34%,280,464,8,2,754
Straight Party,0476,1081,405,1486,2458,60.46%,484,468,14,3,969
Office,Precinct,Early Ballots Cast,Election Ballots Cast,Total Ballots Cast,Registered Voters,Percent Turnout,REP Republican Party,DEM Democratic Party,LIB Libertarian Party,GRN Green Party,Totals
Straight Party,0477,2034,640,2674,4010,66.68%,1152,474,16,6,1648
Straight Party,0478,2280,683,2963,4696,63.10%,1224,655,22,15,1916
Straight Party,0479,1979,755,2734,3851,70.99%,1368,415,20,8,1811
Straight Party,0480,1450,538,1988,2978,66.76%,934,396,16,1,1347
Straight Party,0481,1761,667,2428,3609,67.28%,1222,369,17,10,1618
Straight Party,0482,2260,618,2878,4405,65.33%,1285,535,25,9,1854
Straight Party,0483,2328,538,2866,4495,63.76%,949,924,31,14,1918
Straight Party,0484,2030,700,2730,3981,68.58%,1155,598,21,11,1785
Straight Party,0485,2121,567,2588,4051,66.35%,1263,474,28,5,1770
Straight Party,0486,2312,721,3033,4195,72.30%,1578,415,25,4,2022
Straight Party,0487,1410,527,1937,4142,46.76%,359,1110,9,7,1485
Straight Party,0488,843,511,1354,2382,56.84%,242,729,10,5,986
Straight Party,0489,866,344,1210,1958,61.80%,199,609,6,6,820
Straight Party,0490,985,346,1331,2105,63.23%,248,588,5,2,843
Straight Party,0491,959,488,1447,2110,68.58%,455,391,10,2,858
Straight Party,0492,1231,396,1627,2552,63.75%,533,531,10,2,1076
Straight Party,0493,1408,555,1963,3338,58.81%,457,876,21,5,1359
Straight Party,0494,1079,419,1498,2787,53.75%,106,995,8,5,1114
Straight Party,0495,1420,376,1796,2488,72.19%,800,348,6,5,1159
Straight Party,0496,687,549,1235,2325,53.16%,277,595,8,3,883
Straight Party,0497,91,e,281,1197,2148,55.73%,31,932,1,2,966
Straight Party,0498,1077,423,1500,2527,59.36%,307,628,12,11,958
Straight Party,0499,1442,397,1839,2336,78.72%,838,282,8,4,1132
Straight Party,0500,1874,651,2525,3698,68.28%,1017,580,16,8,1621
Straight Party,0501,1154,406,1560,2016,77.38%,293,443,12,2,750
Straight Party,0502,1358,293,1551,2595,64.01%,825,236,6,1,1068
Straight Party,0503,1402,306,1708,2236,76.39%,822,240,10,4,1076
Straight Party,0504,1282,482,1764,2318,76.10%,689,341,16,0,1046
Straight Party,0505,1758,735,2493,4076,61.16%,639,776,16,12,1443
Straight Party,0506,1516,696,2212,3544,62.42%,207,1346,8,6,1567
Straight Party,0507,601,319,920,2562,35.91%,163,533,3,1,700
Straight Party,0508,1529,828,2357,4767,49.44%,432,1260,13,15,1720
Straight Party,0509,2510,669,3179,5153,61.69%,1362,754,24,8,2148
Straight Party,0510,171,5,666,2382,3822,62.32%,658,942,31,10,1641
Office,Precinct,Early Ballots Cast,Election Ballots Cast,Total Ballots Cast,Registered Voters,Percent Turnout,REP Republican Party,DEM Democratic Party,LIB Libertarian Party,GRN Green Party,Totals
Straight Party,0511,2937,574,3511,4620,76.00%,1451,935,20,7,2413
Straight Party,0512,1670,871,2541,4559,55.74%,658,1142,23,14,1837
Straight Party,0513,1750,413,2173,3003,72.36%,1048,332,11,2,1393
Straight Party,0514,2296,613,2909,4378,66.45%,1290,539,26,6,1861
Straight Party,0515,1843,468,2311,3182,72.63%,1251,264,17,6,1538
Straight Party,0516,1319,363,1682,2799,60.09%,553,574,17,12,1156
Straight Party,0517,1615,509,2124,3744,56.73%,601,872,25,10,1508
Straight Party,0518,1889,676,2565,4049,63.35%,1021,727,14,5,1767
Straight Party,0519,1425,518,1943,3098,62.72%,912,367,17,13,1309
Straight Party,0520,1800,670,2470,5202,47.48%,244,1562,12,9,1827
Straight Party,0521,1353,578,1931,3070,62.90%,617,750,17,4,1388
Straight Party,0522,1515,464,1979,2815,70.30%,986,312,19,8,1325
Straight Party,0523,1986,537,2523,4027,62.65%,992,590,20,9,1611
Straight Party,0524,1401,637,2038,3598,56.64%,361,1103,17,10,1491
Straight Party,0525,1446,574,2020,3260,61.96%,274,1105,7,10,1396
Straight Party,0526,238,157,395,820,48.17%,49,225,4,2,280
Straight Party,0527,156,38,194,580,33.45%,47,91,2,0,140
Straight Party,0528,17,8,25,78,32.05%,1,17,0,0,18
Straight Party,0529,2110,434,2544,3842,66.22%,1481,227,23,11,1742
Straight Party,0530,377,212,589,1236,47.65%,67,343,6,5,421
Straight Party,0531,1235,166,1401,2250,62.27%,683,215,9,2,909
Straight Party,0532,481,140,621,1058,58.70%,303,146,3,0,452
Straight Party,0533,353,169,522,1164,44.85%,183,180,8,3,374
Straight Party,0534,1901,577,2478,3918,63.25%,1265,468,14,6,1753
Straight Party,0535,132,62,194,413,46.97%,29,103,1,2,135
Straight Party,0536,2110,1053,3163,5637,56.11%,642,1451,26,21,2140
Straight Party,0537,1961,464,2425,3174,76.40%,1255,468,5,3,1731
Straight Party,0538,372,203,575,1332,43.17%,7,446,1,2,456
Straight Party,0539,811,234,1045,1535,68.08%,394,301,6,2,703
Straight Party,0540,1017,349,1366,1759,77.66%,246,502,8,4,760
Straight Party,0541,2174,761,2935,5001,58.69%,245,1676,12,7,1940
Straight Party,0542,1157,406,1563,2654,58.89%,67,1161,10,6,1244
Straight Party,0543,554,321,875,1658,52.77%,125,450,5,8,588
Straight Party,0544,84,54,138,313,44.09%,8,96,0,1,105
Office,Precinct,Early Ballots Cast,Election Ballots Cast,Total Ballots Cast,Registered Voters,Percent Turnout,REP Republican Party,DEM Democratic Party,LIB Libertarian Party,GRN Green Party,Totals
Straight Party,0545,2023,468,2491,3949,63.08%,718,972,13,8,1711
Straight Party,0546,1525,278,1803,2471,72.97%,1063,150,5,4,1222
Straight Party,0547,1416,270,1686,2534,66.54%,747,348,15,6,1116
Straight Party,0548,883,395,1278,2339,54.64%,370,502,6,4,882
Straight Party,0549,1106,447,1553,2786,55.74%,133,1002,4,3,1142
Straight Party,0550,1179,553,1732,3245,53.37%,494,703,12,5,1214
Straight Party,0551,2595,793,3388,4428,76.51%,1614,448,18,6,2086
Straight Party,0552,2095,784,2879,3762,76.53%,1606,284,11,4,1905
Straight Party,0553,964,317,1281,2193,58.41%,329,591,11,11,942
Straight Party,0554,597,271,868,1774,48.93%,116,529,7,1,653
Straight Party,0555,642,390,1032,2286,45.14%,122,657,8,4,791
Straight Party,0556,760,435,1195,2491,47.97%,167,790,4,2,963
Straight Party,0557,925,460,1385,2955,46.87%,262,731,10,6,1009
Straight Party,0558,1821,721,2542,4718,53.88%,488,1276,18,9,1791
Straight Party,0559,1923,701,2624,4984,52.65%,356,1420,23,15,1814
Straight Party,0560,290,247,537,1141,47.06%,53,299,4,8,364
Straight Party,0561,1027,624,1651,3138,52.61%,686,473,15,11,1185
Straight Party,0562,222,116,338,691,48.91%,22,206,0,5,233
Straight Party,0563,2083,337,2420,3468,69.78%,1280,308,14,4,1606
Straight Party,0554,1579,526,2105,3240,64.97%,281,898,17,6,1202
Straight Party,0565,339,148,487,1414,34.44%,55,324,3,1,383
Straight Party,0566,1192,441,1633,3029,53.91%,260,858,11,8,1137
Straight Party,0567,967,390,1357,2851,47.60%,224,754,12,4,994
Straight Party,0568,1841,697,2538,3638,69.76%,1032,508,23,8,1571
Straight Party,0569,2050,747,2797,4125,67.81%,849,870,30,11,1760
Straight Party,0570,771,278,1049,1598,65.64%,202,379,11,5,597
Straight Party,0571,521,314,835,1950,42.82%,157,429,7,5,598
Straight Party,0572,1542,444,1986,3308,60.04%,530,741,14,10,1295
Straight Party,0573,490,215,705,1625,43.38%,10,563,2,1,576
Straight Party,0574,112,74,186,391,47.57%,14,121,0,2,137
Straight Party,0575,1909,535,2444,3557,68.71%,931,734,24,6,1695
Straight Party,0576,1112,375,1487,2830,52.54%,44,1046,4,5,1099
Straight Party,0577,887,205,1092,1586,68.85%,430,250,7,8,695
Straight Party,0578,1029,405,1434,1862,77.01%,505,227,12,3,747
Office,Precinct,Early Ballots Cast,Election Ballots Cast,Total Ballots Cast,Registered Voters,Percent Turnout,REP Republican Party,DEM Democratic Party,LIB Libertarian Party,GRN Green Party,Totals
Straight Party,0579,287,181,468,1139,41.09%,48,299,1,2,350
Straight Party,0580,388,108,474,985,48.12%,11,362,4,1,378
Straight Party,0581,457,137,594,1033,57.50%,6,433,0,2,441
Straight Party,0582,543,232,775,1607,48.23%,27,587,1,3,618
Straight Party,0583,434,155,589,1286,45.80%,8,488,0,2,478
Straight Party,0584,387,120,487,1062,45.88%,21,382,2,0,385
Straight Party,0585,830,280,1110,2346,47.31%,37,854,2,2,895
Straight Party,0588,1794,790,2584,4521,57.16%,1006,899,27,8,1740
Straight Party,0587,1210,431,1841,2870,57.18%,351,801,14,5,1171
Straight Party,0588,1948,606,2552,3780,67.51%,1101,499,12,5,1617
Straight Party,0589,1544,545,2089,3780,55.26%,675,758,16,9,1458
Straight Party,0590,1231,400,1631,2176,74.95%,819,180,9,2,1010
Straight Party,0591,852,462,1114,2274,48.99%,160,619,4,7,790
Straight Party,0592,449,272,721,1446,49.86%,90,423,6,4,523
Straight Party,0593,1582,755,2317,4179,55.44%,591,954,19,12,1576
Straight Party,0594,1252,316,1568,2578,60.82%,281,790,3,7,1081
Straight Party,0595,802,299,901,1833,49.15%,85,550,2,10,647
Straight Party,0596,1381,501,1882,3574,52.66%,524,675,23,16,1238
Straight Party,0597,1207,609,1816,3587,50.63%,423,868,20,8,1319
Straight Party,0598,2391,731,3122,5253,59.43%,683,1494,31,12,2220
Straight Party,0599,1380,493,1873,3005,62.33%,438,865,12,4,1319
Straight Party,0600,1804,776,2380,4204,56.61%,546,1171,16,11,1744
Straight Party,0601,2229,670,2899,4151,69.84%,1382,479,16,6,1883
Straight Party,0602,758,234,990,1441,68.70%,466,202,13,2,683
Straight Party,0603,2349,725,3074,4666,65.88%,1145,868,44,12,2069
Straight Party,0604,1820,375,2195,3189,68.83%,1255,180,10,4,1449
Straight Party,0605,1714,599,2313,4217,54.85%,301,1238,14,9,1562
Straight Party,0606,319,111,430,970,44.33%,6,336,0,0,342
Straight Party,0607,183,51,214,712,30.06%,15,159,0,1,175
Straight Party,0608,158,77,233,570,40.88%,39,114,2,2,157
Straight Party,0609,2042,729,2771,4305,64.37%,1065,740,23,12,1840
Straight Party,0610,870,343,1013,2086,48.56%,249,413,8,5,675
Straight Party,0611,980,229,1209,2527,47.84%,24,934,3,4,965
Straight Party,0612,1934,431,2365,3388,69.81%,1202,289,18,9,1518
Office,Precinct,Early Ballots Cast,Election Ballots Cast,Total Ballots Cast,Registered Voters,Percent Turnout,REP Republican Party,DEM Democratic Party,LIB Libertarian Party,GRN Green Party,Totals
Straight Party,0613,939,339,1278,2368,53.97%,125,784,4,7,920
Straight Party,0614,1953,645,2598,4566,56.90%,500,1272,13,9,1794
Straight Party,0615,1075,301,1377,2086,66.01%,468,420,6,6,900
Straight Party,0616,1814,611,2425,3516,68.97%,1107,527,27,12,1673
Straight Party,0617,1708,650,2358,4179,56.42%,509,1194,23,13,1739
Straight Party,0618,1701,545,2246,3801,59.09%,617,980,21,10,1628
Straight Party,0619,2799,663,3462,4916,70.42%,1731,562,31,7,2331
Straight Party,0620,1760,333,2093,3318,63.08%,687,656,8,2,1353
Straight Party,0621,539,200,739,1272,58.10%,186,279,6,3,474
Straight Party,0622,2141,591,2732,4562,59.89%,966,855,16,11,1848
Straight Party,0623,1965,461,2426,3919,61.90%,1051,572,11,10,1644
Straight Party,0624,299,59,358,456,78.51%,175,53,2,0,230
Straight Party,0625,932,372,1304,1864,69.96%,457,376,14,5,852
Straight Party,0626,2310,784,3094,4816,64.24%,1030,930,18,13,1991
Straight Party,0627,938,649,1587,3235,49.06%,282,917,7,10,1216
Straight Party,0628,721,545,1266,2420,52.31%,274,586,9,8,877
Straight Party,0629,162,96,258,750,34.40%,19,181,4,0,204
Straight Party,0630,2682,541,3223,4738,68.02%,196,2003,12,9,2220
Straight Party,0631,1849,398,2247,3263,68.86%,959,458,14,8,1439
Straight Party,0632,4,1,5,241,2.07%,0,5,0,0,5
Straight Party,0633,2287,601,2888,3912,73.82%,1232,517,17,6,1772
Straight Party,0634,1439,499,1938,3259,59.47%,724,546,15,7,1292
Straight Party,0635,1652,520,2172,3512,61.85%,1058,315,24,7,1404
Straight Party,0636,2304,922,3226,4569,70.61%,2010,208,18,0,2236
Straight Party,0637,1100,423,1523,2591,58.78%,177,768,8,7,960
Straight Party,0638,855,348,1203,2310,52.08%,70,862,3,8,943
Straight Party,0639,1389,284,1673,2560,65.35%,888,226,12,3,1129
Straight Party,0640,1620,615,2235,3927,56.91%,850,652,19,10,1531
Straight Party,0641,1640,683,2323,3840,60.49%,960,653,22,10,1645
Straight Party,0642,1031,270,1301,1783,72.97%,726,168,8,1,903
Straight Party,0643,1952,593,2545,4189,60.75%,793,961,14,8,1776
Straight Party,0644,2097,689,2786,4446,62.66%,1060,806,16,16,1898
Straight Party,0645,2161,769,2930,4517,64.87%,747,1155,23,17,1942
Straight Party,0646,926,399,1325,2422,54.71%,244,751,10,4,1009
Office,Precinct,Early Ballots Cast,Election Ballots Cast,Total Ballots Cast,Registered Voters,Percent Turnout,REP Republican Party,DEM Democratic Party,LIB Libertarian Party,GRN Green Party,Totals
Straight Party,0647,1375,526,1901,4349,43.71%,320,1177,5,5,1507
Straight Party,0648,1866,500,2366,3487,67.85%,1100,444,17,3,1564
Straight Party,0649,1557,775,2332,4755,49.04%,400,1338,12,12,1762
Straight Party,0650,2042,819,2861,4039,70.83%,1305,603,22,5,1935
Straight Party,0651,1735,551,2286,3873,59.02%,822,716,19,7,1564
Straight Party,0652,1167,545,1712,2979,57.47%,177,1066,3,3,1249
Straight Party,0653,187,110,297,604,49.17%,49,171,3,2,225
Straight Party,0654,2390,698,3088,5063,60.99%,1007,1017,21,6,2051
Straight Party,0655,1954,751,2725,4495,60.62%,950,802,32,11,1795
Straight Party,0656,1107,401,1508,2737,55.10%,39,1164,1,4,1208
Straight Party,0657,684,276,960,1487,64.56%,230,426,3,9,668
Straight Party,0658,1300,494,1794,2901,61.84%,705,442,18,6,1171
Straight Party,0659,2812,733,3545,5161,68.69%,1693,665,23,8,2389
Straight Party,0660,1576,345,1921,3087,62.23%,112,1208,3,4,1327
Straight Party,0661,1953,774,2727,4363,62.50%,887,884,25,11,1807
Straight Party,0662,2269,571,2840,4002,70.96%,1610,303,14,4,1931
Straight Party,0663,1343,448,1791,2340,76.54%,508,421,12,4,945
Straight Party,0664,910,513,1423,2992,47.56%,164,853,14,5,1036
Straight Party,0665,1329,360,1689,2354,71.75%,973,187,17,5,1182
Straight Party,0666,0,0,0,0,0.00%,0,0,0,0,0
Straight Party,0667,1115,400,1516,2175,69.70%,762,216,5,6,989
Straight Party,0668,1558,719,2277,3669,62.06%,907,552,26,8,1493
Straight Party,0669,1901,702,2603,3585,72.61%,1163,464,17,12,1656
Straight Party,0670,2000,416,2416,3335,72.44%,1322,232,18,1,1573
Straight Party,0671,1405,588,1993,3198,62.32%,669,592,20,6,1287
Straight Party,0672,1730,489,2219,3433,64.64%,1075,462,21,6,1564
Straight Party,0673,1527,467,2094,3051,68.63%,1154,243,12,3,1412
Straight Party,0674,2365,610,2975,4228,70.36%,1487,483,18,8,1996
Straight Party,0675,1,0,1,0,0.00%,1,0,0,0,1
Straight Party,0676,1088,465,1553,2976,52.18%,377,708,19,10,1114
Straight Party,0677,423,259,682,1300,52.46%,96,372,4,4,476
Straight Party,0678,1170,294,1464,2660,55.04%,99,915,6,3,1023
Straight Party,0679,1721,529,2250,3542,63.52%,1063,425,11,6,1505
Straight Party,0680,100,17,117,179,65.36%,20,31,1,0,52
Office,Precinct,Early Ballots Cast,Election Ballots Cast,Total Ballots Cast,Registered Voters,Percent Turnout,REP Republican Party,DEM Democratic Party,LIB Libertarian Party,GRN Green Party,Totals
Straight Party,0681,e,0,6,4,150.00%,3,2,0,0,5
Straight Party,0682,2114,690,2804,4313,65.01%,1424,503,19,4,1950
Straight Party,0683,82,5,87,302,28.81%,15,48,1,0,64
Straight Party,0684,1585,640,2326,3559,65.36%,944,583,24,12,1563
Straight Party,0685,139,28,167,285,58.60%,52,50,2,0,104
Straight Party,0686,53,5,58,221,26.24%,7,32,0,0,39
Straight Party,0687,1518,400,1918,2713,70.70%,839,367,7,8,1221
Straight Party,0688,2345,594,2939,3922,74.94%,1575,348,10,3,1936
Straight Party,0689,731,604,1335,2449,54.51%,368,526,9,12,915
Straight Party,0690,1975,553,2528,3614,69.95%,1323,322,23,5,1673
Straight Party,0691,2134,551,2685,3690,72.76%,1440,395,16,3,1854
Straight Party,0692,1282,678,1960,3118,62.86%,970,328,22,13,1333
Straight Party,0693,311,110,421,681,61.82%,75,206,7,2,290
Straight Party,0694,1008,319,1327,2478,53.55%,343,569,6,4,922
Straight Party,0695,631,315,946,1842,51.36%,414,259,10,4,687
Straight Party,0696,729,312,1041,2027,51.36%,433,303,9,6,751
Straight Party,0697,1299,552,1851,3238,57.16%,288,1038,16,6,1348
Straight Party,0698,1276,520,1796,3339,53.79%,132,1184,5,7,1328
Straight Party,0699,1283,398,1681,2387,70.42%,686,339,18,3,1046
Straight Party,0700,728,247,975,1536,63.48%,587,77,4,0,668
Straight Party,0701,210,73,283,614,46.09%,90,118,4,1,213
Straight Party,0702,183,69,252,550,45.82%,21,170,5,1,197
Straight Party,0703,902,528,1430,1943,73.60%,684,216,8,2,910
Straight Party,0704,1700,512,2212,3121,70.87%,1300,249,12,4,1555
Straight Party,0705,331,206,537,1513,35.49%,28,407,1,3,439
Straight Party,0706,1255,372,1527,2821,57.67%,400,725,12,12,1149
Straight Party,0707,378,69,447,757,59.05%,181,102,4,2,289
Straight Party,0708,163,98,261,592,44.09%,56,135,1,0,192
Straight Party,0709,2261,528,2789,4136,67.43%,1005,901,21,6,1933
Straight Party,0710,1143,450,1593,2096,76.00%,468,332,14,3,817
Straight Party,0711,1987,599,2586,3820,67.70%,871,805,13,7,1696
Straight Party,0712,1722,627,2349,4002,58.70%,579,1147,19,11,1756
Straight Party,0713,770,365,1135,2006,56.58%,380,431,7,5,823
Straight Party,0714,102,28,130,306,42.48%,33,55,1,0,89
Office,Precinct,Early Ballots Cast,Election Ballots Cast,Total Ballots Cast,Registered Voters,Percent Turnout,REP Republican Party,DEM Democratic Party,LIB Libertarian Party,GRN Green Party,Totals
Straight Party,0715,553,239,792,1549,51.13%,253,304,2,5,564
Straight Party,0716,1219,419,1638,2720,60.22%,831,295,15,5,1146
Straight Party,0717,979,232,1211,2082,58.17%,96,763,4,3,866
Straight Party,0718,2251,872,3123,4412,70.78%,1334,675,18,6,2033
Straight Party,0719,624,223,847,1644,51.52%,285,308,6,3,602
Straight Party,0720,2506,709,3215,4709,68.27%,1410,648,38,6,2102
Straight Party,0721,1475,803,2079,2926,71.05%,864,387,10,7,1268
Straight Party,0722,1931,609,2540,4638,54.76%,89,1819,15,12,1935
Straight Party,0723,899,261,1160,1959,59.21%,144,669,5,3,821
Straight Party,0724,395,146,541,800,67.63%,229,108,1,1,339
Straight Party,0725,977,294,1271,2336,54.41%,303,509,8,10,830
Straight Party,0726,1274,321,1595,2207,72.27%,1002,105,8,1,1116
Straight Party,0727,984,415,1399,2708,51.66%,231,753,12,8,1004
Straight Party,0728,399,198,597,942,63.38%,208,141,6,1,356
Straight Party,0729,235,49,284,471,60.30%,105,73,1,0,179
Straight Party,0730,1372,406,1778,2435,73.02%,713,341,11,6,1071
Straight Party,0731,2090,624,2714,4834,56.14%,735,1126,22,18,1901
Straight Party,0732,798,449,1247,1943,64.18%,466,299,11,10,786
Straight Party,0733,55,25,80,303,26.40%,18,39,0,1,58
Straight Party,0734,2309,556,2865,4294,66.72%,1285,685,17,8,1995
Straight Party,0735,158,61,219,251,87.25%,80,71,0,0,151
Straight Party,0736,14,3,17,42,40.48%,0,10,0,0,10
Straight Party,0737,21,6,27,56,48.21%,14,4,1,0,19
Straight Party,0738,436,214,650,1497,43.42%,76,416,4,2,498
Straight Party,0739,981,440,1421,2971,47.83%,403,568,15,4,990
Straight Party,0740,281,169,450,1005,44.78%,155,162,5,1,323
Straight Party,0741,925,262,1187,1895,62.64%,178,616,4,9,807
Straight Party,0742,1542,498,2040,2859,71.35%,866,522,10,1,1399
Straight Party,0743,54,60,114,234,48.72%,27,55,0,0,82
Straight Party,0744,1011,444,1455,2103,69.19%,544,343,5,6,898
Straight Party,0745,1219,446,1665,2543,65.47%,651,342,15,7,1015
Straight Party,0746,248,121,367,732,50.14%,114,116,3,1,234
Straight Party,0747,1748,693,2441,4096,59.59%,687,899,14,12,1612
Straight Party,0748,569,245,814,1556,52.31%,251,264,9,4,528
Office,Precinct,Early Ballots Cast,Election Ballots Cast,Total Ballots Cast,Registered Voters,Percent Turnout,REP Republican Party,DEM Democratic Party,LIB Libertarian Party,GRN Green Party,Totals
Straight Party,0749,115,1,116,432,26.85%,10,78,0,0,88
Straight Party,0750,295,122,417,809,51.55%,165,125,8,1,299
Straight Party,0751,2951,1013,3964,5893,67.27%,1622,998,37,14,2671
Straight Party,0752,660,227,887,1484,59.77%,414,199,4,0,617
Straight Party,0753,260,53,313,512,61.13%,74,127,0,2,203
Straight Party,0754,388,262,650,1590,40.88%,17,515,2,1,535
Straight Party,0755,1786,955,2741,5015,54.66%,601,1207,24,18,1850
Straight Party,0756,688,309,997,1723,57.86%,208,483,3,3,697
Straight Party,0757,1867,601,2468,4792,51.50%,230,1447,18,9,1704
Straight Party,0758,2109,595,2704,3803,71.10%,1451,357,15,5,1828
Straight Party,0759,1392,375,1767,2779,63.58%,689,477,16,5,1187
Straight Party,0760,1222,268,1490,2162,68.92%,820,124,10,2,956
Straight Party,0761,1096,167,1263,1598,79.04%,570,189,3,2,764
Straight Party,0762,930,303,1233,1828,67.45%,371,443,4,3,821
Straight Party,0763,370,264,634,1249,50.76%,115,314,7,4,440
Straight Party,0764,2475,677,3152,4827,65.30%,1256,776,17,16,2065
Straight Party,0765,2069,874,2943,5742,51.25%,527,1618,14,16,2175
Straight Party,0766,126,59,185,428,43.22%,11,100,0,1,112
Straight Party,0767,31,15,46,92,50.00%,14,19,0,0,33
Straight Party,0768,1486,387,1873,2643,70.87%,983,225,16,4,1228
Straight Party,0769,85,14,99,184,53.80%,4,82,0,0,86
Straight Party,0770,103,42,145,388,37.37%,33,73,1,0,107
Straight Party,0771,572,210,782,1588,49.24%,213,275,5,7,500
Straight Party,0772,2820,477,3297,4606,71.58%,1640,477,24,5,2146
Straight Party,0773,1697,638,2335,4414,52.90%,390,1332,14,8,1744
Straight Party,0774,154,55,220,426,51.64%,35,112,2,1,150
Straight Party,0775,50,1,51,102,50.00%,1,47,0,0,48
Straight Party,0776,1437,538,1975,3276,60.29%,747,525,16,7,1295
Straight Party,0777,202,105,307,767,40.03%,56,182,2,0,240
Straight Party,0778,0,3,3,0,0.00%,0,3,0,0,3
Straight Party,0779,263,160,423,1019,41.51%,65,234,8,4,311
Straight Party,0780,170,130,300,666,45.05%,71,148,0,2,221
Straight Party,0781,1241,612,1853,3782,49.00%,417,947,14,6,1384
Straight Party,0782,1049,368,1417,2355,60.17%,559,344,12,6,921
Office,Precinct,Early Ballots Cast,Election Ballots Cast,Total Ballots Cast,Registered Voters,Percent Turnout,REP Republican Party,DEM Democratic Party,LIB Libertarian Party,GRN Green Party,Totals
Straight Party,0783,197,90,287,520,55.19%,11,187,0,0,198
Straight Party,0784,408,119,527,1062,49.62%,12,410,0,5,427
Straight Party,0785,1235,357,1593,1896,84.02%,541,487,21,4,1053
Straight Party,0786,397,177,574,1258,45.63%,119,292,3,3,417
Straight Party,0787,180,83,263,542,48.52%,48,138,3,0,189
Straight Party,0788,2,0,2,13,15.38%,1,0,0,0,1
Straight Party,0789,1380,420,1800,2998,60.04%,726,491,10,4,1231
Straight Party,0790,1143,329,1472,2523,58.34%,326,724,15,6,1071
Straight Party,0791,9,3,12,29,41.38%,1,6,1,1,9
Straight Party,0792,648,415,1063,1954,54.40%,146,620,5,4,775
Straight Party,0793,985,416,1401,2620,53.47%,515,495,13,3,1026
Straight Party,0794,626,411,1037,3208,32.33%,63,727,7,6,803
Straight Party,0795,396,2,398,1281,31.07%,81,208,2,1,292
Straight Party,0796,1373,455,1838,3041,60.44%,497,772,11,7,1287
Straight Party,0797,0,0,0,0,0.00%,0,0,0,0,0
Straight Party,0798,223,142,365,521,70.06%,81,137,2,1,221
Straight Party,0799,58,26,84,171,49.12%,9,52,1,0,62
Straight Party,0800,1938,730,2668,4216,63.28%,1099,652,25,12,1788
Straight Party,0801,90,44,134,261,51.34%,29,67,1,1,98
Straight Party,0802,54,21,75,224,33.48%,10,32,2,0,44
Straight Party,0803,2672,547,3219,4514,71.31%,1527,624,19,8,2178
Straight Party,0804,2704,682,3386,5303,63.85%,1251,1135,23,10,2419
Straight Party,0805,1601,454,2055,2874,71.50%,1072,245,8,2,1327
Straight Party,0806,1004,324,1328,1889,70.30%,535,322,11,6,874
Straight Party,0807,801,349,1150,2163,53.17%,115,700,5,9,829
Straight Party,0808,143,57,200,232,86.21%,33,57,1,0,91
Straight Party,0809,19,7,26,98,26.53%,7,9,0,0,16
Straight Party,0810,47,31,78,197,39.59%,4,45,2,0,51
Straight Party,0811,82,68,150,277,54.15%,16,79,1,2,98
Straight Party,0812,0,0,0,0,0.00%,0,0,0,0,0
Straight Party,0813,1747,434,2181,3488,62.53%,620,833,5,9,1467
Straight Party,0814,1976,827,2803,5483,51.12%,380,1728,16,15,2139
Straight Party,0815,0,0,0,0,0.00%,0,0,0,0,0
Straight Party,0816,23,10,33,64,51.56%,4,23,1,1,29
Office,Precinct,Early Ballots Cast,Election Ballots Cast,Total Ballots Cast,Registered Voters,Percent Turnout,REP Republican Party,DEM Democratic Party,LIB Libertarian Party,GRN Green Party,Totals
Straight Party,0817,2792,550,3342,4700,71.11%,1587,612,16,7,2222
Straight Party,0818,209,104,313,737,42.47%,45,185,1,2,233
Straight Party,0819,113,31,144,228,63.16%,38,34,0,0,72
Straight Party,0820,0,0,0,0,0.00%,0,0,0,0,0
Straight Party,0821,362,188,550,1295,42.47%,39,357,7,5,408
Straight Party,0822,571,185,756,1574,48.03%,18,567,3,1,589
Straight Party,0823,1339,410,1749,3017,57.97%,616,537,19,11,1183
Straight Party,0824,1059,410,1469,2762,53.19%,202,816,6,10,1034
Straight Party,0825,9,7,15,21,76.19%,3,7,1,0,11
Straight Party,0826,177,70,247,355,69.58%,69,51,1,2,123
Straight Party,0827,218,234,452,1042,43.38%,91,246,8,4,349
Straight Party,0828,1176,281,1457,1965,74.15%,773,173,9,3,958
Straight Party,0829,102,19,121,235,51.49%,22,59,2,0,83
Straight Party,0830,2,2,4,2,200.00%,3,0,0,0,3
Straight Party,0831,8,5,13,36,36.11%,4,6,0,0,10
Straight Party,0832,125,50,175,364,48.08%,35,100,1,1,137
Straight Party,0833,3,2,5,20,25.00%,1,3,0,0,4
Straight Party,0834,142,61,203,388,52.32%,15,157,2,0,174
Straight Party,0835,87,71,158,311,50.80%,28,86,0,1,115
Straight Party,0836,128,0,128,248,51.61%,7,87,1,0,95
Straight Party,0837,0,0,0,0,0.00%,0,0,0,0,0
Straight Party,0838,0,0,0,0,0.00%,0,0,0,0,0
Straight Party,0839,419,174,593,1190,49.83%,78,332,9,3,422
Straight Party,0840,832,228,1060,1780,59.55%,236,500,4,5,745
Straight Party,0841,1476,475,1951,3431,56.86%,289,1083,12,5,1389
Straight Party,0842,1341,513,1854,3390,54.69%,466,770,14,11,1261
Straight Party,0843,595,298,893,1387,64.38%,105,525,3,4,637
Straight Party,0844,4,0,4,10,40.00%,0,4,0,0,4
Straight Party,0845,152,13,165,218,75.69%,75,43,0,0,118
Straight Party,0846,51,22,83,229,36.24%,1,57,0,0,58
Straight Party,0847,993,330,1323,2310,57.27%,222,682,6,9,919
Straight Party,0848,1015,201,1216,1875,64.85%,230,530,7,4,771
Straight Party,0849,731,455,1186,2272,52.20%,188,576,14,8,785
Straight Party,0850,129,19,148,208,71.15%,35,58,1,0,94
Office,Precinct,Early Ballots Cast,Election Ballots Cast,Total Ballots Cast,Registered Voters,Percent Turnout,REP Republican Party,DEM Democratic Party,LIB Libertarian Party,GRN Green Party,Totals
Straight Party,0851,1888,441,2329,3597,64.75%,1040,486,20,8,1554
Straight Party,0852,0,0,0,1,0.00%,0,0,0,0,0
Straight Party,0853,1641,487,2128,2986,71.27%,1006,287,14,7,1314
Straight Party,0854,40,19,59,175,33.71%,3,42,0,1,46
Straight Party,0855,7,2,9,21,42.86%,4,3,0,1,8
Straight Party,0856,0,3,3,0,0.00%,0,0,0,0,0
Straight Party,0857,0,0,0,1,0.00%,0,0,0,0,0
Straight Party,0858,122,35,157,334,47.01%,2,118,0,0,120
Straight Party,0859,391,143,534,945,56.51%,62,298,2,2,364
Straight Party,0860,1,1,2,0,0.00%,0,1,0,0,1
Straight Party,0861,778,272,1050,1941,54.10%,119,644,3,5,771
Straight Party,0862,1995,508,2503,3739,66.94%,1025,686,12,14,1737
Straight Party,0863,192,64,256,581,44.06%,7,195,0,0,202
Straight Party,0864,693,574,1267,2708,46.79%,173,749,6,8,936
Straight Party,0865,9,2,11,21,52.38%,0,8,0,0,8
Straight Party,0866,0,0,0,0,0.00%,0,0,0,0,0
Straight Party,0867,0,0,0,0,0.00%,0,0,0,0,0
Straight Party,0868,737,495,1232,2446,50.37%,203,660,10,7,880
Straight Party,0869,166,55,221,480,46.04%,14,152,1,0,167
Straight Party,0870,0,2,2,0,0.00%,1,0,0,0,1
Straight Party,0871,2,1,3,3,100.00%,0,1,1,0,2
Straight Party,0872,16,6,22,68,32.35%,10,9,0,0,19
Straight Party,0873,296,111,407,778,52.31%,61,218,2,3,284
Straight Party,0874,1683,670,2353,3294,71.43%,1110,326,9,3,1448
Straight Party,0875,1954,501,2455,3592,68.35%,806,937,22,9,1774
Straight Party,0876,1950,577,2527,3485,72.51%,1152,443,13,3,1611
Straight Party,0877,1807,528,2335,3651,63.96%,584,1075,17,10,1686
Straight Party,0878,685,110,795,1039,76.52%,441,90,3,1,535
Straight Party,0879,1222,413,1635,2843,57.51%,463,688,22,6,1179
Straight Party,0880,1358,471,1829,2467,74.14%,920,268,9,2,1199
Straight Party,0881,2469,927,3396,5638,60.23%,597,1924,33,12,2566
Straight Party,0882,1958,595,2553,4317,59.14%,503,1286,20,17,1826
Straight Party,0883,2254,928,3182,5613,56.69%,317,1899,11,17,2244
Straight Party,0884,149,55,204,396,51.52%,25,142,1,5,173
Office,Precinct,Early Ballots Cast,Election Ballots Cast,Total Ballots Cast,Registered Voters,Percent Turnout,REP Republican Party,DEM Democratic Party,LIB Libertarian Party,GRN Green Party,Totals
Straight Party,0885,1575,323,1898,2811,67.52%,705,559,11,8,1283
Straight Party,0886,499,152,651,906,71.85%,175,133,7,2,317
Straight Party,0887,239,95,334,492,67.89%,87,64,4,1,156
Straight Party,0888,820,289,1109,1867,59.40%,236,550,7,5,798
Straight Party,0889,114,28,142,238,59.66%,18,49,1,0,68
Straight Party,0890,450,98,548,1214,45.14%,107,163,2,2,274
Straight Party,0891,758,194,952,1376,69.19%,187,358,0,2,547
Straight Party,0892,429,123,552,900,61.33%,89,181,8,4,282
Straight Party,0893,1,4,5,9,55.56%,2,3,0,0,5
Straight Party,0894,808,305,1113,2087,53.33%,101,702,10,6,819
Straight Party,0895,424,252,676,834,81.06%,124,166,3,0,293
Straight Party,0896,855,254,1109,1467,75.60%,185,363,3,5,556
Straight Party,0897,815,365,1180,1766,66.82%,415,357,11,4,787
Straight Party,0898,793,301,1094,1821,60.08%,306,471,15,6,798
Straight Party,0899,747,165,912,1264,72.15%,405,234,8,3,650
Straight Party,0900,7,0,7,12,58.33%,1,5,0,0,6
Straight Party,0901,0,0,0,0,0.00%,0,0,0,0,0
Straight Party,0902,1318,361,1679,2217,75.73%,425,365,20,8,818
Straight Party,0903,1320,354,1674,2558,65.44%,840,286,8,6,1140
Straight Party,0904,2,0,2,8,25.00%,0,1,0,0,1
Straight Party,0905,390,136,526,946,55.60%,128,229,8,2,367
Straight Party,0906,19,3,22,28,78.57%,5,4,0,0,9
Straight Party,0907,53,37,90,201,44.78%,5,67,1,1,74
Straight Party,0908,0,0,0,0,0.00%,0,0,0,0,0
Straight Party,0909,7,1,8,21,38.10%,1,4,0,0,5
Straight Party,0910,78,37,115,236,48.73%,20,54,2,0,76
Straight Party,0911,237,63,300,576,52.08%,133,66,4,1,204
Straight Party,0912,712,167,879,1341,65.55%,340,220,1,4,565
Straight Party,0913,102,12,114,241,47.30%,17,80,0,0,97
Straight Party,0914,42,0,42,124,33.87%,8,29,0,0,37
Straight Party,0915,0,0,0,0,0.00%,0,0,0,0,0
Straight Party,0916,1474,308,1782,2205,80.82%,945,226,21,2,1194
Straight Party,0917,34,9,43,147,29.25%,3,25,0,1,29
Straight Party,0918,3,1,4,7,57.14%,1,2,0,0,3
Office,Precinct,Early Ballots Cast,Election Ballots Cast,Total Ballots Cast,Registered Voters,Percent Turnout,REP Republican Party,DEM Democratic Party,LIB Libertarian Party,GRN Green Party,Totals
Straight Party,0919,1,0,1,1,100.00%,0,0,0,0,0
Straight Party,0920,41,13,54,79,68.35%,22,13,0,0,35
Straight Party,0921,27,6,33,61,54.10%,6,24,0,0,30
Straight Party,0922,0,0,0,0,0.00%,0,0,0,0,0
Straight Party,0923,2338,350,2686,3536,75.96%,1457,446,18,2,1923
Straight Party,0924,0,0,0,0,0.00%,0,0,0,0,0
Straight Party,0925,0,0,0,0,0.00%,0,0,0,0,0
Straight Party,0926,550,149,699,967,72.29%,331,133,6,0,470
Straight Party,0927,973,173,1146,1771,64.71%,316,275,4,2,597
Straight Party,0928,4,1,5,7,71.43%,0,5,0,0,5
Straight Party,0929,0,0,0,0,0.00%,0,0,0,0,0
Straight Party,0930,21,7,83,300,606,49.50%,9,223,0,0,232
Straight Party,0931,87,28,115,141,81.56%,19,32,1,0,52
Straight Party,0932,0,1,1,0,0.00%,0,1,0,0,1
Straight Party,0933,297,93,390,668,58.38%,67,187,2,1,257
Straight Party,0934,9,4,13,37,35.14%,4,3,0,0,7
Straight Party,0935,12,9,21,55,38.18%,5,9,0,0,14
Straight Party,0936,23,9,32,76,42.11%,4,19,0,0,23
Straight Party,0937,0,0,0,0,0.00%,0,0,0,0,0
Straight Party,0938,72,19,91,255,35.69%,17,55,1,0,73
Straight Party,0939,1,1,2,4,50.00%,1,1,0,0,2
Straight Party,0940,9,3,12,28,42.86%,0,8,0,0,8
Straight Party,0941,287,144,431,870,49.54%,120,142,3,3,268
Straight Party,0942,103,16,119,152,78.29%,54,23,1,0,78
Straight Party,0943,192,28,220,774,28.42%,38,139,0,4,181
Straight Party,0944,1,0,1,1,100.00%,0,1,0,0,1
Straight Party,0945,8,6,14,21,66.67%,1,7,0,1,9
Straight Party,0946,4,2,6,14,42.86%,1,4,0,0,5
Straight Party,0947,429,198,627,820,76.46%,182,149,2,1,334
Straight Party,0948,0,0,0,1,0.00%,0,0,0,0,0
Straight Party,0949,84,61,145,210,69.05%,44,40,1,0,85
Straight Party,0950,0,0,0,0,0.00%,0,0,0,0,0
Straight Party,0951,114,62,176,304,57.89%,30,102,2,4,138
Straight Party,0952,33,15,48,65,73.85%,13,5,1,0,19
Office,Precinct,Early Ballots Cast,Election Ballots Cast,Total Ballots Cast,Registered Voters,Percent Turnout,REP Republican Party,DEM Democratic Party,LIB Libertarian Party,GRN Green Party,Totals
Straight Party,0953,4,0,4,8,50.00%,0,2,0,0,2
Straight Party,0954,0,0,0,0,0.00%,0,0,0,0,0
Straight Party,0955,3551,572,4123,5108,80.72%,1808,717,17,4,2546
Straight Party,0956,0,0,0,0,0.00%,0,0,0,0,0
Straight Party,0957,284,39,323,585,55.21%,21,191,1,2,215
Straight Party,0958,431,231,662,1202,55.07%,70,384,3,4,461
Straight Party,0959,0,0,0,0,0.00%,0,0,0,0,0
Straight Party,0960,831,235,1066,1471,72.47%,138,593,6,2,739
Straight Party,0961,823,318,1141,2369,48.16%,115,706,9,8,838
Straight Party,0962,33,12,45,88,51.14%,4,21,0,0,25
Straight Party,0963,225,91,316,528,59.85%,94,136,1,5,236
Straight Party,0964,2152,325,2477,3179,77.92%,953,647,12,7,1619
Straight Party,0965,102,35,137,345,39.71%,62,24,2,2,90
Straight Party,0966,368,189,557,1332,41.82%,81,306,7,1,395
Straight Party,0967,82,24,106,186,56.99%,26,45,1,1,73
Straight Party,0968,455,127,582,906,64.24%,80,313,3,1,397
Straight Party,0969,299,71,370,624,59.29%,2,281,0,1,284
Straight Party,0970,224,102,326,810,40.25%,23,233,0,3,259
Straight Party,0971,0,0,0,0,0.00%,0,0,0,0,0
Straight Party,0972,0,0,0,0,0.00%,0,0,0,0,0
Straight Party,0973,505,138,644,999,64.46%,246,129,6,3,384
Straight Party,0974,0,1,1,0,0.00%,1,0,0,0,1
Straight Party,0975,104,26,130,190,68.42%,29,40,2,2,73
Straight Party,0976,190,152,342,712,48.03%,116,125,1,2,244
Straight Party,0977,160,108,268,617,43.44%,65,128,0,4,197
Straight Party,0978,0,0,0,0,0.00%,0,0,0,0,0
Straight Party,0979,0,0,0,0,0.00%,0,0,0,0,0
Straight Party,0980,687,333,1020,1412,72.24%,520,167,7,3,697
Straight Party,0981,12,2,14,31,45.16%,0,9,0,0,9
Straight Party,0982,1904,501,2405,2916,82.48%,1245,332,22,5,1604
Straight Party,0983,55,17,82,198,41.41%,21,25,0,0,46
Straight Party,0984,76,57,133,341,39.00%,8,102,1,0,111
Straight Party,0985,224,56,280,355,78.87%,84,95,2,2,183
Straight Party,0986,154,78,232,537,43.20%,14,168,2,1,185
Office,Precinct,Early Ballots Cast,Election Ballots Cast,Total Ballots Cast,Registered Voters,Percent Turnout,REP Republican Party,DEM Democratic Party,LIB Libertarian Party,GRN Green Party,Totals
Straight Party,0987,478,130,608,1183,51.39%,27,433,1,3,464
Straight Party,0988,52,15,77,117,65.81%,46,2,0,0,48
Straight Party,0989,0,0,0,0,0.00%,0,0,0,0,0
Straight Party,0990,5,6,11,66,16.67%,1,6,0,0,7
Straight Party,0991,0,1,1,2,50.00%,0,1,0,0,1
Straight Party,0992,456,106,562,1075,52.28%,180,223,9,2,414
Straight Party,0993,0,0,0,0,0.00%,0,0,0,0,0
Straight Party,0994,55,12,68,75,90.67%,12,30,0,1,43
Straight Party,0995,754,193,947,1576,60.09%,50,637,1,5,693
Straight Party,0996,404,70,474,708,66.95%,156,131,5,1,293
Straight Party,0997,525,283,808,1909,42.33%,88,478,5,4,575
Straight Party,0998,24,12,36,68,52.94%,12,9,1,0,22
Straight Party,0999,0,0,0,0,0.00%,0,0,0,0,0
Straight Party,1000,123,22,145,428,33.88%,16,89,1,2,108
Straight Party,1001,519,280,799,1654,48.31%,97,490,5,3,595
Straight Party,1002,481,270,751,1804,41.63%,66,498,5,7,576
Straight Party,1003,0,0,0,0,0.00%,0,0,0,0,0
Straight Party,1004,351,114,465,691,67.29%,138,122,3,0,263
Straight Party,1005,0,0,0,0,0.00%,0,0,0,0,0
Straight Party,1006,0,0,0,0,0.00%,0,0,0,0,0
Straight Party,1007,595,306,1002,1775,56.45%,129,533,7,5,674
Straight Party,1008,620,107,727,1011,71.91%,392,82,8,2,484
Straight Party,1009,0,0,0,0,0.00%,0,0,0,0,0
Straight Party,1010,293,96,389,647,60.12%,54,232,4,1,291
Straight Party,1011,9,6,15,31,48.39%,4,5,0,0,9
Straight Party,1012,545,362,907,1633,55.54%,160,514,7,5,686
Straight Party,Totals;,985571,353327,1338898,2182980,401663,472030,8791,4587,887071
